maximum_delay_steps_requested,maximum_delay_s,method,scenario,seed,headway_s,budget_attempts_per_sample,strategy,ablation,loss_probability,burst_persistence,maximum_delay_steps,gap_rmse_m,speed_rmse_mps,lateral_rmse_m,jerk_rms_mps3,minimum_safe_margin_m,minimum_friction_reserve_fraction,attempted_packets,delivered_packets,occupied_slots,attempts_per_vehicle_km,delivery_ratio,computation_p95_ms,computation_max_ms,combined_tracking_score,combined_tracking_score_definition,collision
0,0.0,CACC,service,5101,2.1,2,periodic,none,0.25,0.55,0,0.9294072961246355,1.2770326320942855,0.16587090783278266,0.3140684660020987,20.772369562382586,0.49670168858096064,1755,1292,1755,372.34322014675126,0.7361823361823362,0.7410000000001027,16.70190000000016,3.055516816010251,(gap/tau_g)^2+(speed/tau_v)^2+(lateral/tau_y)^2,False
0,0.0,CACC,service,5102,2.1,2,periodic,none,0.25,0.55,0,0.9105299082005119,1.2859003008604086,0.1660573405129825,0.37378170835310764,20.681750426149556,0.49689414071976845,1755,1341,1755,372.182974666577,0.764102564102564,0.2051000000005132,0.6415999999997979,3.006911477632678,(gap/tau_g)^2+(speed/tau_v)^2+(lateral/tau_y)^2,False
0,0.0,CACC,service,5103,2.1,2,periodic,none,0.25,0.55,0,0.915682004738487,1.2865494203004229,0.16661025323297252,0.31270347478603433,20.838349336374556,0.4955893860027041,1755,1355,1755,371.6798235657584,0.7720797720797721,0.21115000000015982,0.5927000000003346,3.029088625092078,(gap/tau_g)^2+(speed/tau_v)^2+(lateral/tau_y)^2,False
0,0.0,CACC,service,5104,2.1,2,periodic,none,0.25,0.55,0,0.9216640225494226,1.2813090614180298,0.16581803861754846,0.2924557336910711,20.791656111817296,0.49647076116871725,1755,1346,1755,372.41707759876806,0.766951566951567,0.24259999999998172,0.7281999999992905,3.035178820810287,(gap/tau_g)^2+(speed/tau_v)^2+(lateral/tau_y)^2,False
0,0.0,CACC,service,5105,2.1,2,periodic,none,0.25,0.55,0,0.9235530934542695,1.2829711827372539,0.16578091623388796,0.3019166322710626,20.825393725214617,0.4977272050640096,1755,1293,1755,372.4492238165432,0.7367521367521368,0.20160000000046807,0.40890000000004534,3.0432425226439985,(gap/tau_g)^2+(speed/tau_v)^2+(lateral/tau_y)^2,False
0,0.0,CACC,service,5106,2.1,2,periodic,none,0.25,0.55,0,0.9168500667008833,1.297668171315009,0.1667517206934459,0.3120994629731398,20.792406071711028,0.4930907540441235,1755,1282,1755,371.5360956135148,0.7304843304843305,0.2111000000004637,0.5114999999999981,3.048732807428163,(gap/tau_g)^2+(speed/tau_v)^2+(lateral/tau_y)^2,False
0,0.0,CACC,service,5107,2.1,2,periodic,none,0.25,0.55,0,0.9265279811402966,1.2768302762283608,0.1658001233632637,0.3132777024099486,20.571067455174955,0.4959349595390765,1755,1237,1755,372.4174922296535,0.7048433048433048,0.21305000000015895,1.1445000000005479,3.045166090680407,(gap/tau_g)^2+(speed/tau_v)^2+(lateral/tau_y)^2,False
0,0.0,CACC,service,5108,2.1,2,periodic,none,0.25,0.55,0,0.9276070971493713,1.284548523118802,0.16596269327892618,0.288585281950513,20.795205556971567,0.4961659726205807,1755,1301,1755,372.2760009140137,0.7413105413105413,0.21100000000018326,0.6333999999998952,3.0601578875906057,(gap/tau_g)^2+(speed/tau_v)^2+(lateral/tau_y)^2,False
0,0.0,CACC,service,5109,2.1,2,periodic,none,0.25,0.55,0,0.9250461314120806,1.2831731889868658,0.16562436761093108,0.33163192795320423,20.637239634034536,0.49817106931385036,1755,1292,1755,372.5886446829854,0.7361823361823362,0.2097499999997865,0.7324999999998028,3.0471166926739737,(gap/tau_g)^2+(speed/tau_v)^2+(lateral/tau_y)^2,False
0,0.0,CACC,service,5110,2.1,2,periodic,none,0.25,0.55,0,0.923929765708756,1.2857342923586121,0.1659508901324355,0.34318658042656874,20.547864377998316,0.49668996918805075,1755,1329,1755,372.28705654636286,0.7572649572649572,0.20705000000020846,0.637300000001062,3.04951054601673,(gap/tau_g)^2+(speed/tau_v)^2+(lateral/tau_y)^2,False
0,0.0,CACC,service,5111,2.1,2,periodic,none,0.25,0.55,0,0.9269087979029677,1.2864099204235264,0.16524510929614358,0.3052554753498119,20.4988606896963,0.49989299843379453,1755,1265,1755,372.9351160749606,0.7207977207977208,0.21624999999936279,0.4743999999998749,3.0543555374368965,(gap/tau_g)^2+(speed/tau_v)^2+(lateral/tau_y)^2,False
0,0.0,CACC,service,5112,2.1,2,periodic,none,0.25,0.55,0,0.9222258897431965,1.2634954970660603,0.16569276250601558,0.3126671261790253,20.760549267354612,0.49835128290543074,1755,1308,1755,372.5358516319532,0.7452991452991453,0.24660000000054083,0.7150000000013534,3.0128537850473815,(gap/tau_g)^2+(speed/tau_v)^2+(lateral/tau_y)^2,False
0,0.0,CACC,service,5113,2.1,2,periodic,none,0.25,0.55,0,0.9267493105921476,1.290250791997226,0.16620062941333508,0.3298329660714582,20.61372828302251,0.4953710997808981,1755,1305,1755,372.05587107916983,0.7435897435897436,0.21025000000030047,1.0288999999996662,3.0667968383658266,(gap/tau_g)^2+(speed/tau_v)^2+(lateral/tau_y)^2,False
0,0.0,CACC,service,5114,2.1,2,periodic,none,0.25,0.55,0,0.9178023248540722,1.2710982377952678,0.1650220433527796,0.2988481725643421,20.764905926710426,0.5023507222378749,1755,1289,1755,373.1689398610592,0.7344729344729345,0.20890000000051145,0.5679000000000656,3.0026697327657956,(gap/tau_g)^2+(speed/tau_v)^2+(lateral/tau_y)^2,False
0,0.0,CACC,service,5115,2.1,2,periodic,none,0.25,0.55,0,0.9225458975293305,1.2837593491866817,0.1656450227734833,0.32194661835601424,20.688354582983315,0.49902366881601157,1755,1316,1755,372.57533802240675,0.7498575498575498,1.4102999999998644,8.774800000000305,3.039843135159595,(gap/tau_g)^2+(speed/tau_v)^2+(lateral/tau_y)^2,False
0,0.0,CACC,service,5116,2.1,2,periodic,none,0.25,0.55,0,0.9098544028448677,1.2656580775681165,0.16529502288159326,0.3148699973120441,20.822261526609253,0.49966090397022356,1755,1291,1755,372.8725528185156,0.7356125356125356,0.20415000000006955,0.5585000000003504,2.9720588472673013,(gap/tau_g)^2+(speed/tau_v)^2+(lateral/tau_y)^2,False
0,0.0,CACC,service,5117,2.1,2,periodic,none,0.25,0.55,0,0.9202767269793551,1.2938416583685062,0.16547488665932555,0.29011800531156257,20.943125874387995,0.4973173906642643,1755,1351,1755,372.7021886037858,0.7698005698005698,0.20979999999948262,1.2182000000002802,3.044259923661006,(gap/tau_g)^2+(speed/tau_v)^2+(lateral/tau_y)^2,False
0,0.0,CACC,service,5118,2.1,2,periodic,none,0.25,0.55,0,0.9211142674803937,1.282814660844711,0.16596715998909783,0.30402588484673165,20.732362147588333,0.4969987294047674,1755,1319,1755,372.24190828162807,0.7515669515669515,0.20299999999906504,0.45759999999894774,3.0365843670531163,(gap/tau_g)^2+(speed/tau_v)^2+(lateral/tau_y)^2,False
0,0.0,CACC,service,5119,2.1,2,periodic,none,0.25,0.55,0,0.9266141305795349,1.2798492380772504,0.16640384448177686,0.30121028887015944,20.813186807827506,0.4940064505583016,1755,1309,1755,371.85167064441623,0.7458689458689459,0.20235000000035086,0.5825999999995446,3.0544018909623194,(gap/tau_g)^2+(speed/tau_v)^2+(lateral/tau_y)^2,False
0,0.0,CACC,service,5120,2.1,2,periodic,none,0.25,0.55,0,0.9177514634206513,1.2776037955520134,0.1661901145626486,0.335654557420297,20.609298913395612,0.49529263254945954,1755,1278,1755,372.057458810633,0.7282051282051282,0.2069000000002319,0.8696999999990851,3.020635301290472,(gap/tau_g)^2+(speed/tau_v)^2+(lateral/tau_y)^2,False
0,0.0,CACC,service,5121,2.1,2,periodic,none,0.25,0.55,0,0.9208158109200437,1.2776972847766541,0.1653617658380205,0.29718316999195665,20.75268337647907,0.4991653351364549,1755,1312,1755,372.84402833603957,0.7475783475783476,0.2349500000002891,1.1062000000006122,3.0239071871543555,(gap/tau_g)^2+(speed/tau_v)^2+(lateral/tau_y)^2,False
0,0.0,CACC,service,5122,2.1,2,periodic,none,0.25,0.55,0,0.9233624912100166,1.2773373620209192,0.16546954498597655,0.29934641366709164,20.931810215436577,0.49889520070811455,1755,1296,1755,372.7223343557137,0.7384615384615385,0.20895000000020758,0.6060999999988326,3.0326788048612867,(gap/tau_g)^2+(speed/tau_v)^2+(lateral/tau_y)^2,False
0,0.0,CACC,service,5123,2.1,2,periodic,none,0.25,0.55,0,0.9191320424732727,1.2824352515430475,0.16598794875591216,0.2970527988381142,20.699827226088637,0.4960196248133981,1755,1287,1755,372.27478826130994,0.7333333333333333,0.2111000000004637,0.476599999998939,3.0297753729917707,(gap/tau_g)^2+(speed/tau_v)^2+(lateral/tau_y)^2,False
0,0.0,CACC,service,5124,2.1,2,periodic,none,0.25,0.55,0,0.9221738685959638,1.288194229084497,0.16623455922528646,0.33016164705233464,20.600418282792447,0.49638281031912335,1755,1337,1755,372.0008610901027,0.7618233618233619,0.2051000000005132,0.46129999999955373,3.049333986861317,(gap/tau_g)^2+(speed/tau_v)^2+(lateral/tau_y)^2,False
0,0.0,CACC,service,5125,2.1,2,periodic,none,0.25,0.55,0,0.9227531477423321,1.2785883029513903,0.16604924422051098,0.2975593889920987,20.869795593550876,0.496667973606981,1755,1384,1755,372.1948780441318,0.7886039886039886,0.20470000000027966,0.33080000000040855,3.037114761097108,(gap/tau_g)^2+(speed/tau_v)^2+(lateral/tau_y)^2,False
0,0.0,CACC,service,5126,2.1,2,periodic,none,0.25,0.55,0,0.9264071726110917,1.282915092691561,0.16607757586680405,0.30062299043929175,20.53619452783102,0.49556007190986995,1755,1312,1755,372.153254114422,0.7475783475783476,0.23015000000015107,1.3363999999995713,3.0550168668077347,(gap/tau_g)^2+(speed/tau_v)^2+(lateral/tau_y)^2,False
0,0.0,CACC,service,5127,2.1,2,periodic,none,0.25,0.55,0,0.9207718053682966,1.2762189068717151,0.1656083130641891,0.3083106404512644,20.844281414586604,0.4989673075494202,1755,1312,1755,372.60140330134305,0.7475783475783476,0.20775000000039512,0.6518999999993724,3.023876756066424,(gap/tau_g)^2+(speed/tau_v)^2+(lateral/tau_y)^2,False
0,0.0,CACC,service,5128,2.1,2,periodic,none,0.25,0.55,0,0.9280828491028528,1.288426751646591,0.16614446584472597,0.3223312609067511,20.778803166639463,0.4955926507352836,1755,1307,1755,372.12440111349923,0.7447293447293447,0.2095500000001138,0.42600000000092564,3.0683277099782043,(gap/tau_g)^2+(speed/tau_v)^2+(lateral/tau_y)^2,False
0,0.0,CACC,service,5129,2.1,2,periodic,none,0.25,0.55,0,0.916107339799985,1.282872047303339,0.1660184551668712,0.3064672346594157,20.596237723901893,0.49666576075522306,1755,1319,1755,372.21741405051495,0.7515669515669515,1.4655000000001195,10.58170000000036,3.02073173309831,(gap/tau_g)^2+(speed/tau_v)^2+(lateral/tau_y)^2,False
0,0.0,CACC,service,5130,2.1,2,periodic,none,0.25,0.55,0,0.9228670457142569,1.287607916515332,0.1658204758212314,0.29214197544581155,20.738550682223305,0.4972213566117878,1755,1352,1755,372.3968025179688,0.7703703703703704,0.20345000000032698,0.9230000000002292,3.04739967319971,(gap/tau_g)^2+(speed/tau_v)^2+(lateral/tau_y)^2,False
0,0.0,Switching DMPC,service,5101,2.1,2,periodic,none,0.25,0.55,0,0.6838266776141435,1.3781932734973086,0.16614096512542403,1.6293177122928237,20.16358245822503,0.48803589387823365,1755,1292,1755,372.2926368533114,0.7361823361823362,0.2469999999998862,65.1357000000008,2.4904831932921696,(gap/tau_g)^2+(speed/tau_v)^2+(lateral/tau_y)^2,False
0,0.0,Switching DMPC,service,5102,2.1,2,periodic,none,0.25,0.55,0,0.6734146648980625,1.3853139467816689,0.166341651353623,1.7119215659692755,19.82608397211927,0.4873221073534655,1755,1341,1755,372.12961932933223,0.764102564102564,0.2703999999997819,1.160800000000961,2.4770682530693984,(gap/tau_g)^2+(speed/tau_v)^2+(lateral/tau_y)^2,False
0,0.0,Switching DMPC,service,5103,2.1,2,periodic,none,0.25,0.55,0,0.6745372229413895,1.383650860988179,0.16688442425200284,1.5899639075232799,20.217099273203402,0.4690020823469979,1755,1355,1755,371.6322027689818,0.7720797720797721,0.24805000000061028,0.6092999999989246,2.4819304540334333,(gap/tau_g)^2+(speed/tau_v)^2+(lateral/tau_y)^2,False
0,0.0,Switching DMPC,service,5104,2.1,2,periodic,none,0.25,0.55,0,0.6748827058306339,1.382644791255522,0.16609501319441483,1.618383866930053,20.01554930530881,0.49435830575856454,1755,1346,1755,372.36105313776744,0.766951566951567,0.24819999999969866,0.5475999999990933,2.4747678734421594,(gap/tau_g)^2+(speed/tau_v)^2+(lateral/tau_y)^2,False
0,0.0,Switching DMPC,service,5105,2.1,2,periodic,none,0.25,0.55,0,0.6786872189366162,1.384867921066332,0.16605616126655992,1.5765292814766294,20.266112510360855,0.4939807170053431,1755,1293,1755,372.40176739033507,0.7367521367521368,0.25044999999934703,1.0902000000001522,2.486739283554325,(gap/tau_g)^2+(speed/tau_v)^2+(lateral/tau_y)^2,False
0,0.0,Switching DMPC,service,5106,2.1,2,periodic,none,0.25,0.55,0,0.6681701311212793,1.3998334679552153,0.16701126157540386,1.6344026503312041,19.822164797806153,0.4848255920328055,1755,1282,1755,371.50502886411647,0.7304843304843305,0.25334999999948593,0.9543000000000745,2.4907723914382,(gap/tau_g)^2+(speed/tau_v)^2+(lateral/tau_y)^2,False
0,0.0,Switching DMPC,service,5107,2.1,2,periodic,none,0.25,0.55,0,0.6818246346973558,1.377459660919971,0.16605534802152533,1.6395769479768665,20.02942707006627,0.47793953626842556,1755,1237,1755,372.38727142905293,0.7048433048433048,0.2499000000000251,0.7309000000006449,2.4838801229718186,(gap/tau_g)^2+(speed/tau_v)^2+(lateral/tau_y)^2,False
0,0.0,Switching DMPC,service,5108,2.1,2,periodic,none,0.25,0.55,0,0.6794959219836493,1.3867202448139395,0.16621861403104748,1.5584139341284333,20.060295133921123,0.49218846164748686,1755,1301,1755,372.235901867575,0.7413105413105413,0.24190000000068324,0.6600999999992752,2.4926607354229526,(gap/tau_g)^2+(speed/tau_v)^2+(lateral/tau_y)^2,False
0,0.0,Switching DMPC,service,5109,2.1,2,periodic,none,0.25,0.55,0,0.6795595874023082,1.3844222247860973,0.16588167838177686,1.5782888113224787,20.13168989929357,0.491039272898366,1755,1292,1755,372.54851818275495,0.7361823361823362,0.24680000000021352,1.2249000000004173,2.4867680951888578,(gap/tau_g)^2+(speed/tau_v)^2+(lateral/tau_y)^2,False
0,0.0,Switching DMPC,service,5110,2.1,2,periodic,none,0.25,0.55,0,0.6780173402799696,1.3873154553249942,0.1662241498623633,1.6574045505519703,19.999941072483743,0.4944011703323036,1755,1329,1755,372.2346457599385,0.7572649572649572,0.249349999999815,0.6406000000005463,2.489980814648751,(gap/tau_g)^2+(speed/tau_v)^2+(lateral/tau_y)^2,False
0,0.0,Switching DMPC,service,5111,2.1,2,periodic,none,0.25,0.55,0,0.676373486783366,1.3904017202301484,0.16549907188696356,1.595804558249081,19.70578243520525,0.49989299843379453,1755,1265,1755,372.90871359370254,0.7207977207977208,0.269349999999946,1.0748000000013747,2.4843834671992644,(gap/tau_g)^2+(speed/tau_v)^2+(lateral/tau_y)^2,False
0,0.0,Switching DMPC,service,5112,2.1,2,periodic,none,0.25,0.55,0,0.6789130506306599,1.3644732866290146,0.16596013898140244,1.600417417438509,20.154177140769278,0.49399060773880865,1755,1308,1755,372.4876639043828,0.7452991452991453,0.2713500000002256,3.4620000000007423,2.4578792411166384,(gap/tau_g)^2+(speed/tau_v)^2+(lateral/tau_y)^2,False
0,0.0,Switching DMPC,service,5113,2.1,2,periodic,none,0.25,0.55,0,0.6779909088731569,1.3918299407161028,0.1664636556328434,1.6630630723374735,20.13672848479223,0.4953710997808981,1755,1305,1755,372.01984995938864,0.7435897435897436,0.4707000000001571,48.429600000000406,2.498310343429485,(gap/tau_g)^2+(speed/tau_v)^2+(lateral/tau_y)^2,False
0,0.0,Switching DMPC,service,5114,2.1,2,periodic,none,0.25,0.55,0,0.6723885589220284,1.3703761810368467,0.165297558550255,1.6362256331306813,20.0552662173449,0.49792534081148,1755,1289,1755,373.1237512912121,0.7344729344729345,0.27180000000015525,4.753700000000194,2.444954735508236,(gap/tau_g)^2+(speed/tau_v)^2+(lateral/tau_y)^2,False
0,0.0,Switching DMPC,service,5115,2.1,2,periodic,none,0.25,0.55,0,0.6751195180096734,1.385035169787274,0.16590305596885824,1.640124764982103,19.94257058523258,0.4975349853473342,1755,1316,1755,372.5348950950895,0.7498575498575498,0.25914999999976374,0.5458999999987668,2.4771183974741855,(gap/tau_g)^2+(speed/tau_v)^2+(lateral/tau_y)^2,False
0,0.0,Switching DMPC,service,5116,2.1,2,periodic,none,0.25,0.55,0,0.6643758873131271,1.3665876736533666,0.16557575138602496,1.5836764815214988,20.091344018092656,0.4936066627046205,1755,1291,1755,372.8173962290306,0.7356125356125356,0.26969999999959526,0.672800000000251,2.422923715316739,(gap/tau_g)^2+(speed/tau_v)^2+(lateral/tau_y)^2,False
0,0.0,Switching DMPC,service,5117,2.1,2,periodic,none,0.25,0.55,0,0.6768255502929338,1.3953556594621646,0.16574830733848786,1.691536314381924,20.092233502147288,0.43159955657368454,1755,1351,1755,372.6572635968606,0.7698005698005698,0.2746000000000137,0.8211999999989672,2.4945760128784444,(gap/tau_g)^2+(speed/tau_v)^2+(lateral/tau_y)^2,False
0,0.0,Switching DMPC,service,5118,2.1,2,periodic,none,0.25,0.55,0,0.6764171073380938,1.3822379545720296,0.16623900453404802,1.6122806794539486,20.171661418952134,0.48525024433058905,1755,1319,1755,372.1985047421375,0.7515669515669515,0.24165000000042625,0.4750999999991734,2.4790764072503153,(gap/tau_g)^2+(speed/tau_v)^2+(lateral/tau_y)^2,False
0,0.0,Switching DMPC,service,5119,2.1,2,periodic,none,0.25,0.55,0,0.6793912529137676,1.3795278126645913,0.1666691861148698,1.6273226277184312,20.12912558223784,0.4890515440614882,1755,1309,1755,371.8115395220041,0.7458689458689459,0.24295000000051914,1.5042000000011768,2.4860065780250737,(gap/tau_g)^2+(speed/tau_v)^2+(lateral/tau_y)^2,False
0,0.0,Switching DMPC,service,5120,2.1,2,periodic,none,0.25,0.55,0,0.6739297884784999,1.3769952218846517,0.1664626345433658,1.6518848526053438,20.037034515341126,0.4917830159640264,1755,1278,1755,372.01131203909915,0.7282051282051282,0.25005000000000166,0.5367000000013888,2.467584787382995,(gap/tau_g)^2+(speed/tau_v)^2+(lateral/tau_y)^2,False
0,0.0,Switching DMPC,service,5121,2.1,2,periodic,none,0.25,0.55,0,0.6724414142276683,1.3794522082889864,0.1656087836589703,1.6304801514987963,20.038689947436907,0.4991653351364549,1755,1312,1755,372.8138421060725,0.7475783475783476,0.27205000000041224,0.5740999999996887,2.460389188743493,(gap/tau_g)^2+(speed/tau_v)^2+(lateral/tau_y)^2,False
0,0.0,Switching DMPC,service,5122,2.1,2,periodic,none,0.25,0.55,0,0.6809156973784993,1.376988229419907,0.16573569157705326,1.6173994761443633,20.285999029409176,0.48358500643292535,1755,1296,1755,372.6814460239551,0.7384615384615385,0.2561499999993444,0.6350999999984452,2.4783640907567395,(gap/tau_g)^2+(speed/tau_v)^2+(lateral/tau_y)^2,False
0,0.0,Switching DMPC,service,5123,2.1,2,periodic,none,0.25,0.55,0,0.6750132694866924,1.384718832197473,0.16623905795878477,1.6149666976198673,19.837882131618926,0.48872881580184657,1755,1287,1755,372.23466710298004,0.7333333333333333,0.2735000000004817,0.6435000000006852,2.479206356980336,(gap/tau_g)^2+(speed/tau_v)^2+(lateral/tau_y)^2,False
0,0.0,Switching DMPC,service,5124,2.1,2,periodic,none,0.25,0.55,0,0.6841070407706024,1.3843306491241527,0.16652094206157123,1.6654005682366384,20.083585006985814,0.4773383423544093,1755,1337,1755,371.95058828448595,0.7618233618233619,0.2693000000002499,0.6012000000001905,2.502975429856602,(gap/tau_g)^2+(speed/tau_v)^2+(lateral/tau_y)^2,False
0,0.0,Switching DMPC,service,5125,2.1,2,periodic,none,0.25,0.55,0,0.6792676087416616,1.3775203928021398,0.16632387457320802,1.6699318184955796,20.25738125944502,0.4930218361957145,1755,1384,1755,372.14264348194877,0.7886039886039886,0.27865000000026896,1.0084999999993016,2.4800095183141297,(gap/tau_g)^2+(speed/tau_v)^2+(lateral/tau_y)^2,False
0,0.0,Switching DMPC,service,5126,2.1,2,periodic,none,0.25,0.55,0,0.6766309629366671,1.3844363671096587,0.16633770905500483,1.6683652676958838,19.739178580096485,0.4888407316766834,1755,1312,1755,372.11553074928,0.7475783475783476,0.2941999999999112,0.8068999999988336,2.483514700113024,(gap/tau_g)^2+(speed/tau_v)^2+(lateral/tau_y)^2,False
0,0.0,Switching DMPC,service,5127,2.1,2,periodic,none,0.25,0.55,0,0.6783597438966188,1.3758095599263047,0.16588277464059778,1.6186163613647881,20.15925033011203,0.4989673075494202,1755,1312,1755,372.5498642622438,0.7475783475783476,0.4452999999999818,67.48240000000027,2.4717516141135,(gap/tau_g)^2+(speed/tau_v)^2+(lateral/tau_y)^2,False
0,0.0,Switching DMPC,service,5128,2.1,2,periodic,none,0.25,0.55,0,0.6803025372382364,1.3909184647845279,0.16639751260368482,1.629490286893438,20.154253641817647,0.4955926507352836,1755,1307,1755,372.09186670990755,0.7447293447293447,0.2839500000000328,7.848900000000825,2.502047836970022,(gap/tau_g)^2+(speed/tau_v)^2+(lateral/tau_y)^2,False
0,0.0,Switching DMPC,service,5129,2.1,2,periodic,none,0.25,0.55,0,0.6728943968164909,1.3798775194388688,0.166304478154843,1.6203998093316503,19.862152026818706,0.49666576075522306,1755,1319,1755,372.162357096983,0.7515669515669515,0.2440999999997473,0.7646999999995074,2.4678441086995084,(gap/tau_g)^2+(speed/tau_v)^2+(lateral/tau_y)^2,False
0,0.0,Switching DMPC,service,5130,2.1,2,periodic,none,0.25,0.55,0,0.6759595840902424,1.3889214326448764,0.16609910617782359,1.6095348087798764,20.14089557958131,0.48689388599564687,1755,1352,1755,372.3446419920863,0.7703703703703704,0.24504999999930277,0.8635999999988542,2.486263560552771,(gap/tau_g)^2+(speed/tau_v)^2+(lateral/tau_y)^2,False
0,0.0,Robust DMPC,service,5101,2.1,2,periodic,none,0.25,0.55,0,0.683856617744448,1.3781867379460513,0.16614091705066675,1.6286750051844137,20.163601812850146,0.4880359748782863,1755,1292,1755,372.2926315066017,0.7361823361823362,0.4072000000006071,0.8736999999996442,2.4905464004201194,(gap/tau_g)^2+(speed/tau_v)^2+(lateral/tau_y)^2,False
0,0.0,Robust DMPC,service,5102,2.1,2,periodic,none,0.25,0.55,0,0.6735885070996283,1.3852394307542182,0.16634183146923204,1.710232170686052,19.831734997343553,0.4873259250490196,1755,1341,1755,372.1294182007558,0.764102564102564,0.4431499999997257,1.1782999999994104,2.4773807142574014,(gap/tau_g)^2+(speed/tau_v)^2+(lateral/tau_y)^2,False
0,0.0,Robust DMPC,service,5103,2.1,2,periodic,none,0.25,0.55,0,0.6745758353611769,1.3836344346128293,0.16688441292602624,1.5884814193125008,20.2172042942641,0.4721959315545178,1755,1355,1755,371.6321825222565,0.7720797720797721,0.3650000000003928,1.6058000000001016,2.4819997763759964,(gap/tau_g)^2+(speed/tau_v)^2+(lateral/tau_y)^2,False
0,0.0,Robust DMPC,service,5104,2.1,2,periodic,none,0.25,0.55,0,0.6748990892061398,1.3826305102673282,0.16609505045852785,1.6182461384171551,20.01554930530881,0.49435830575856454,1755,1346,1755,372.36101533491376,0.766951566951567,0.39989999999878734,1.0838999999993604,2.4747873482571716,(gap/tau_g)^2+(speed/tau_v)^2+(lateral/tau_y)^2,False
0,0.0,Robust DMPC,service,5105,2.1,2,periodic,none,0.25,0.55,0,0.6786900441239357,1.3848627291151612,0.1660561012968111,1.576515503739371,20.26599075560047,0.4939807170053431,1755,1293,1755,372.4018230529133,0.7367521367521368,0.3650500000000889,1.0852999999997337,2.486738266248414,(gap/tau_g)^2+(speed/tau_v)^2+(lateral/tau_y)^2,False
0,0.0,Robust DMPC,service,5106,2.1,2,periodic,none,0.25,0.55,0,0.6681722755778424,1.3998313368402815,0.1670112671703647,1.63430375124497,19.82211734903227,0.4848255920328055,1755,1282,1755,371.5050226980508,0.7304843304843305,0.4546500000000009,0.9237999999989199,2.4907744887018177,(gap/tau_g)^2+(speed/tau_v)^2+(lateral/tau_y)^2,False
0,0.0,Robust DMPC,service,5107,2.1,2,periodic,none,0.25,0.55,0,0.6818940167176213,1.377427568564735,0.16605537056692898,1.6387237859656787,20.029642014116227,0.47793968000624154,1755,1237,1755,372.3872534698312,0.7048433048433048,0.3894500000001244,1.0531999999994213,2.4840034115869125,(gap/tau_g)^2+(speed/tau_v)^2+(lateral/tau_y)^2,False
0,0.0,Robust DMPC,service,5108,2.1,2,periodic,none,0.25,0.55,0,0.6794953538060461,1.3867209445183823,0.16621861320705214,1.5584553089891688,20.060295133921123,0.49218846164748686,1755,1301,1755,372.2359028901437,0.7413105413105413,0.3891500000010595,1.2191000000001395,2.4926603459629986,(gap/tau_g)^2+(speed/tau_v)^2+(lateral/tau_y)^2,False
0,0.0,Robust DMPC,service,5109,2.1,2,periodic,none,0.25,0.55,0,0.6795691946807446,1.3844171286974456,0.165881542558186,1.5780090946272496,20.13168424245766,0.491233871942804,1755,1292,1755,372.5486188495224,0.7361823361823362,0.41440000000037003,4.901000000000266,2.486782982933753,(gap/tau_g)^2+(speed/tau_v)^2+(lateral/tau_y)^2,False
0,0.0,Robust DMPC,service,5110,2.1,2,periodic,none,0.25,0.55,0,0.6780731774552662,1.3872789732494315,0.16622423907802142,1.656877435063008,19.99993616713561,0.494402535678212,1755,1329,1755,372.23455527560253,0.7572649572649572,0.4018999999990669,0.8645999999998821,2.4900645255722034,(gap/tau_g)^2+(speed/tau_v)^2+(lateral/tau_y)^2,False
0,0.0,Robust DMPC,service,5111,2.1,2,periodic,none,0.25,0.55,0,0.6764174391703354,1.3903807410489561,0.16549905278908617,1.5952223150778055,19.70578243520525,0.49989299843379453,1755,1265,1755,372.90893808960124,0.7207977207977208,0.5823500000001758,50.880600000000165,2.4844592484093706,(gap/tau_g)^2+(speed/tau_v)^2+(lateral/tau_y)^2,False
0,0.0,Robust DMPC,service,5112,2.1,2,periodic,none,0.25,0.55,0,0.6789430400670412,1.3644622886271682,0.16596020978168882,1.599547742956701,20.154177140769278,0.49399060773880865,1755,1308,1755,372.4875998193625,0.7452991452991453,0.4409999999994696,14.21099999999953,2.457936909436614,(gap/tau_g)^2+(speed/tau_v)^2+(lateral/tau_y)^2,False
0,0.0,Robust DMPC,service,5113,2.1,2,periodic,none,0.25,0.55,0,0.6779997545545233,1.3918257003927976,0.16646360524125264,1.662693367282945,20.13672848479223,0.4953710997808981,1755,1305,1755,372.01989153218545,0.7435897435897436,0.42025000000123214,1.2360999999998512,2.498325225608677,(gap/tau_g)^2+(speed/tau_v)^2+(lateral/tau_y)^2,False
0,0.0,Robust DMPC,service,5114,2.1,2,periodic,none,0.25,0.55,0,0.6723971293187155,1.3703751476823431,0.16529755961673825,1.6362154936151316,20.0552662173449,0.49792534081148,1755,1289,1755,373.1237631782991,0.7344729344729345,0.37509999999940646,0.7552999999997922,2.4449737888444907,(gap/tau_g)^2+(speed/tau_v)^2+(lateral/tau_y)^2,False
0,0.0,Robust DMPC,service,5115,2.1,2,periodic,none,0.25,0.55,0,0.6751759769495195,1.3849911576153757,0.1659029917645294,1.6396956342351054,19.943951753924125,0.4975349853473342,1755,1316,1755,372.5349307764554,0.7498575498575498,0.38559999999954186,0.6018000000000967,2.47719119453768,(gap/tau_g)^2+(speed/tau_v)^2+(lateral/tau_y)^2,False
0,0.0,Robust DMPC,service,5116,2.1,2,periodic,none,0.25,0.55,0,0.664441987100173,1.3665649638094413,0.16557589014472415,1.5826639170791033,20.091344018092656,0.4936066627046205,1755,1291,1755,372.81726971500115,0.7356125356125356,0.412800000000324,1.1484999999993306,2.423049346335983,(gap/tau_g)^2+(speed/tau_v)^2+(lateral/tau_y)^2,False
0,0.0,Robust DMPC,service,5117,2.1,2,periodic,none,0.25,0.55,0,0.6768255502929338,1.3953556594621646,0.16574830733848786,1.691536314381924,20.092233502147288,0.43159955657368454,1755,1351,1755,372.6572635968606,0.7698005698005698,0.3940999999993977,0.7426000000005928,2.4945760128784444,(gap/tau_g)^2+(speed/tau_v)^2+(lateral/tau_y)^2,False
0,0.0,Robust DMPC,service,5118,2.1,2,periodic,none,0.25,0.55,0,0.6764871672611097,1.3821996848760623,0.16623901027074184,1.611518308500981,20.17174816935345,0.485252941689969,1755,1319,1755,372.1984813843285,0.7515669515669515,0.3763000000001071,1.110199999999395,2.479190983852377,(gap/tau_g)^2+(speed/tau_v)^2+(lateral/tau_y)^2,False
0,0.0,Robust DMPC,service,5119,2.1,2,periodic,none,0.25,0.55,0,0.6794003564931249,1.3795219820289015,0.16666917392992117,1.6272432459298656,20.128364647397028,0.4890515440614882,1755,1309,1755,371.8115548988545,0.7458689458689459,0.4017499999999785,1.0662999999997425,2.4860202596971006,(gap/tau_g)^2+(speed/tau_v)^2+(lateral/tau_y)^2,False
0,0.0,Robust DMPC,service,5120,2.1,2,periodic,none,0.25,0.55,0,0.6739589647940816,1.3769601587206077,0.16646245777164895,1.651502770110538,20.036604052426263,0.4917833660388655,1755,1278,1755,372.01144726687363,0.7282051282051282,0.39400000000000546,1.0680999999994611,2.467603963213476,(gap/tau_g)^2+(speed/tau_v)^2+(lateral/tau_y)^2,False
0,0.0,Robust DMPC,service,5121,2.1,2,periodic,none,0.25,0.55,0,0.6724449103087861,1.3794489998135437,0.1656087831127303,1.6304609029167423,20.038709824612155,0.4991653351364549,1755,1312,1755,372.81384275701777,0.7475783475783476,0.4056999999999533,1.2345000000006934,2.4603930267737115,(gap/tau_g)^2+(speed/tau_v)^2+(lateral/tau_y)^2,False
0,0.0,Robust DMPC,service,5122,2.1,2,periodic,none,0.25,0.55,0,0.6809390237774516,1.3769821574404817,0.16573564020424186,1.6167091779399845,20.285999029409176,0.48358500643292535,1755,1296,1755,372.68154387668665,0.7384615384615385,0.39685000000044823,0.9727000000001595,2.478411608345181,(gap/tau_g)^2+(speed/tau_v)^2+(lateral/tau_y)^2,False
0,0.0,Robust DMPC,service,5123,2.1,2,periodic,none,0.25,0.55,0,0.6750397776989809,1.384763177919611,0.16623864121051346,1.6149556367933384,19.837882131618926,0.4887308242183066,1755,1287,1755,372.2346675280641,0.7333333333333333,0.402699999999534,2.7540000000012554,2.479329175752916,(gap/tau_g)^2+(speed/tau_v)^2+(lateral/tau_y)^2,False
0,0.0,Robust DMPC,service,5124,2.1,2,periodic,none,0.25,0.55,0,0.6841028859035987,1.3843330961157656,0.16652094366107345,1.6649268849089869,20.083577821623976,0.4773383423544093,1755,1337,1755,371.9505879183281,0.7618233618233619,0.4156000000001825,1.7379999999995732,2.502968793567055,(gap/tau_g)^2+(speed/tau_v)^2+(lateral/tau_y)^2,False
0,0.0,Robust DMPC,service,5125,2.1,2,periodic,none,0.25,0.55,0,0.6792676087416616,1.3775203928021398,0.16632387457320802,1.6699318184955796,20.25738125944502,0.4930218361957145,1755,1384,1755,372.14264348194877,0.7886039886039886,0.46294999999973996,132.71220000000028,2.4800095183141297,(gap/tau_g)^2+(speed/tau_v)^2+(lateral/tau_y)^2,False
0,0.0,Robust DMPC,service,5126,2.1,2,periodic,none,0.25,0.55,0,0.6766310237154004,1.3844407321803174,0.16633751111183248,1.6683558572457897,19.739187586795566,0.4888417237100615,1755,1312,1755,372.1155226801699,0.7475783475783476,0.39950000000033015,7.641699999998863,2.4835193665668687,(gap/tau_g)^2+(speed/tau_v)^2+(lateral/tau_y)^2,False
0,0.0,Robust DMPC,service,5127,2.1,2,periodic,none,0.25,0.55,0,0.6783595506718931,1.3758095877615228,0.16588277470022156,1.6186147478563928,20.15925033011203,0.4989673075494202,1755,1312,1755,372.54986426257005,0.7475783475783476,0.4593499999998585,0.9905000000003383,2.4717511876380467,(gap/tau_g)^2+(speed/tau_v)^2+(lateral/tau_y)^2,False
0,0.0,Robust DMPC,service,5128,2.1,2,periodic,none,0.25,0.55,0,0.680297538575882,1.3909240625654153,0.16639749172491358,1.629075742534289,20.154253641817647,0.4955926507352836,1755,1307,1755,372.0918663662381,0.7447293447293447,0.3946499999996078,1.4918999999995464,2.5020435172458177,(gap/tau_g)^2+(speed/tau_v)^2+(lateral/tau_y)^2,False
0,0.0,Robust DMPC,service,5129,2.1,2,periodic,none,0.25,0.55,0,0.6729587995687729,1.3798451245904646,0.16630448803925182,1.620163324845976,19.862161749380206,0.49666576075522306,1755,1319,1755,372.16233724988535,0.7515669515669515,0.3994000000000497,0.7566000000007733,2.4679526700614587,(gap/tau_g)^2+(speed/tau_v)^2+(lateral/tau_y)^2,False
0,0.0,Robust DMPC,service,5130,2.1,2,periodic,none,0.25,0.55,0,0.6759594746425192,1.3889205277632406,0.16609909861142852,1.6096545469471912,20.14089557958131,0.48689388599564687,1755,1352,1755,372.34465136836303,0.7703703703703704,0.43540000000064083,1.1501000000002648,2.4862619522080114,(gap/tau_g)^2+(speed/tau_v)^2+(lateral/tau_y)^2,False
0,0.0,Zheng et al. (2024),service,5101,2.1,2,periodic,none,0.25,0.55,0,0.37698707688222494,1.5933254492087816,0.16602628717548373,0.3375695136725703,18.997871934240088,0.49670168858096064,1755,1292,1755,372.54545389972895,0.7361823361823362,0.21194999999973874,0.6181000000005099,2.2370226087853444,(gap/tau_g)^2+(speed/tau_v)^2+(lateral/tau_y)^2,False
0,0.0,Zheng et al. (2024),service,5102,2.1,2,periodic,none,0.25,0.55,0,0.3884185716251951,1.5992919011828315,0.16621899890306557,0.3577521486569096,18.934638861614694,0.49689414071976845,1755,1341,1755,372.3863780938864,0.764102564102564,0.22800000000078313,1.1732999999995997,2.2638970470641606,(gap/tau_g)^2+(speed/tau_v)^2+(lateral/tau_y)^2,False
0,0.0,Zheng et al. (2024),service,5103,2.1,2,periodic,none,0.25,0.55,0,0.36735136604622576,1.6045078182061376,0.16677340014516456,0.34425389492553465,19.13922757749762,0.4955893860027041,1755,1355,1755,371.88336980396326,0.7720797720797721,0.21804999999908148,0.6543000000007737,2.248732518878358,(gap/tau_g)^2+(speed/tau_v)^2+(lateral/tau_y)^2,False
0,0.0,Zheng et al. (2024),service,5104,2.1,2,periodic,none,0.25,0.55,0,0.3807133304671875,1.597355828364874,0.1659725774090002,0.3484936906453681,19.019300014242205,0.49647076116871725,1755,1346,1755,372.60966238356235,0.766951566951567,0.22009999999994534,0.7516999999985785,2.248157216961184,(gap/tau_g)^2+(speed/tau_v)^2+(lateral/tau_y)^2,False
0,0.0,Zheng et al. (2024),service,5105,2.1,2,periodic,none,0.25,0.55,0,0.3711791288540028,1.6061671338738577,0.16593629242193172,0.3345237792014723,18.966754664352948,0.4977272050640096,1755,1293,1755,372.64227383830075,0.7367521367521368,0.22199999999994446,1.42780000000009,2.2495134314301684,(gap/tau_g)^2+(speed/tau_v)^2+(lateral/tau_y)^2,False
0,0.0,Zheng et al. (2024),service,5106,2.1,2,periodic,none,0.25,0.55,0,0.3704866040631752,1.6212047654963095,0.16689099730862117,0.345181656691435,18.81101686305174,0.4930907540441235,1755,1282,1755,371.76459820963237,0.7304843304843305,0.24949999999979156,0.5834000000000117,2.281305361475622,(gap/tau_g)^2+(speed/tau_v)^2+(lateral/tau_y)^2,False
0,0.0,Zheng et al. (2024),service,5107,2.1,2,periodic,none,0.25,0.55,0,0.3667201155858691,1.5923987978468268,0.16601631655993987,0.3580717882696551,19.12394823503422,0.4959349595390765,1755,1237,1755,372.569828923325,0.7048433048433048,0.21359999999948087,5.747599999999409,2.221859268141462,(gap/tau_g)^2+(speed/tau_v)^2+(lateral/tau_y)^2,False
0,0.0,Zheng et al. (2024),service,5108,2.1,2,periodic,none,0.25,0.55,0,0.37567839189453694,1.6061742850716783,0.16613074415305493,0.3249290707238947,18.999224505716427,0.4961659726205807,1755,1301,1755,372.4589161967467,0.7413105413105413,0.20584999999950782,0.626199999999244,2.2571133088069772,(gap/tau_g)^2+(speed/tau_v)^2+(lateral/tau_y)^2,False
0,0.0,Zheng et al. (2024),service,5109,2.1,2,periodic,none,0.25,0.55,0,0.36796918972919895,1.608694361157977,0.1657641672940778,0.3455983955251418,18.65420985080545,0.49817106931385036,1755,1292,1755,372.8044479733921,0.7361823361823362,0.2916000000006136,6.959399999999505,2.2480133365487958,(gap/tau_g)^2+(speed/tau_v)^2+(lateral/tau_y)^2,False
0,0.0,Zheng et al. (2024),service,5110,2.1,2,periodic,none,0.25,0.55,0,0.36188673055219633,1.6081624973693078,0.16608703503462668,0.3636682544999104,18.712577078157224,0.49668996918805075,1755,1329,1755,372.4966382424852,0.7572649572649572,0.21770000000032041,1.0628000000014737,2.2419268920592894,(gap/tau_g)^2+(speed/tau_v)^2+(lateral/tau_y)^2,False
0,0.0,Zheng et al. (2024),service,5111,2.1,2,periodic,none,0.25,0.55,0,0.38985770800588937,1.606745877103331,0.1653962889430652,0.3346228500048432,18.84380525093055,0.49989299843379453,1755,1265,1755,373.14122889168283,0.7207977207977208,0.2113499999998325,0.8865000000000123,2.271260378000597,(gap/tau_g)^2+(speed/tau_v)^2+(lateral/tau_y)^2,False
0,0.0,Zheng et al. (2024),service,5112,2.1,2,periodic,none,0.25,0.55,0,0.3724399668427385,1.5793726035524207,0.16584289886404452,0.3389640497866591,18.916590000621326,0.49835128290543074,1755,1308,1755,372.7223190057267,0.7452991452991453,0.21000000000004349,0.7802999999988458,2.206857104689872,(gap/tau_g)^2+(speed/tau_v)^2+(lateral/tau_y)^2,False
0,0.0,Zheng et al. (2024),service,5113,2.1,2,periodic,none,0.25,0.55,0,0.37413038742190674,1.6119260649888014,0.16634464433285218,0.35610908387795154,18.82456831785607,0.4953710997808981,1755,1305,1755,372.26952312825546,0.7435897435897436,0.21175000000006605,0.4377000000008735,2.266271520761942,(gap/tau_g)^2+(speed/tau_v)^2+(lateral/tau_y)^2,False
0,0.0,Zheng et al. (2024),service,5114,2.1,2,periodic,none,0.25,0.55,0,0.37232451675308625,1.5920617112131918,0.16519304404201343,0.3402786446598092,19.011330434896905,0.5023507222378749,1755,1289,1755,373.35011938020114,0.7344729344729345,0.21890000000102106,1.0257000000013505,2.2218580884386623,(gap/tau_g)^2+(speed/tau_v)^2+(lateral/tau_y)^2,False
0,0.0,Zheng et al. (2024),service,5115,2.1,2,periodic,none,0.25,0.55,0,0.3843779586781916,1.60007470559346,0.16579825532052261,0.34827785756236107,18.76086777605328,0.49902366881601157,1755,1316,1755,372.77218174317454,0.7498575498575498,0.20599999999948437,0.5725999999999232,2.2561312503685103,(gap/tau_g)^2+(speed/tau_v)^2+(lateral/tau_y)^2,False
0,0.0,Zheng et al. (2024),service,5116,2.1,2,periodic,none,0.25,0.55,0,0.3767146261309249,1.5801954735596382,0.16543216242263353,0.33977625812854745,19.00794142009792,0.49966090397022356,1755,1291,1755,373.0783381703267,0.7356125356125356,0.2136999999997613,0.950400000000684,2.210475043967025,(gap/tau_g)^2+(speed/tau_v)^2+(lateral/tau_y)^2,False
0,0.0,Zheng et al. (2024),service,5117,2.1,2,periodic,none,0.25,0.55,0,0.3803683271615457,1.6191940697250606,0.16562092400685743,0.35095001264827574,19.06140521748943,0.4973173906642643,1755,1351,1755,372.9196624799434,0.7698005698005698,0.2100499999997396,1.0877999999987509,2.2806139360749578,(gap/tau_g)^2+(speed/tau_v)^2+(lateral/tau_y)^2,False
0,0.0,Zheng et al. (2024),service,5118,2.1,2,periodic,none,0.25,0.55,0,0.37785691077160993,1.6010254237925174,0.16613165579863862,0.34152527256984705,19.140972595677084,0.4969987294047674,1755,1319,1755,372.4484004045018,0.7515669515669515,0.20419999999976568,0.5030000000001422,2.2516140476861417,(gap/tau_g)^2+(speed/tau_v)^2+(lateral/tau_y)^2,False
0,0.0,Zheng et al. (2024),service,5119,2.1,2,periodic,none,0.25,0.55,0,0.37632090954311265,1.5924756860330138,0.16655778115500985,0.34704882402466813,19.024120918421893,0.4940064505583016,1755,1309,1755,372.06387101574467,0.7458689458689459,0.21770000000032041,1.3407000000000835,2.2391684162816783,(gap/tau_g)^2+(speed/tau_v)^2+(lateral/tau_y)^2,False
0,0.0,Zheng et al. (2024),service,5120,2.1,2,periodic,none,0.25,0.55,0,0.3745377433656244,1.5933578445427266,0.16632206547312828,0.3531377345629751,19.065942316377956,0.49529263254945954,1755,1278,1755,372.2754454826895,0.7282051282051282,0.21719999999980644,0.6523000000004942,2.2362603971194197,(gap/tau_g)^2+(speed/tau_v)^2+(lateral/tau_y)^2,False
0,0.0,Zheng et al. (2024),service,5121,2.1,2,periodic,none,0.25,0.55,0,0.3854342074612069,1.59226348197881,0.1655105146658914,0.340807050565151,18.918470797309098,0.4991653351364549,1755,1312,1755,373.0395445645633,0.7475783475783476,0.21170000000036993,1.2731999999999744,2.242471026436537,(gap/tau_g)^2+(speed/tau_v)^2+(lateral/tau_y)^2,False
0,0.0,Zheng et al. (2024),service,5122,2.1,2,periodic,none,0.25,0.55,0,0.3787693598811532,1.5942587946652225,0.165625894256287,0.3381501715439535,19.202465497357935,0.49889520070811455,1755,1296,1755,372.9256828355407,0.7384615384615385,0.20445000000002267,5.328800000000911,2.237615362753017,(gap/tau_g)^2+(speed/tau_v)^2+(lateral/tau_y)^2,False
0,0.0,Zheng et al. (2024),service,5123,2.1,2,periodic,none,0.25,0.55,0,0.37921242981809394,1.602886106177635,0.16612753040000167,0.34168086957382615,18.99433158912668,0.4960196248133981,1755,1287,1755,372.48077799882157,0.7333333333333333,0.2073499999992734,7.611699999999999,2.2564457367701323,(gap/tau_g)^2+(speed/tau_v)^2+(lateral/tau_y)^2,False
0,0.0,Zheng et al. (2024),service,5124,2.1,2,periodic,none,0.25,0.55,0,0.37409442606242077,1.6035942008649855,0.16642406255047235,0.35017956120156296,18.853949745392143,0.49638281031912335,1755,1337,1755,372.1768707970899,0.7618233618233619,0.21200000000032304,0.6003000000003311,2.253215363853727,(gap/tau_g)^2+(speed/tau_v)^2+(lateral/tau_y)^2,False
0,0.0,Zheng et al. (2024),service,5125,2.1,2,periodic,none,0.25,0.55,0,0.3790467014593225,1.5926197698027926,0.16621806527455668,0.34843338608156255,19.12135502301573,0.496667973606981,1755,1384,1755,372.3757575440806,0.7886039886039886,0.2060499999991805,1.5420000000005984,2.2402367283048568,(gap/tau_g)^2+(speed/tau_v)^2+(lateral/tau_y)^2,False
0,0.0,Zheng et al. (2024),service,5126,2.1,2,periodic,none,0.25,0.55,0,0.3777087923109646,1.599366859696929,0.16619846145778883,0.3485858310208382,18.662771026249878,0.49556007190986995,1755,1312,1755,372.3821828719589,0.7475783475783476,0.20804999999946006,0.5924999999997738,2.2492619374477014,(gap/tau_g)^2+(speed/tau_v)^2+(lateral/tau_y)^2,False
0,0.0,Zheng et al. (2024),service,5127,2.1,2,periodic,none,0.25,0.55,0,0.3800131873454675,1.5933892568919714,0.16577987543681885,0.337048536001776,19.003871364731545,0.4989673075494202,1755,1312,1755,372.7735765691034,0.7475783475783476,0.20940000000013725,0.3879000000015509,2.239154802392969,(gap/tau_g)^2+(speed/tau_v)^2+(lateral/tau_y)^2,False
0,0.0,Zheng et al. (2024),service,5128,2.1,2,periodic,none,0.25,0.55,0,0.36253103864177183,1.6144667507726251,0.1663005985863019,0.3566888798875583,18.911244473037414,0.4955926507352836,1755,1307,1755,372.3203457988868,0.7447293447293447,0.205850000000396,0.4070000000009344,2.254896758372217,(gap/tau_g)^2+(speed/tau_v)^2+(lateral/tau_y)^2,False
0,0.0,Zheng et al. (2024),service,5129,2.1,2,periodic,none,0.25,0.55,0,0.3816704638875604,1.5946759807899449,0.16618226015306797,0.3403948607362783,18.976262259463972,0.49666576075522306,1755,1319,1755,372.40804245504734,0.7515669515669515,0.21909999999891738,0.6674999999987108,2.2468312785142293,(gap/tau_g)^2+(speed/tau_v)^2+(lateral/tau_y)^2,False
0,0.0,Zheng et al. (2024),service,5130,2.1,2,periodic,none,0.25,0.55,0,0.38470537572942426,1.6061738687142448,0.16597595695733736,0.3392846525632725,18.939271843750397,0.4972213566117878,1755,1352,1755,372.5945462299378,0.7703703703703704,0.21449999999845204,0.8587000000019884,2.2680300966439946,(gap/tau_g)^2+(speed/tau_v)^2+(lateral/tau_y)^2,False
0,0.0,Proposed,service,5101,2.1,2,aware,none,0.25,0.55,0,0.6839196611288719,1.3784633530140808,0.166128420580726,1.8103695023636268,19.909390227163115,0.4464050636053406,700,439,700,148.4975454860276,0.6271428571428571,0.4265499999984712,55.35300000000021,2.490984938416577,(gap/tau_g)^2+(speed/tau_v)^2+(lateral/tau_y)^2,False
0,0.0,Proposed,service,5102,2.1,2,aware,none,0.25,0.55,0,0.667085922938245,1.3887710304951437,0.16634076694343064,1.8204383833129547,19.575940851100746,0.48678583332690983,700,473,700,148.43320144271968,0.6757142857142857,0.39780000000178006,0.6671999999987577,2.4668717771087287,(gap/tau_g)^2+(speed/tau_v)^2+(lateral/tau_y)^2,False
0,0.0,Proposed,service,5103,2.1,2,aware,none,0.25,0.55,0,0.6682456899691571,1.3903629523910184,0.16686957008070505,1.7363991882883367,20.20120815440037,0.45869912486188624,700,490,700,148.2351687622211,0.7,0.44515000000089344,0.816000000000372,2.476287268026536,(gap/tau_g)^2+(speed/tau_v)^2+(lateral/tau_y)^2,False
0,0.0,Proposed,service,5104,2.1,2,aware,none,0.25,0.55,0,0.6741114570638614,1.385353364148704,0.16607895932124445,1.8178656710061867,19.860351004410425,0.47970826203678996,700,474,700,148.52872945516256,0.6771428571428572,0.3639500000005569,1.2119999999988806,2.4766101042435533,(gap/tau_g)^2+(speed/tau_v)^2+(lateral/tau_y)^2,False
0,0.0,Proposed,service,5105,2.1,2,aware,none,0.25,0.55,0,0.6807906419956242,1.3878161686337118,0.16604254848154335,1.6946646966052326,20.081391974220878,0.488782245819815,700,456,700,148.53611044146697,0.6514285714285715,0.41165000000198404,0.6425999999990495,2.49588061430841,(gap/tau_g)^2+(speed/tau_v)^2+(lateral/tau_y)^2,False
0,0.0,Proposed,service,5106,2.1,2,aware,none,0.25,0.55,0,0.6740500064616568,1.3965450641151034,0.16700439543113674,1.829872811276162,20.022713429058783,0.46560764865425786,700,431,700,148.17886077374894,0.6157142857142858,0.44319999999942183,5.861800000001693,2.500053789663714,(gap/tau_g)^2+(speed/tau_v)^2+(lateral/tau_y)^2,False
0,0.0,Proposed,service,5107,2.1,2,aware,none,0.25,0.55,0,0.6886669240002022,1.3773112010236561,0.16606794370328073,1.7564916183740633,19.970382470604477,0.48027997553887747,700,431,700,148.52763668507484,0.6157142857142858,0.37449999999950023,50.0582000000005,2.5004468013404715,(gap/tau_g)^2+(speed/tau_v)^2+(lateral/tau_y)^2,False
0,0.0,Proposed,service,5108,2.1,2,aware,none,0.25,0.55,0,0.6804072609028449,1.3886606239261494,0.16622963062207313,1.7294828171564343,19.619403119826323,0.47772928836178563,700,444,700,148.4678351736905,0.6342857142857142,0.44310000000091776,1.010700000000142,2.497703152192212,(gap/tau_g)^2+(speed/tau_v)^2+(lateral/tau_y)^2,False
0,0.0,Proposed,service,5109,2.1,2,aware,none,0.25,0.55,0,0.6742145512377359,1.3900500524186001,0.16587761494677125,1.7324628798319754,19.91210990543439,0.4912729242963185,700,433,700,148.59453034952935,0.6185714285714285,0.39654999999960694,1.3488999999999862,2.481836898362126,(gap/tau_g)^2+(speed/tau_v)^2+(lateral/tau_y)^2,False
0,0.0,Proposed,service,5110,2.1,2,aware,none,0.25,0.55,0,0.6825249158213976,1.3872198032671728,0.16621379890444496,1.8574649422260727,19.76763460509538,0.48120878137273715,700,443,700,148.47242714770627,0.6328571428571429,0.38195000000040835,0.7418000000001257,2.500662046630945,(gap/tau_g)^2+(speed/tau_v)^2+(lateral/tau_y)^2,False
0,0.0,Proposed,service,5111,2.1,2,aware,none,0.25,0.55,0,0.688302049650454,1.385604803303795,0.16547714907668684,1.7080390190029493,19.9597524348411,0.49989299843379453,700,420,700,148.73925700990182,0.6,0.3610499999995298,0.7968999999992121,2.5063478175111795,(gap/tau_g)^2+(speed/tau_v)^2+(lateral/tau_y)^2,False
0,0.0,Proposed,service,5112,2.1,2,aware,none,0.25,0.55,0,0.6794275399354522,1.3668657281686085,0.1659754357657681,1.7287343161747128,20.032616744915117,0.480882134935259,700,452,700,148.563263619255,0.6457142857142857,0.3877499999980216,0.7996999999981824,2.4625825465560087,(gap/tau_g)^2+(speed/tau_v)^2+(lateral/tau_y)^2,False
0,0.0,Proposed,service,5113,2.1,2,aware,none,0.25,0.55,0,0.6783550577912523,1.3949836252011323,0.16645600973734073,1.7927452454424648,20.185306835359917,0.48527104002577426,700,451,700,148.3827891618664,0.6442857142857142,0.5223500000006709,7.189000000000334,2.5036088186125176,(gap/tau_g)^2+(speed/tau_v)^2+(lateral/tau_y)^2,False
0,0.0,Proposed,service,5114,2.1,2,aware,none,0.25,0.55,0,0.6672031186007805,1.3758773401357918,0.16531985653481163,1.8184075009317826,19.922751700870066,0.4907349874318231,700,427,700,148.82236348680738,0.61,0.41470000000032314,1.2426999999988197,2.4404978787663896,(gap/tau_g)^2+(speed/tau_v)^2+(lateral/tau_y)^2,False
0,0.0,Proposed,service,5115,2.1,2,aware,none,0.25,0.55,0,0.6739014196035705,1.3884613282932707,0.16590931783947352,1.8089414970611077,19.779681351129625,0.4918286378988811,700,451,700,148.586265103361,0.6442857142857142,0.3873500000004526,1.4062999999993053,2.47909720858957,(gap/tau_g)^2+(speed/tau_v)^2+(lateral/tau_y)^2,False
0,0.0,Proposed,service,5116,2.1,2,aware,none,0.25,0.55,0,0.6588427323132101,1.3700183190738684,0.1655682766764601,1.692007570431521,19.705255022053485,0.48382099110687826,700,448,700,148.70693859466587,0.64,0.4048999999994862,0.8401999999989584,2.414635665762192,(gap/tau_g)^2+(speed/tau_v)^2+(lateral/tau_y)^2,False
0,0.0,Proposed,service,5117,2.1,2,aware,none,0.25,0.55,0,0.6735773716905619,1.399036655775909,0.16575584334152607,1.8338844497309157,19.975768272697906,0.3875844955993304,700,476,700,148.63541077206716,0.68,0.39859999999869444,1.2697000000017056,2.4920885475486427,(gap/tau_g)^2+(speed/tau_v)^2+(lateral/tau_y)^2,False
0,0.0,Proposed,service,5118,2.1,2,aware,none,0.25,0.55,0,0.6803932534452808,1.382058932983587,0.16623388329695932,1.7513287220440243,19.602892897059995,0.47401277327397506,700,464,700,148.45465173579203,0.6628571428571428,0.4643499999996692,1.133800000001628,2.4883722474295666,(gap/tau_g)^2+(speed/tau_v)^2+(lateral/tau_y)^2,False
0,0.0,Proposed,service,5119,2.1,2,aware,none,0.25,0.55,0,0.6765556513564278,1.384149065769481,0.16667092058278307,1.8072665075026544,20.01520610731719,0.47105908385090145,700,458,700,148.3007894276074,0.6542857142857142,0.4153000000002294,3.772000000001441,2.4857017578635867,(gap/tau_g)^2+(speed/tau_v)^2+(lateral/tau_y)^2,False
0,0.0,Proposed,service,5120,2.1,2,aware,none,0.25,0.55,0,0.6760701704206521,1.3769754676113644,0.16644665929120855,1.792068311867245,19.83862584433536,0.4841071975891279,700,415,700,148.38733547042398,0.5928571428571429,0.3973499999982977,1.2599999999984846,2.472560989665605,(gap/tau_g)^2+(speed/tau_v)^2+(lateral/tau_y)^2,False
0,0.0,Proposed,service,5121,2.1,2,aware,none,0.25,0.55,0,0.6694622401057799,1.382970649700436,0.16563427004580056,1.7780021818434018,19.891518832120823,0.40287509108444586,700,447,700,148.6958713253534,0.6385714285714286,0.39040000000056807,1.2898000000003407,2.458451995594121,(gap/tau_g)^2+(speed/tau_v)^2+(lateral/tau_y)^2,False
0,0.0,Proposed,service,5122,2.1,2,aware,none,0.25,0.55,0,0.6750495119497321,1.3799029730693324,0.1657511922291048,1.8218428806419187,19.693488001425706,0.47041683612534646,700,453,700,148.6474173509796,0.6471428571428571,0.42334999999926737,1.1616000000014282,2.468451304276591,(gap/tau_g)^2+(speed/tau_v)^2+(lateral/tau_y)^2,False
0,0.0,Proposed,service,5123,2.1,2,aware,none,0.25,0.55,0,0.6759011298939328,1.384270914573391,0.16625024825820003,1.842428151271957,19.817386086320923,0.4646572153810944,700,436,700,148.46857906752254,0.6228571428571429,0.43565000000000964,1.5058000000003346,2.4807988860692856,(gap/tau_g)^2+(speed/tau_v)^2+(lateral/tau_y)^2,False
0,0.0,Proposed,service,5124,2.1,2,aware,none,0.25,0.55,0,0.6893123629441692,1.3833568599745834,0.16650628527751313,1.8072079091558035,19.861745896956336,0.4757621549049361,700,459,700,148.3592120225929,0.6557142857142857,0.40375000000114625,0.7738000000010459,2.5141878228288848,(gap/tau_g)^2+(speed/tau_v)^2+(lateral/tau_y)^2,False
0,0.0,Proposed,service,5125,2.1,2,aware,none,0.25,0.55,0,0.6807202204864082,1.376756525324314,0.1663230887479238,1.8013857767903516,20.028452718850815,0.496667973606981,700,492,700,148.43420587091603,0.7028571428571428,0.35984999999971734,0.5840999999993102,2.4824416245455607,(gap/tau_g)^2+(speed/tau_v)^2+(lateral/tau_y)^2,False
0,0.0,Proposed,service,5126,2.1,2,aware,none,0.25,0.55,0,0.6791083218235956,1.3881107318146761,0.16631806512287667,1.8891596776341097,19.297469362250247,0.48848383368137904,700,468,700,148.42363647726492,0.6685714285714286,0.37640000000038754,1.1487999999992837,2.4945198988210127,(gap/tau_g)^2+(speed/tau_v)^2+(lateral/tau_y)^2,False
0,0.0,Proposed,service,5127,2.1,2,aware,none,0.25,0.55,0,0.6731206419415853,1.3828553187726216,0.1658964700706582,1.762428719379095,19.94042799778665,0.4963069879936811,700,457,700,148.5873915019407,0.6528571428571428,0.4666999999987098,6.4556999999965115,2.4691943569774266,(gap/tau_g)^2+(speed/tau_v)^2+(lateral/tau_y)^2,False
0,0.0,Proposed,service,5128,2.1,2,aware,none,0.25,0.55,0,0.6815951277694576,1.394120840951665,0.16637829633537687,1.773343595783646,20.02319561639105,0.4952227973139849,700,445,700,148.41324620417285,0.6357142857142857,0.397850000000588,1.1195000000014943,2.5095679059546243,(gap/tau_g)^2+(speed/tau_v)^2+(lateral/tau_y)^2,False
0,0.0,Proposed,service,5129,2.1,2,aware,none,0.25,0.55,0,0.6737058519116835,1.3814715269282243,0.16629046972104997,1.8368297483245253,19.907341261464865,0.49666576075522306,700,461,700,148.44659868555217,0.6585714285714286,0.4062000000004673,1.287400000002492,2.4719159380627547,(gap/tau_g)^2+(speed/tau_v)^2+(lateral/tau_y)^2,False
0,0.0,Proposed,service,5130,2.1,2,aware,none,0.25,0.55,0,0.682442467653806,1.384976624011342,0.16614408493135954,1.8633295611905427,19.96501136448552,0.4419830975248602,700,487,700,148.50671228855816,0.6957142857142857,0.3636999999994117,0.7105000000002804,2.496710006294422,(gap/tau_g)^2+(speed/tau_v)^2+(lateral/tau_y)^2,False
1,0.1,CACC,service,5101,2.1,2,periodic,none,0.25,0.55,1,0.9273760125675303,1.2788847153895848,0.16589378649978806,0.314314292700172,20.656212769200224,0.49670168858096064,1755,1346,1755,372.32240964949165,0.766951566951567,0.23825000000066154,0.620199999996629,3.051416602458026,(gap/tau_g)^2+(speed/tau_v)^2+(lateral/tau_y)^2,False
1,0.1,CACC,service,5102,2.1,2,periodic,none,0.25,0.55,1,0.9175912653184501,1.2859804978426879,0.1661010307868618,0.31668334605239984,20.61640758050291,0.49689414071976845,1755,1310,1755,372.1545179885675,0.7464387464387464,0.20730000000135362,0.6115000000015414,3.0303288756889804,(gap/tau_g)^2+(speed/tau_v)^2+(lateral/tau_y)^2,False
1,0.1,CACC,service,5103,2.1,2,periodic,none,0.25,0.55,1,0.9190289288609439,1.2872024838785412,0.16661290205969756,0.2938674698920358,20.8102981127116,0.4955893860027041,1755,1367,1755,371.6721918307849,0.7789173789173789,0.204950000002313,4.214499999999788,3.040884944705473,(gap/tau_g)^2+(speed/tau_v)^2+(lateral/tau_y)^2,False
1,0.1,CACC,service,5104,2.1,2,periodic,none,0.25,0.55,1,0.9188044740911814,1.279268376713846,0.16586847992931178,0.31048919240007816,20.77823167262089,0.49647076116871725,1755,1363,1755,372.39420701641427,0.7766381766381767,0.22650000000012938,1.1104000000017322,3.023574820671776,(gap/tau_g)^2+(speed/tau_v)^2+(lateral/tau_y)^2,False
1,0.1,CACC,service,5105,2.1,2,periodic,none,0.25,0.55,1,0.9191906006089368,1.284642592062134,0.16578886320599676,0.2985282071538243,20.836272443166052,0.4977272050640096,1755,1329,1755,372.44864900343833,0.7572649572649572,0.2502500000005625,1.1244999999995287,3.0312064773455734,(gap/tau_g)^2+(speed/tau_v)^2+(lateral/tau_y)^2,False
1,0.1,CACC,service,5106,2.1,2,periodic,none,0.25,0.55,1,0.9246578347066133,1.295941730383233,0.16676573291437302,0.3338844508976069,20.729702892886074,0.4930907540441235,1755,1349,1755,371.5201754778386,0.7686609686609687,0.2405000000003099,0.9948000000008506,3.0721260993908697,(gap/tau_g)^2+(speed/tau_v)^2+(lateral/tau_y)^2,False
1,0.1,CACC,service,5107,2.1,2,periodic,none,0.25,0.55,1,0.9245046319449376,1.277055150774347,0.16581743749321715,0.314882526796529,20.723821573017396,0.4959349595390765,1755,1273,1755,372.41143605829194,0.7253561253561254,0.20839999999999748,0.5965000000003329,3.0389443595114756,(gap/tau_g)^2+(speed/tau_v)^2+(lateral/tau_y)^2,False
1,0.1,CACC,service,5108,2.1,2,periodic,none,0.25,0.55,1,0.9234260123880098,1.2864460926536756,0.16596050526148115,0.3086922645623041,20.524776860084657,0.4961659726205807,1755,1318,1755,372.27948541312946,0.750997150997151,0.20215000000067818,0.5497000000005414,3.0488700314678745,(gap/tau_g)^2+(speed/tau_v)^2+(lateral/tau_y)^2,False
1,0.1,CACC,service,5109,2.1,2,periodic,none,0.25,0.55,1,0.9233026592902783,1.2828755189971623,0.1656190341633261,0.3170705963091611,20.637248646326668,0.49817106931385036,1755,1306,1755,372.58309786719803,0.7441595441595441,0.20985000000006693,0.5305999999993816,3.0409538456964085,(gap/tau_g)^2+(speed/tau_v)^2+(lateral/tau_y)^2,False
1,0.1,CACC,service,5110,2.1,2,periodic,none,0.25,0.55,1,0.9192305280733739,1.2873712540917706,0.16596096671236327,0.3258937587427641,20.637851507494794,0.49668996918805075,1755,1328,1755,372.27921536528174,0.7566951566951567,0.20740000000074588,0.48690000000206624,3.036345047273482,(gap/tau_g)^2+(speed/tau_v)^2+(lateral/tau_y)^2,False
1,0.1,CACC,service,5111,2.1,2,periodic,none,0.25,0.55,1,0.9362657921454273,1.2796900565190388,0.1652443347556878,0.32033490678696014,20.47209956463103,0.49989299843379453,1755,1236,1755,372.9419941027147,0.7042735042735043,0.20874999999875854,0.9147000000027106,3.0765445282944404,(gap/tau_g)^2+(speed/tau_v)^2+(lateral/tau_y)^2,False
1,0.1,CACC,service,5112,2.1,2,periodic,none,0.25,0.55,1,0.9218347645147502,1.2673153263484338,0.16569907879982662,0.31414882105287334,20.770457187153404,0.49835128290543074,1755,1289,1755,372.53655977143967,0.7344729344729345,0.2570999999988999,2.4985999999991293,3.016556154872683,(gap/tau_g)^2+(speed/tau_v)^2+(lateral/tau_y)^2,False
1,0.1,CACC,service,5113,2.1,2,periodic,none,0.25,0.55,1,0.9307166091689584,1.2861089080650956,0.1662301655614191,0.34967917653677344,20.633875818630962,0.4953710997808981,1755,1308,1755,372.0387076208894,0.7452991452991453,0.2078999999994835,0.5740000000002965,3.074698588648393,(gap/tau_g)^2+(speed/tau_v)^2+(lateral/tau_y)^2,False
1,0.1,CACC,service,5114,2.1,2,periodic,none,0.25,0.55,1,0.9167442634579362,1.2723397716400326,0.1650437001080842,0.32550688274623657,20.58689579622021,0.5023507222378749,1755,1321,1755,373.1556482835362,0.7527065527065527,0.2081999999994366,0.6832000000009941,3.0010087623301582,(gap/tau_g)^2+(speed/tau_v)^2+(lateral/tau_y)^2,False
1,0.1,CACC,service,5115,2.1,2,periodic,none,0.25,0.55,1,0.9333196759661138,1.2794897120628617,0.16564911710784722,0.3072268692419484,20.411644524553026,0.49902366881601157,1755,1305,1755,372.5627911874403,0.7435897435897436,0.2041499999982932,0.39220000000028676,3.069839405050207,(gap/tau_g)^2+(speed/tau_v)^2+(lateral/tau_y)^2,False
1,0.1,CACC,service,5116,2.1,2,periodic,none,0.25,0.55,1,0.9074006185492259,1.2674047390858192,0.16531301664042877,0.303777410561928,20.77921856037983,0.49966090397022356,1755,1344,1755,372.8626630349289,0.7658119658119659,0.2106500000014222,0.6713000000004854,2.9665375369095264,(gap/tau_g)^2+(speed/tau_v)^2+(lateral/tau_y)^2,False
1,0.1,CACC,service,5117,2.1,2,periodic,none,0.25,0.55,1,0.9286032454867967,1.2896845657356988,0.16549852836613382,0.31726048378764643,20.89164553429262,0.4973173906642643,1755,1334,1755,372.6799915842231,0.7601139601139602,0.22034999999931415,0.9258000000009758,3.0663443875202483,(gap/tau_g)^2+(speed/tau_v)^2+(lateral/tau_y)^2,False
1,0.1,CACC,service,5118,2.1,2,periodic,none,0.25,0.55,1,0.9289312839401921,1.2768211958057054,0.16597129803542873,0.3334501677539891,20.719563547286178,0.4969987294047674,1755,1316,1755,372.2450631643929,0.7498575498575498,0.20555000000044288,0.6757000000021662,3.0545015523501364,(gap/tau_g)^2+(speed/tau_v)^2+(lateral/tau_y)^2,False
1,0.1,CACC,service,5119,2.1,2,periodic,none,0.25,0.55,1,0.9348622066801844,1.273911779113539,0.1664316454804401,0.3115200231716754,20.861872454252406,0.4940064505583016,1755,1265,1755,371.8397267172827,0.7207977207977208,0.23200000000134224,0.6795999999997804,3.0741923575475534,(gap/tau_g)^2+(speed/tau_v)^2+(lateral/tau_y)^2,False
1,0.1,CACC,service,5120,2.1,2,periodic,none,0.25,0.55,1,0.9175831886325593,1.2783903957010385,0.16618627660152438,0.3027963260877616,20.751160058495124,0.49529263254945954,1755,1258,1755,372.0533587456968,0.7168091168091169,0.2202499999999219,1.0011999999992582,3.021080148708107,(gap/tau_g)^2+(speed/tau_v)^2+(lateral/tau_y)^2,False
1,0.1,CACC,service,5121,2.1,2,periodic,none,0.25,0.55,1,0.920729821338062,1.2773751055921545,0.16537002638165282,0.31187239214541274,20.40841941320808,0.4991653351364549,1755,1338,1755,372.8491376549494,0.7623931623931623,0.20495000000053665,0.633600000000456,3.0232739745268136,(gap/tau_g)^2+(speed/tau_v)^2+(lateral/tau_y)^2,False
1,0.1,CACC,service,5122,2.1,2,periodic,none,0.25,0.55,1,0.9269283844743316,1.2755998124885026,0.16547797107767803,0.31189605798424347,20.94460643190361,0.49889520070811455,1755,1381,1755,372.72199441647746,0.7868945868945869,0.2111000000004637,0.5769999999998277,3.042214999196235,(gap/tau_g)^2+(speed/tau_v)^2+(lateral/tau_y)^2,False
1,0.1,CACC,service,5123,2.1,2,periodic,none,0.25,0.55,1,0.9219484781982146,1.2842999001994522,0.16596665098110264,0.29341780400919565,20.707898283085576,0.4960196248133981,1755,1277,1755,372.2783054956879,0.7276353276353277,0.20550000000074675,0.4566999999990884,3.0412587769564747,(gap/tau_g)^2+(speed/tau_v)^2+(lateral/tau_y)^2,False
1,0.1,CACC,service,5124,2.1,2,periodic,none,0.25,0.55,1,0.9266986986125331,1.283545569708582,0.16625564031532544,0.31944728584718807,20.7248988892242,0.49638281031912335,1755,1344,1755,371.9997497517188,0.7658119658119659,0.20439999999943836,0.5871999999982336,3.058282249780726,(gap/tau_g)^2+(speed/tau_v)^2+(lateral/tau_y)^2,False
1,0.1,CACC,service,5125,2.1,2,periodic,none,0.25,0.55,1,0.9226029529672777,1.2788167730995552,0.16604467380931098,0.3107930523514543,20.92212745145997,0.496667973606981,1755,1351,1755,372.1889899239079,0.7698005698005698,0.20690000000200826,0.6798999999979571,3.0368821895158655,(gap/tau_g)^2+(speed/tau_v)^2+(lateral/tau_y)^2,False
1,0.1,CACC,service,5126,2.1,2,periodic,none,0.25,0.55,1,0.9307710145880383,1.2811159274381902,0.16604739435119292,0.3193667594633506,20.751548245618167,0.49556007190986995,1755,1311,1755,372.16839575603245,0.747008547008547,0.2211500000015576,5.308199999998209,3.0668205149117824,(gap/tau_g)^2+(speed/tau_v)^2+(lateral/tau_y)^2,False
1,0.1,CACC,service,5127,2.1,2,periodic,none,0.25,0.55,1,0.9309833859569453,1.2717440029998317,0.1656290150940048,0.322216174713452,20.717775864256986,0.4989673075494202,1755,1252,1755,372.58335047073774,0.7133903133903133,0.22404999999992015,0.8076000000016847,3.051847515380805,(gap/tau_g)^2+(speed/tau_v)^2+(lateral/tau_y)^2,False
1,0.1,CACC,service,5128,2.1,2,periodic,none,0.25,0.55,1,0.937612341871546,1.2830632560510333,0.16614577552088713,0.31990490227125434,20.822095221172745,0.4955926507352836,1755,1334,1755,372.11563761288676,0.7601139601139602,0.245000000001383,0.8721999999998786,3.0929091057892384,(gap/tau_g)^2+(speed/tau_v)^2+(lateral/tau_y)^2,False
1,0.1,CACC,service,5129,2.1,2,periodic,none,0.25,0.55,1,0.9236238245436453,1.2769785401286244,0.16603928952426658,0.3223029279855901,20.714521050658824,0.49666576075522306,1755,1300,1755,372.20041529845724,0.7407407407407407,0.24330000000105656,0.8538999999991859,3.037791159992293,(gap/tau_g)^2+(speed/tau_v)^2+(lateral/tau_y)^2,False
1,0.1,CACC,service,5130,2.1,2,periodic,none,0.25,0.55,1,0.9255826499493023,1.2856865038126226,0.16582950233533406,0.2882011950023177,20.72704770406755,0.4972213566117878,1755,1391,1755,372.3884557732671,0.7925925925925926,0.20909999999929596,0.41260000000065133,3.053875717454935,(gap/tau_g)^2+(speed/tau_v)^2+(lateral/tau_y)^2,False
1,0.1,Switching DMPC,service,5101,2.1,2,periodic,none,0.25,0.55,1,0.6819162615169754,1.3786564476206926,0.1661568925113243,1.7434204282691759,20.089828537617024,0.49670168858096064,1755,1346,1755,372.2864361732172,0.766951566951567,0.2497999999988565,0.8698999999978696,2.4866285232274534,(gap/tau_g)^2+(speed/tau_v)^2+(lateral/tau_y)^2,False
1,0.1,Switching DMPC,service,5102,2.1,2,periodic,none,0.25,0.55,1,0.6762470607996415,1.383200477659162,0.16637184688399922,1.7348021700687544,19.990623483843173,0.4883046046888406,1755,1310,1755,372.1110432315239,0.7464387464387464,0.28744999999830156,5.450800000001976,2.48113017072089,(gap/tau_g)^2+(speed/tau_v)^2+(lateral/tau_y)^2,False
1,0.1,Switching DMPC,service,5103,2.1,2,periodic,none,0.25,0.55,1,0.6723369112833889,1.3868982125853972,0.16687390025072224,1.6636412646625915,19.993757394459863,0.4862420446390028,1755,1367,1755,371.63175193291016,0.7789173789173789,0.27724999999900746,1.9273999999995794,2.4811644006294857,(gap/tau_g)^2+(speed/tau_v)^2+(lateral/tau_y)^2,False
1,0.1,Switching DMPC,service,5104,2.1,2,periodic,none,0.25,0.55,1,0.6742741450322617,1.3809813818647796,0.16612271290170372,1.7393204556738264,20.295477136989135,0.45968604041590244,1755,1363,1755,372.35281028214405,0.7766381766381767,0.24949999999979156,0.7825999999990785,2.4711928686079196,(gap/tau_g)^2+(speed/tau_v)^2+(lateral/tau_y)^2,False
1,0.1,Switching DMPC,service,5105,2.1,2,periodic,none,0.25,0.55,1,0.6779993124648399,1.386252165300752,0.1660528335109199,1.6365866624423557,20.21449968291826,0.4932476640951342,1755,1329,1755,372.4029765698919,0.7572649572649572,0.2547499999989711,0.5337999999994736,2.487009596732892,(gap/tau_g)^2+(speed/tau_v)^2+(lateral/tau_y)^2,False
1,0.1,Switching DMPC,service,5106,2.1,2,periodic,none,0.25,0.55,1,0.6746758288465001,1.3986117145658405,0.16703548613867691,1.6963139898463786,20.089054061682376,0.48941122474840115,1755,1349,1755,371.47752017067205,0.7686609686609687,0.29075000000045037,0.6254999999999455,2.5047612352214044,(gap/tau_g)^2+(speed/tau_v)^2+(lateral/tau_y)^2,False
1,0.1,Switching DMPC,service,5107,2.1,2,periodic,none,0.25,0.55,1,0.6763218651530156,1.3815397798253979,0.1660736511344724,1.6722638802892358,20.07815733428219,0.48284093387254445,1755,1273,1755,372.3718237902159,0.7253561253561254,0.24095000000023958,0.5198000000010694,2.476489146857613,(gap/tau_g)^2+(speed/tau_v)^2+(lateral/tau_y)^2,False
1,0.1,Switching DMPC,service,5108,2.1,2,periodic,none,0.25,0.55,1,0.6786841071086335,1.3874022066031537,0.16622858334432827,1.6474007701186906,20.01091642239436,0.4925990428314877,1755,1318,1755,372.23276902103765,0.750997150997151,0.2491500000001423,1.5588000000015256,2.49174865814637,(gap/tau_g)^2+(speed/tau_v)^2+(lateral/tau_y)^2,False
1,0.1,Switching DMPC,service,5109,2.1,2,periodic,none,0.25,0.55,1,0.681635551422509,1.385212083357701,0.16588521070592038,1.6578534518334525,20.017451106735116,0.49817106931385036,1755,1306,1755,372.5299274200182,0.7441595441595441,0.2804999999987956,6.941399999998765,2.492937155697922,(gap/tau_g)^2+(speed/tau_v)^2+(lateral/tau_y)^2,False
1,0.1,Switching DMPC,service,5110,2.1,2,periodic,none,0.25,0.55,1,0.6751607410795035,1.3888441061050356,0.16621338911498576,1.7131257775300688,20.007531310025904,0.48981287690348807,1755,1328,1755,372.23395695048475,0.7566951566951567,0.2524499999996266,1.0457999999999856,2.485184598195962,(gap/tau_g)^2+(speed/tau_v)^2+(lateral/tau_y)^2,False
1,0.1,Switching DMPC,service,5111,2.1,2,periodic,none,0.25,0.55,1,0.6823514487001446,1.3856690462375703,0.1655046936172973,1.6625634948000114,19.789517853496534,0.4802256168381551,1755,1236,1755,372.9118377803863,0.7042735042735043,0.28755000000124653,1.0915999999987491,2.492166637681888,(gap/tau_g)^2+(speed/tau_v)^2+(lateral/tau_y)^2,False
1,0.1,Switching DMPC,service,5112,2.1,2,periodic,none,0.25,0.55,1,0.6758360427778213,1.3673964598827644,0.16595862573301703,1.6720628160463242,20.13845580459637,0.49801846624399837,1755,1289,1755,372.4885307651311,0.7344729344729345,0.2499500000006094,0.7418000000001257,2.454530238033006,(gap/tau_g)^2+(speed/tau_v)^2+(lateral/tau_y)^2,False
1,0.1,Switching DMPC,service,5113,2.1,2,periodic,none,0.25,0.55,1,0.687700979783526,1.3892195825045934,0.16648273140319161,1.777590866892987,20.041441387401974,0.4804143761660302,1755,1308,1755,371.99952608473666,0.7452991452991453,0.24735000000042362,1.1222999999986882,2.5183403280598267,(gap/tau_g)^2+(speed/tau_v)^2+(lateral/tau_y)^2,False
1,0.1,Switching DMPC,service,5114,2.1,2,periodic,none,0.25,0.55,1,0.6713559601472167,1.3725828697484803,0.16530650287387522,1.6832904614504298,20.016017204091973,0.4881557120287492,1755,1321,1755,373.1220835200935,0.7527065527065527,0.24604999999944255,0.64649999999844,2.445650099804364,(gap/tau_g)^2+(speed/tau_v)^2+(lateral/tau_y)^2,False
1,0.1,Switching DMPC,service,5115,2.1,2,periodic,none,0.25,0.55,1,0.6842295220672228,1.3819264097396713,0.16590838178211842,1.7732534754822529,19.90286387147171,0.49575270440682606,1755,1305,1755,372.52202365893913,0.7435897435897436,0.24090000000143164,5.462400000002532,2.4947893158462255,(gap/tau_g)^2+(speed/tau_v)^2+(lateral/tau_y)^2,False
1,0.1,Switching DMPC,service,5116,2.1,2,periodic,none,0.25,0.55,1,0.6679979055793718,1.3652623625520042,0.16557892711257108,1.6601487077178423,20.056854175933083,0.4928685873218376,1755,1344,1755,372.817970646083,0.7658119658119659,0.256000000000256,1.6946000000004346,2.429682132904978,(gap/tau_g)^2+(speed/tau_v)^2+(lateral/tau_y)^2,False
1,0.1,Switching DMPC,service,5117,2.1,2,periodic,none,0.25,0.55,1,0.6846460753222002,1.3914128142952489,0.1657768352326652,1.6959520118510671,19.847551953572093,0.4973173906642643,1755,1334,1755,372.6325872217386,0.7601139601139602,0.3051499999999763,0.6254999999999455,2.508135188921708,(gap/tau_g)^2+(speed/tau_v)^2+(lateral/tau_y)^2,False
1,0.1,Switching DMPC,service,5118,2.1,2,periodic,none,0.25,0.55,1,0.680836520538306,1.3786371900145182,0.16624607894964563,1.6822847018373515,20.031180885124066,0.48466916389080816,1755,1316,1755,372.1955054364626,0.7498575498575498,0.24364999999892945,0.517600000000229,2.4847267200745877,(gap/tau_g)^2+(speed/tau_v)^2+(lateral/tau_y)^2,False
1,0.1,Switching DMPC,service,5119,2.1,2,periodic,none,0.25,0.55,1,0.6800119696523934,1.3799103745808283,0.16666955866898842,1.7107221368298655,20.11049372846233,0.45915500691235334,1755,1265,1755,371.80985384122033,0.7207977207977208,0.2744999999997333,0.5851000000003381,2.4880483792682337,(gap/tau_g)^2+(speed/tau_v)^2+(lateral/tau_y)^2,False
1,0.1,Switching DMPC,service,5120,2.1,2,periodic,none,0.25,0.55,1,0.6774088200914178,1.3783454875555246,0.1664456295277023,1.727875737789799,20.091533353855176,0.46501211209338256,1755,1258,1755,372.00698241642374,0.7168091168091169,0.24110000000021614,0.4141000000004169,2.477699399397718,(gap/tau_g)^2+(speed/tau_v)^2+(lateral/tau_y)^2,False
1,0.1,Switching DMPC,service,5121,2.1,2,periodic,none,0.25,0.55,1,0.6726831283871534,1.379867802880158,0.16562190828782386,1.7030995125278243,19.81113780049865,0.4920256401348496,1755,1338,1755,372.80350689443037,0.7623931623931623,0.24289999999993483,0.7295999999996639,2.461660970524119,(gap/tau_g)^2+(speed/tau_v)^2+(lateral/tau_y)^2,False
1,0.1,Switching DMPC,service,5122,2.1,2,periodic,none,0.25,0.55,1,0.6788527552242449,1.377260937497035,0.16574360709464597,1.6954021398384254,20.043200290799902,0.4873327451767805,1755,1381,1755,372.6839996105314,0.7868945868945869,0.30244999999951006,7.607799999998832,2.4738260173479807,(gap/tau_g)^2+(speed/tau_v)^2+(lateral/tau_y)^2,False
1,0.1,Switching DMPC,service,5123,2.1,2,periodic,none,0.25,0.55,1,0.6769192355476462,1.386521340793066,0.16623674519224124,1.6596644099337032,20.173916590080175,0.4798783235460048,1755,1277,1755,372.22998288455597,0.7276353276353277,0.2607500000024743,1.1642999999992298,2.4863165635069318,(gap/tau_g)^2+(speed/tau_v)^2+(lateral/tau_y)^2,False
1,0.1,Switching DMPC,service,5124,2.1,2,periodic,none,0.25,0.55,1,0.6829685598179212,1.3845350806016543,0.16651820550171292,1.7478155532776714,20.213345162525705,0.48039527630269696,1755,1344,1755,371.94717312023215,0.7658119658119659,0.25585000000027946,0.6188999999992006,2.5004745282019574,(gap/tau_g)^2+(speed/tau_v)^2+(lateral/tau_y)^2,False
1,0.1,Switching DMPC,service,5125,2.1,2,periodic,none,0.25,0.55,1,0.6779559965266361,1.3786035422789245,0.166330376804815,1.7265569443399267,20.251260797764722,0.4788671189414212,1755,1351,1755,372.1380091259514,0.7698005698005698,0.295200000000051,0.9218000000004167,2.478421989479515,(gap/tau_g)^2+(speed/tau_v)^2+(lateral/tau_y)^2,False
1,0.1,Switching DMPC,service,5126,2.1,2,periodic,none,0.25,0.55,1,0.683968782295269,1.3807234718364212,0.16632640333359142,1.7650834775172057,20.09722550628254,0.4889312645801851,1755,1311,1755,372.1234295081529,0.747008547008547,0.24559999999773652,0.6267999999991503,2.4959315779932716,(gap/tau_g)^2+(speed/tau_v)^2+(lateral/tau_y)^2,False
1,0.1,Switching DMPC,service,5127,2.1,2,periodic,none,0.25,0.55,1,0.6815899254888669,1.3758273687392026,0.16589071707114184,1.7240235076648756,20.005212811598454,0.46204816035481433,1755,1252,1755,372.5346407582142,0.7133903133903133,0.25669999999777815,0.49339999999986617,2.479652065285636,(gap/tau_g)^2+(speed/tau_v)^2+(lateral/tau_y)^2,False
1,0.1,Switching DMPC,service,5128,2.1,2,periodic,none,0.25,0.55,1,0.6851304354198029,1.3875813992967234,0.16639970208922583,1.6722528746669207,20.05857644244179,0.4955926507352836,1755,1334,1755,372.0819059962127,0.7601139601139602,0.2532500000000937,1.0685999999999751,2.509054838484155,(gap/tau_g)^2+(speed/tau_v)^2+(lateral/tau_y)^2,False
1,0.1,Switching DMPC,service,5129,2.1,2,periodic,none,0.25,0.55,1,0.6782617315188979,1.3784199231615717,0.16629960387358655,1.7287609022617692,20.20376915489839,0.48712550290746126,1755,1300,1755,372.15957763004496,0.7407407407407407,0.262449999999248,5.085000000001116,2.478644946143163,(gap/tau_g)^2+(speed/tau_v)^2+(lateral/tau_y)^2,False
1,0.1,Switching DMPC,service,5130,2.1,2,periodic,none,0.25,0.55,1,0.6818025969997351,1.3851562215207809,0.16610525580030516,1.6703665038887165,20.067906427057892,0.4855524404113889,1755,1391,1755,372.34446217243703,0.7925925925925926,0.2678000000013725,1.709799999996875,2.4950894195544007,(gap/tau_g)^2+(speed/tau_v)^2+(lateral/tau_y)^2,False
1,0.1,Robust DMPC,service,5101,2.1,2,periodic,none,0.25,0.55,1,0.6819320929142221,1.3786480854563141,0.16615688095377684,1.7432562211767912,20.0906173570218,0.49670168858096064,1755,1346,1755,372.28644286450367,0.766951566951567,0.3903999999996799,0.6625000000006764,2.4866550485276795,(gap/tau_g)^2+(speed/tau_v)^2+(lateral/tau_y)^2,False
1,0.1,Robust DMPC,service,5102,2.1,2,periodic,none,0.25,0.55,1,0.6763652244856411,1.3831028200376558,0.1663718987777859,1.734586959717886,19.990770029382254,0.4883046046888406,1755,1310,1755,372.11096072355735,0.7464387464387464,0.404549999999837,1.0383000000011577,2.481276912071194,(gap/tau_g)^2+(speed/tau_v)^2+(lateral/tau_y)^2,False
1,0.1,Robust DMPC,service,5103,2.1,2,periodic,none,0.25,0.55,1,0.6723579005537349,1.3868908130810076,0.16687388747152845,1.663591004386684,19.993757394459863,0.4862420446390028,1755,1367,1755,371.6317517506099,0.7789173789173789,0.38654999999909734,0.6163000000007912,2.481203998526079,(gap/tau_g)^2+(speed/tau_v)^2+(lateral/tau_y)^2,False
1,0.1,Robust DMPC,service,5104,2.1,2,periodic,none,0.25,0.55,1,0.6743504060842463,1.380947882344369,0.16612267692552277,1.7379432405448318,20.295594313818356,0.45968604041590244,1755,1363,1755,372.3528283522616,0.7766381766381767,0.36799999999992394,0.7005000000006589,2.47132820406467,(gap/tau_g)^2+(speed/tau_v)^2+(lateral/tau_y)^2,False
1,0.1,Robust DMPC,service,5105,2.1,2,periodic,none,0.25,0.55,1,0.6780129723396884,1.3862465912678055,0.1660528427007937,1.6360488714312647,20.214501602932614,0.4932476640951342,1755,1329,1755,372.40296749850694,0.7572649572649572,0.4147999999997154,1.6625000000018986,2.48703471804284,(gap/tau_g)^2+(speed/tau_v)^2+(lateral/tau_y)^2,False
1,0.1,Robust DMPC,service,5106,2.1,2,periodic,none,0.25,0.55,1,0.6746807157708667,1.3986158848416992,0.1670354955894197,1.6967366258163143,20.089179629449433,0.48711044486605337,1755,1349,1755,371.47751646436757,0.7686609686609687,0.4375999999997049,3.7157000000007656,2.5047789888182304,(gap/tau_g)^2+(speed/tau_v)^2+(lateral/tau_y)^2,False
1,0.1,Robust DMPC,service,5107,2.1,2,periodic,none,0.25,0.55,1,0.6763719375039421,1.3815029175020035,0.1660736809894272,1.6721446786991003,20.078347488143656,0.48284093387254445,1755,1273,1755,372.3717920876275,0.7253561253561254,0.3980999999999568,1.0104999999995812,2.4765578428069164,(gap/tau_g)^2+(speed/tau_v)^2+(lateral/tau_y)^2,False
1,0.1,Robust DMPC,service,5108,2.1,2,periodic,none,0.25,0.55,1,0.6786941018559006,1.3873938259941292,0.16622857991244813,1.6467445023853342,20.01092278250649,0.4925990428314877,1755,1318,1755,372.23277049141336,0.750997150997151,0.5272999999998973,1.0004999999999598,2.491760883584288,(gap/tau_g)^2+(speed/tau_v)^2+(lateral/tau_y)^2,False
1,0.1,Robust DMPC,service,5109,2.1,2,periodic,none,0.25,0.55,1,0.6816668890153286,1.3851928354718424,0.1658852180737561,1.6573718517456293,20.01754553949948,0.49817106931385036,1755,1306,1755,372.529922401136,0.7441595441595441,0.40795000000137804,1.0516000000002634,2.492985961781627,(gap/tau_g)^2+(speed/tau_v)^2+(lateral/tau_y)^2,False
1,0.1,Robust DMPC,service,5110,2.1,2,periodic,none,0.25,0.55,1,0.675205883914733,1.3888266401963756,0.16621336998852246,1.7128925216618975,20.007550135078525,0.48981287690348807,1755,1328,1755,372.23395634924015,0.7566951566951567,0.3912499999998431,1.92480000000117,2.48526805915177,(gap/tau_g)^2+(speed/tau_v)^2+(lateral/tau_y)^2,False
1,0.1,Robust DMPC,service,5111,2.1,2,periodic,none,0.25,0.55,1,0.6823780159412725,1.3856658357546774,0.16550482312961384,1.662148155351812,19.798754000170376,0.48023118729486713,1755,1236,1755,372.9117304858372,0.7042735042735043,0.37790000000192947,1.0329999999996176,2.492227627037403,(gap/tau_g)^2+(speed/tau_v)^2+(lateral/tau_y)^2,False
1,0.1,Robust DMPC,service,5112,2.1,2,periodic,none,0.25,0.55,1,0.6758550629809655,1.367384101429745,0.16595861525706507,1.6717152939535873,20.138528011469383,0.49801887909647524,1755,1289,1755,372.4885312048607,0.7344729344729345,0.4823999999992168,7.6245000000021435,2.4545586130717645,(gap/tau_g)^2+(speed/tau_v)^2+(lateral/tau_y)^2,False
1,0.1,Robust DMPC,service,5113,2.1,2,periodic,none,0.25,0.55,1,0.6877517784541961,1.389181270866807,0.16648272390957303,1.7764815914889913,20.04154635349348,0.4804140545279241,1755,1308,1755,371.99953045083885,0.7452991452991453,0.41370000000107154,0.9405999999998471,2.518410172380339,(gap/tau_g)^2+(speed/tau_v)^2+(lateral/tau_y)^2,False
1,0.1,Robust DMPC,service,5114,2.1,2,periodic,none,0.25,0.55,1,0.6713429150787527,1.372587574596495,0.16530641021448758,1.6817146285542708,20.015658603808255,0.4881568234813253,1755,1321,1755,373.12216374263045,0.7527065527065527,0.4270499999989852,1.12439999999836,2.4456247846991763,(gap/tau_g)^2+(speed/tau_v)^2+(lateral/tau_y)^2,False
1,0.1,Robust DMPC,service,5115,2.1,2,periodic,none,0.25,0.55,1,0.6842487072146229,1.3819225529585546,0.16590830819408683,1.7732071967015706,19.903330086212804,0.49575270440682606,1755,1305,1755,372.5220846098435,0.7435897435897436,0.45764999999953204,48.4454999999997,2.4948299414409387,(gap/tau_g)^2+(speed/tau_v)^2+(lateral/tau_y)^2,False
1,0.1,Robust DMPC,service,5116,2.1,2,periodic,none,0.25,0.55,1,0.6680215124505132,1.3652482273954545,0.16557892178930136,1.65993520125606,20.056900373155088,0.4928685873218376,1755,1344,1755,372.81796995118106,0.7658119658119659,0.4085500000012843,1.5399000000009266,2.4297184666547467,(gap/tau_g)^2+(speed/tau_v)^2+(lateral/tau_y)^2,False
1,0.1,Robust DMPC,service,5117,2.1,2,periodic,none,0.25,0.55,1,0.6846866460512333,1.391374906999935,0.16577685982227144,1.6950456649282415,19.864736579321686,0.4973173906642643,1755,1334,1755,372.632559634591,0.7601139601139602,0.4106000000003718,1.5517000000002668,2.508180336491915,(gap/tau_g)^2+(speed/tau_v)^2+(lateral/tau_y)^2,False
1,0.1,Robust DMPC,service,5118,2.1,2,periodic,none,0.25,0.55,1,0.6808460395044843,1.3786363878273908,0.1662460761700233,1.6821995814364703,20.03116337718137,0.48466916389080816,1755,1316,1755,372.1954976795667,0.7498575498575498,0.4050499999976864,0.7576999999976408,2.4847486116931403,(gap/tau_g)^2+(speed/tau_v)^2+(lateral/tau_y)^2,False
1,0.1,Robust DMPC,service,5119,2.1,2,periodic,none,0.25,0.55,1,0.680053800292335,1.3798796286137605,0.16666970051438587,1.7099516064168165,20.11048853070234,0.45915478766051665,1755,1265,1755,371.80975418917205,0.7207977207977208,0.7147999999990162,1.3957999999973936,2.488107411369707,(gap/tau_g)^2+(speed/tau_v)^2+(lateral/tau_y)^2,False
1,0.1,Robust DMPC,service,5120,2.1,2,periodic,none,0.25,0.55,1,0.6774139021494775,1.3783401407338574,0.1664454528683377,1.727520525169701,20.09154115437415,0.4650121333355848,1755,1258,1755,372.00707520169533,0.7168091168091169,0.4085499999995079,0.8668999999983384,2.477702649544719,(gap/tau_g)^2+(speed/tau_v)^2+(lateral/tau_y)^2,False
1,0.1,Robust DMPC,service,5121,2.1,2,periodic,none,0.25,0.55,1,0.6726843038489044,1.3798635500129715,0.16562181967283515,1.7029771033904029,19.811145046594284,0.4920263638793384,1755,1338,1755,372.80350175473217,0.7623931623931623,0.3860999999982795,1.2980999999996357,2.461657059974193,(gap/tau_g)^2+(speed/tau_v)^2+(lateral/tau_y)^2,False
1,0.1,Robust DMPC,service,5122,2.1,2,periodic,none,0.25,0.55,1,0.6788593391454465,1.3772551922544678,0.16574360305361258,1.6953872786398985,20.043656736594258,0.4873328949187571,1755,1381,1755,372.6840008126081,0.7868945868945869,0.38040000000094665,0.8994999999991649,2.47383380137326,(gap/tau_g)^2+(speed/tau_v)^2+(lateral/tau_y)^2,False
1,0.1,Robust DMPC,service,5123,2.1,2,periodic,none,0.25,0.55,1,0.6769238120908143,1.3865187780590598,0.16623665187941847,1.6596666658117947,20.173923633985105,0.47987847028334296,1755,1277,1755,372.22999161953175,0.7276353276353277,0.3909000000028584,1.4643000000020834,2.486323177079018,(gap/tau_g)^2+(speed/tau_v)^2+(lateral/tau_y)^2,False
1,0.1,Robust DMPC,service,5124,2.1,2,periodic,none,0.25,0.55,1,0.6829881578383694,1.3845205146760142,0.1665182609132731,1.7473905441293662,20.213345162525705,0.48039527630269696,1755,1344,1755,371.9471213696167,0.7658119658119659,0.43824999999841907,1.108500000000845,2.5005020022506694,(gap/tau_g)^2+(speed/tau_v)^2+(lateral/tau_y)^2,False
1,0.1,Robust DMPC,service,5125,2.1,2,periodic,none,0.25,0.55,1,0.6779667417787204,1.3785930586097495,0.1663304014969643,1.7262889156330208,20.251260797764722,0.4788677512220304,1755,1351,1755,372.1379839493108,0.7698005698005698,0.42310000000078674,1.1542999999996084,2.4784333488544084,(gap/tau_g)^2+(speed/tau_v)^2+(lateral/tau_y)^2,False
1,0.1,Robust DMPC,service,5126,2.1,2,periodic,none,0.25,0.55,1,0.6839757858701556,1.3807321760884024,0.16632640520029776,1.765179096082757,20.09722550628254,0.4889312645801851,1755,1311,1755,372.123431172771,0.747008547008547,0.37949999999931094,0.764000000000209,2.4959608889936966,(gap/tau_g)^2+(speed/tau_v)^2+(lateral/tau_y)^2,False
1,0.1,Robust DMPC,service,5127,2.1,2,periodic,none,0.25,0.55,1,0.6815820002505527,1.3758232294595159,0.1658904599597585,1.723655759563047,20.005212811598454,0.46272575419178663,1755,1252,1755,372.5348756811238,0.7133903133903133,0.42840000000055056,1.7573999999989098,2.4796249153636816,(gap/tau_g)^2+(speed/tau_v)^2+(lateral/tau_y)^2,False
1,0.1,Robust DMPC,service,5128,2.1,2,periodic,none,0.25,0.55,1,0.6851735108628451,1.3875907806763235,0.1663995555945134,1.6718872051708096,20.058628699599282,0.4955926507352836,1755,1334,1755,372.08190035690313,0.7601139601139602,0.4475999999993263,0.8976000000018303,2.509171838695774,(gap/tau_g)^2+(speed/tau_v)^2+(lateral/tau_y)^2,False
1,0.1,Robust DMPC,service,5129,2.1,2,periodic,none,0.25,0.55,1,0.6782848397380457,1.378407751407806,0.16629958301222544,1.7286902783188236,20.203808096034756,0.48712619660473744,1755,1300,1755,372.1595916046219,0.7407407407407407,0.40594999999932213,1.0137000000014496,2.478683381232703,(gap/tau_g)^2+(speed/tau_v)^2+(lateral/tau_y)^2,False
1,0.1,Robust DMPC,service,5130,2.1,2,periodic,none,0.25,0.55,1,0.6817878288116386,1.3851577447926395,0.166105260351982,1.6704079674188737,20.067906427057892,0.4855524404113889,1755,1391,1755,372.34446219329806,0.7925925925925926,0.41989999999891836,1.7038000000013653,2.495055809926516,(gap/tau_g)^2+(speed/tau_v)^2+(lateral/tau_y)^2,False
1,0.1,Zheng et al. (2024),service,5101,2.1,2,periodic,none,0.25,0.55,1,0.3659238335574118,1.595512278446516,0.16606285257100586,0.3582976120482855,18.915825692627337,0.49670168858096064,1755,1346,1755,372.5308409973582,0.766951566951567,0.21510000000013463,0.415799999998967,2.2262724994596628,(gap/tau_g)^2+(speed/tau_v)^2+(lateral/tau_y)^2,False
1,0.1,Zheng et al. (2024),service,5102,2.1,2,periodic,none,0.25,0.55,1,0.3833978046664903,1.5990091387801166,0.16626591180671677,0.35788602017850696,18.90906808487214,0.49689414071976845,1755,1310,1755,372.35634874878804,0.7464387464387464,0.21075000000081445,0.96059999999909,2.2569365003500077,(gap/tau_g)^2+(speed/tau_v)^2+(lateral/tau_y)^2,False
1,0.1,Zheng et al. (2024),service,5103,2.1,2,periodic,none,0.25,0.55,1,0.36532970610677323,1.605422313130356,0.1667764058794642,0.34568961763060113,19.027846941849397,0.4955893860027041,1755,1367,1755,371.8781435747717,0.7789173789173789,0.2709500000008802,1.4594999999992808,2.247621967775852,(gap/tau_g)^2+(speed/tau_v)^2+(lateral/tau_y)^2,False
1,0.1,Zheng et al. (2024),service,5104,2.1,2,periodic,none,0.25,0.55,1,0.3705215421457997,1.6003660524722139,0.16600195826725625,0.3643924086484115,19.101556595860288,0.49647076116871725,1755,1363,1755,372.5936211701197,0.7766381766381767,0.2098999999979867,0.8212000000007436,2.23970078675925,(gap/tau_g)^2+(speed/tau_v)^2+(lateral/tau_y)^2,False
1,0.1,Zheng et al. (2024),service,5105,2.1,2,periodic,none,0.25,0.55,1,0.3703018042227428,1.6075302903787063,0.16593712967001478,0.34119985332958735,19.06654966261793,0.4977272050640096,1755,1329,1755,372.6444786664025,0.7572649572649572,0.21910000000069374,0.6659999999989452,2.2505989868881975,(gap/tau_g)^2+(speed/tau_v)^2+(lateral/tau_y)^2,False
1,0.1,Zheng et al. (2024),service,5106,2.1,2,periodic,none,0.25,0.55,1,0.36955682947514407,1.6190512168584001,0.16691687669608885,0.3598821703374885,18.871948127438223,0.4930907540441235,1755,1349,1755,371.7361285026647,0.7686609686609687,0.21334999999922388,0.7938999999979046,2.276737859132175,(gap/tau_g)^2+(speed/tau_v)^2+(lateral/tau_y)^2,False
1,0.1,Zheng et al. (2024),service,5107,2.1,2,periodic,none,0.25,0.55,1,0.3647778981656627,1.5975560564657763,0.1660040423509941,0.35947231110023375,19.089584146362277,0.4959349595390765,1755,1273,1755,372.5887348685795,0.7253561253561254,0.23549999999872284,1.1274999999990598,2.2276252297021357,(gap/tau_g)^2+(speed/tau_v)^2+(lateral/tau_y)^2,False
1,0.1,Zheng et al. (2024),service,5108,2.1,2,periodic,none,0.25,0.55,1,0.37232809217133656,1.6051603190553556,0.16612272298183173,0.3375561745229414,18.924545679027204,0.4961659726205807,1755,1318,1755,372.4702299161557,0.750997150997151,0.21515000000071893,0.6631000000005827,2.250930171071018,(gap/tau_g)^2+(speed/tau_v)^2+(lateral/tau_y)^2,False
1,0.1,Zheng et al. (2024),service,5109,2.1,2,periodic,none,0.25,0.55,1,0.37614314081586897,1.6057616160111574,0.16576321654633056,0.34687983255148364,18.848108712871444,0.49817106931385036,1755,1306,1755,372.78999695244454,0.7441595441595441,0.24604999999944255,0.8791999999999689,2.254008715741712,(gap/tau_g)^2+(speed/tau_v)^2+(lateral/tau_y)^2,False
1,0.1,Zheng et al. (2024),service,5110,2.1,2,periodic,none,0.25,0.55,1,0.3678804496246602,1.609972103587491,0.16609282270175402,0.3602580383119614,18.77877378426995,0.49668996918805075,1755,1328,1755,372.48618853037465,0.7566951566951567,0.20815000000062867,0.8902000000006183,2.2527221925642555,(gap/tau_g)^2+(speed/tau_v)^2+(lateral/tau_y)^2,False
1,0.1,Zheng et al. (2024),service,5111,2.1,2,periodic,none,0.25,0.55,1,0.37964426684009467,1.6047549880881729,0.16541576806970357,0.3473152890034694,18.90648025950292,0.49989299843379453,1755,1236,1755,373.130760750176,0.7042735042735043,0.20989999999976305,0.5141000000001839,2.2541873397163097,(gap/tau_g)^2+(speed/tau_v)^2+(lateral/tau_y)^2,False
1,0.1,Zheng et al. (2024),service,5112,2.1,2,periodic,none,0.25,0.55,1,0.3807352384780547,1.5794675215798604,0.16585093344249668,0.34904610405823616,19.038817476044038,0.49835128290543074,1755,1289,1755,372.7228062486747,0.7344729344729345,0.2442000000009159,1.045399999998864,2.2181838925365795,(gap/tau_g)^2+(speed/tau_v)^2+(lateral/tau_y)^2,False
1,0.1,Zheng et al. (2024),service,5113,2.1,2,periodic,none,0.25,0.55,1,0.37190908452519805,1.6098607862525753,0.16638267138229842,0.3751826450475828,18.787973004285753,0.4953710997808981,1755,1308,1755,372.2407925855922,0.7452991452991453,0.23294999999912136,1.5880000000016992,2.260246898822838,(gap/tau_g)^2+(speed/tau_v)^2+(lateral/tau_y)^2,False
1,0.1,Zheng et al. (2024),service,5114,2.1,2,periodic,none,0.25,0.55,1,0.3669568126655311,1.5946277833176419,0.16520871955770614,0.35006728190047803,19.02341528877973,0.5023507222378749,1755,1321,1755,373.34142719331595,0.7527065527065527,0.21034999999969273,1.5059999999991192,2.2191049930221385,(gap/tau_g)^2+(speed/tau_v)^2+(lateral/tau_y)^2,False
1,0.1,Zheng et al. (2024),service,5115,2.1,2,periodic,none,0.25,0.55,1,0.38426577433701103,1.5953258995053623,0.1657989177610813,0.36690085392424304,18.82950377237845,0.49902366881601157,1755,1305,1755,372.759995060567,0.7435897435897436,0.21294999999810216,0.6902999999987003,2.248241435442256,(gap/tau_g)^2+(speed/tau_v)^2+(lateral/tau_y)^2,False
1,0.1,Zheng et al. (2024),service,5116,2.1,2,periodic,none,0.25,0.55,1,0.38336916258417236,1.5789531491354813,0.16544172646400368,0.34698148186943223,18.996952019441856,0.49966090397022356,1755,1344,1755,373.07733494925014,0.7658119658119659,0.2090999999975196,0.5995999999974799,2.217543774063567,(gap/tau_g)^2+(speed/tau_v)^2+(lateral/tau_y)^2,False
1,0.1,Zheng et al. (2024),service,5117,2.1,2,periodic,none,0.25,0.55,1,0.37512942378823266,1.6152335277983567,0.1656724600420903,0.35269956830535176,19.110498327932604,0.4973173906642643,1755,1334,1755,372.87331490308185,0.7601139601139602,0.22114999999978124,1.2019999999992592,2.267468608159994,(gap/tau_g)^2+(speed/tau_v)^2+(lateral/tau_y)^2,False
1,0.1,Zheng et al. (2024),service,5118,2.1,2,periodic,none,0.25,0.55,1,0.3666679844472434,1.6020225971516688,0.16614684813501238,0.35853892580345303,19.04016994775349,0.4969987294047674,1755,1316,1755,372.4421369270008,0.7498575498575498,0.2990999999994415,0.8268999999998528,2.2385601779118667,(gap/tau_g)^2+(speed/tau_v)^2+(lateral/tau_y)^2,False
1,0.1,Zheng et al. (2024),service,5119,2.1,2,periodic,none,0.25,0.55,1,0.37198976155028507,1.5922870499780883,0.16658190727454691,0.3577399513322249,18.95030909520066,0.4940064505583016,1755,1265,1755,372.0438724630185,0.7207977207977208,0.21835000000081095,0.48699999999968213,2.2333009832618256,(gap/tau_g)^2+(speed/tau_v)^2+(lateral/tau_y)^2,False
1,0.1,Zheng et al. (2024),service,5120,2.1,2,periodic,none,0.25,0.55,1,0.38155999951197034,1.5920391060068837,0.16630247027357495,0.35837663513428814,19.107705411212976,0.49529263254945954,1755,1258,1755,372.2770529342082,0.7168091168091169,0.23974999999865076,0.6924999999995407,2.2433933663000944,(gap/tau_g)^2+(speed/tau_v)^2+(lateral/tau_y)^2,False
1,0.1,Zheng et al. (2024),service,5121,2.1,2,periodic,none,0.25,0.55,1,0.37380282388832947,1.5971194891189509,0.16551368357317675,0.35327478837072124,18.778180981501713,0.4991653351364549,1755,1338,1755,373.047872070351,0.7623931623931623,0.23850000000003035,0.461399999998946,2.2346996068090568,(gap/tau_g)^2+(speed/tau_v)^2+(lateral/tau_y)^2,False
1,0.1,Zheng et al. (2024),service,5122,2.1,2,periodic,none,0.25,0.55,1,0.37734384437811697,1.5956733227956916,0.165636948296255,0.3474762712833144,19.216572450382728,0.49889520070811455,1755,1381,1755,372.92313786722326,0.7868945868945869,0.22734999999940442,0.5155999999999494,2.2380928955580504,(gap/tau_g)^2+(speed/tau_v)^2+(lateral/tau_y)^2,False
1,0.1,Zheng et al. (2024),service,5123,2.1,2,periodic,none,0.25,0.55,1,0.37646476641376014,1.605039209876797,0.16612363854468773,0.3465053110330914,18.977871150284095,0.4960196248133981,1755,1277,1755,372.47674405344276,0.7276353276353277,0.21149999999892088,1.033199999998402,2.256246104610573,(gap/tau_g)^2+(speed/tau_v)^2+(lateral/tau_y)^2,False
1,0.1,Zheng et al. (2024),service,5124,2.1,2,periodic,none,0.25,0.55,1,0.37544934820008463,1.601834050065733,0.16644111408491885,0.36490494436980303,18.901496249428746,0.49638281031912335,1755,1344,1755,372.16750665347917,0.7658119658119659,0.21049999999966928,1.1732000000002074,2.252284133964592,(gap/tau_g)^2+(speed/tau_v)^2+(lateral/tau_y)^2,False
1,0.1,Zheng et al. (2024),service,5125,2.1,2,periodic,none,0.25,0.55,1,0.3710736761476639,1.5949075053521495,0.1662246632735281,0.3555668907687761,19.145218225054293,0.496667973606981,1755,1351,1755,372.3672248034626,0.7698005698005698,0.20639999999971792,0.7254000000003202,2.2333796781780992,(gap/tau_g)^2+(speed/tau_v)^2+(lateral/tau_y)^2,False
1,0.1,Zheng et al. (2024),service,5126,2.1,2,periodic,none,0.25,0.55,1,0.37415678529181867,1.5981415296772044,0.16618910915519175,0.36983251254450944,18.831132948817263,0.49556007190986995,1755,1311,1755,372.38548577050216,0.747008547008547,0.21294999999987851,1.230499999998358,2.242437451704819,(gap/tau_g)^2+(speed/tau_v)^2+(lateral/tau_y)^2,False
1,0.1,Zheng et al. (2024),service,5127,2.1,2,periodic,none,0.25,0.55,1,0.37856058009858556,1.589470918023934,0.1658148906958939,0.3579536317320102,19.18437567615895,0.4989673075494202,1755,1252,1755,372.73457507625994,0.7133903133903133,0.23794999999893207,0.6623999999995078,2.2311231008151258,(gap/tau_g)^2+(speed/tau_v)^2+(lateral/tau_y)^2,False
1,0.1,Zheng et al. (2024),service,5128,2.1,2,periodic,none,0.25,0.55,1,0.37459879398720713,1.608044705371913,0.16628689308775105,0.3467140437553989,18.96976803561911,0.4955926507352836,1755,1334,1755,372.3199831713905,0.7601139601139602,0.2270499999994513,0.6948999999991656,2.2600382959856957,(gap/tau_g)^2+(speed/tau_v)^2+(lateral/tau_y)^2,False
1,0.1,Zheng et al. (2024),service,5129,2.1,2,periodic,none,0.25,0.55,1,0.37142973944685825,1.5945674959895564,0.1661903120886753,0.3635220187991502,19.079713030444623,0.49666576075522306,1755,1300,1755,372.397429668495,0.7407407407407407,0.20875000000231125,0.47959999999847014,2.2330109211771165,(gap/tau_g)^2+(speed/tau_v)^2+(lateral/tau_y)^2,False
1,0.1,Zheng et al. (2024),service,5130,2.1,2,periodic,none,0.25,0.55,1,0.3861042378101224,1.6030569084126691,0.1659913885504074,0.3490987336915151,19.013014523868463,0.4972213566117878,1755,1391,1755,372.58631632938597,0.7925925925925926,0.21985000000057653,1.4317999999988729,2.264971472075882,(gap/tau_g)^2+(speed/tau_v)^2+(lateral/tau_y)^2,False
1,0.1,Proposed,service,5101,2.1,2,aware,none,0.25,0.55,1,0.6772057449043686,1.3851819869169146,0.16614148909161636,1.8604560104257621,20.167912201144944,0.40646964254121176,700,494,700,148.48989309627805,0.7057142857142857,0.5270999999993364,1.4204999999982704,2.484320734334223,(gap/tau_g)^2+(speed/tau_v)^2+(lateral/tau_y)^2,False
1,0.1,Proposed,service,5102,2.1,2,aware,none,0.25,0.55,1,0.6812082735750665,1.3804246734577168,0.16636204461986678,1.810851092769452,19.964596674289396,0.45363830856948106,700,464,700,148.42636175131912,0.6628571428571428,0.39884999999806325,0.7686000000006743,2.4891073787567453,(gap/tau_g)^2+(speed/tau_v)^2+(lateral/tau_y)^2,False
1,0.1,Proposed,service,5103,2.1,2,aware,none,0.25,0.55,1,0.6681500983325884,1.3904534551240146,0.16687696388231688,1.7839886457356695,19.580806827348226,0.48219596603895687,700,511,700,148.23116078508227,0.73,0.42885000000048024,0.9487999999997498,2.476250255218172,(gap/tau_g)^2+(speed/tau_v)^2+(lateral/tau_y)^2,False
1,0.1,Proposed,service,5104,2.1,2,aware,none,0.25,0.55,1,0.6750557635440416,1.379220543005503,0.16612818348620143,1.8389174916026858,20.18313169185916,0.3941170485376835,700,506,700,148.52384386581937,0.7228571428571429,0.4021499999993239,1.3426000000009708,2.470633532075268,(gap/tau_g)^2+(speed/tau_v)^2+(lateral/tau_y)^2,False
1,0.1,Proposed,service,5105,2.1,2,aware,none,0.25,0.55,1,0.68017700702548,1.3847328362107494,0.1660562910713785,1.7249162807762182,20.10562333566414,0.47836651267877217,700,474,700,148.54303470844528,0.6771428571428572,0.37360000000141724,1.216899999999299,2.490148446499114,(gap/tau_g)^2+(speed/tau_v)^2+(lateral/tau_y)^2,False
1,0.1,Proposed,service,5106,2.1,2,aware,none,0.25,0.55,1,0.6748666435513565,1.3992455850694159,0.16704710887556948,1.91166810550316,19.880932310343354,0.44124759046397677,700,503,700,148.16954943383502,0.7185714285714285,0.39720000000187383,1.096399999997999,2.5062209454947055,(gap/tau_g)^2+(speed/tau_v)^2+(lateral/tau_y)^2,False
1,0.1,Proposed,service,5107,2.1,2,aware,none,0.25,0.55,1,0.6858418695867832,1.377688791847583,0.16606914607185164,1.7676971342668564,19.713942714325682,0.48138581102971656,700,454,700,148.52359749880992,0.6485714285714286,0.39384999999825254,0.8736000000020283,2.494084309833865,(gap/tau_g)^2+(speed/tau_v)^2+(lateral/tau_y)^2,False
1,0.1,Proposed,service,5108,2.1,2,aware,none,0.25,0.55,1,0.6790922010960839,1.3887597242406164,0.16625773653920747,1.728816661222009,19.733586801768666,0.480191698246791,700,477,700,148.4612226326281,0.6814285714285714,0.3991000000009848,1.3830000000005782,2.494898851793895,(gap/tau_g)^2+(speed/tau_v)^2+(lateral/tau_y)^2,False
1,0.1,Proposed,service,5109,2.1,2,aware,none,0.25,0.55,1,0.6840353506866832,1.3832324273122838,0.16585224003447402,1.6917369444367494,19.897065339257814,0.4882898226425899,700,473,700,148.5956000336498,0.6757142857142857,0.3737000000008095,1.0532999999988135,2.4956938825745176,(gap/tau_g)^2+(speed/tau_v)^2+(lateral/tau_y)^2,False
1,0.1,Proposed,service,5110,2.1,2,aware,none,0.25,0.55,1,0.6810352200813744,1.3886544836758814,0.16622396821351965,1.8477143025245397,20.068355050177907,0.4351178173110929,700,487,700,148.472586634019,0.6957142857142857,0.3989000000004239,0.9206999999982202,2.4991672653627655,(gap/tau_g)^2+(speed/tau_v)^2+(lateral/tau_y)^2,False
1,0.1,Proposed,service,5111,2.1,2,aware,none,0.25,0.55,1,0.684090258166429,1.3902577851066598,0.16550748844149765,1.760007431467195,19.882720529937792,0.4888996418720073,700,447,700,148.7449863418638,0.6385714285714286,0.4473499999999575,1.7274000000000456,2.5029127146037355,(gap/tau_g)^2+(speed/tau_v)^2+(lateral/tau_y)^2,False
1,0.1,Proposed,service,5112,2.1,2,aware,none,0.25,0.55,1,0.6787042813928237,1.3710428159559944,0.16596953130147904,1.822308757001972,20.01981049727494,0.4417074966514878,700,456,700,148.56209099644806,0.6514285714285715,0.3899000000000541,1.1955999999990752,2.466622212276091,(gap/tau_g)^2+(speed/tau_v)^2+(lateral/tau_y)^2,False
1,0.1,Proposed,service,5113,2.1,2,aware,none,0.25,0.55,1,0.6887675681092349,1.3890640861154357,0.166515893666419,1.9058434499119965,19.942154871712653,0.445623493165495,700,446,700,148.3671549082293,0.6371428571428571,0.3968000000007521,0.8526000000017575,2.521005988430006,(gap/tau_g)^2+(speed/tau_v)^2+(lateral/tau_y)^2,False
1,0.1,Proposed,service,5114,2.1,2,aware,none,0.25,0.55,1,0.6671819164469875,1.3751199391819526,0.16532206355312185,1.7534091578610145,19.77348016005711,0.4816115727290685,700,472,700,148.81930019686186,0.6742857142857143,0.604599999999067,1.3554000000013389,2.439402760199618,(gap/tau_g)^2+(speed/tau_v)^2+(lateral/tau_y)^2,False
1,0.1,Proposed,service,5115,2.1,2,aware,none,0.25,0.55,1,0.6806716853379219,1.384185010514362,0.1659035618316382,1.8082050743560176,19.758451845525883,0.45864766980463934,700,482,700,148.5879122687495,0.6885714285714286,0.39400000000000546,1.5883999999992682,2.4893037951095307,(gap/tau_g)^2+(speed/tau_v)^2+(lateral/tau_y)^2,False
1,0.1,Proposed,service,5116,2.1,2,aware,none,0.25,0.55,1,0.6665462025977179,1.367148565345308,0.16557289779519843,1.7744563116419838,19.822968811959925,0.4585921897004327,700,493,700,148.70021689031074,0.7042857142857143,0.4009499999995114,1.434100000000882,2.4288175500963276,(gap/tau_g)^2+(speed/tau_v)^2+(lateral/tau_y)^2,False
1,0.1,Proposed,service,5117,2.1,2,aware,none,0.25,0.55,1,0.6818764741346001,1.393415776811412,0.16576602641464006,1.7671206484487774,19.793157221604325,0.4709376546115772,700,480,700,148.63191071565137,0.6857142857142857,0.3806999999991234,1.387499999999875,2.504163074809801,(gap/tau_g)^2+(speed/tau_v)^2+(lateral/tau_y)^2,False
1,0.1,Proposed,service,5118,2.1,2,aware,none,0.25,0.55,1,0.6871392980018037,1.3765248656468885,0.16626975178712322,1.8005888596648967,19.65513623886259,0.4637761967962898,700,482,700,148.44650384213634,0.6885714285714286,0.40635000000044386,1.9243000000024324,2.497282310098157,(gap/tau_g)^2+(speed/tau_v)^2+(lateral/tau_y)^2,False
1,0.1,Proposed,service,5119,2.1,2,aware,none,0.25,0.55,1,0.6854648994965211,1.3787955268041128,0.1666857790427003,1.8739504048319091,19.918029847451947,0.46577575963583373,700,430,700,148.2969762930019,0.6142857142857143,0.40079999999953486,1.039200000001017,2.4998514722741536,(gap/tau_g)^2+(speed/tau_v)^2+(lateral/tau_y)^2,False
1,0.1,Proposed,service,5120,2.1,2,aware,none,0.25,0.55,1,0.6721504784025418,1.384789754911618,0.16645040831084326,1.8471092421208448,19.609588636359184,0.46467010965023237,700,442,700,148.38003894149017,0.6314285714285715,0.38325000000050125,0.8036000000011256,2.4742081589430085,(gap/tau_g)^2+(speed/tau_v)^2+(lateral/tau_y)^2,False
1,0.1,Proposed,service,5121,2.1,2,aware,none,0.25,0.55,1,0.6764953915267274,1.3809597970353689,0.16564088155997936,1.7792430451433188,20.05690827206687,0.47020562883383543,700,491,700,148.6917262107633,0.7014285714285714,0.41180000000018424,1.784300000000627,2.472500130216417,(gap/tau_g)^2+(speed/tau_v)^2+(lateral/tau_y)^2,False
1,0.1,Proposed,service,5122,2.1,2,aware,none,0.25,0.55,1,0.6876299604895346,1.3742020972959836,0.16574140117560385,1.8122051523189269,20.204404240060768,0.4442384101480631,700,518,700,148.64822737872535,0.74,0.4540999999989026,0.9112000000008891,2.4908362009045057,(gap/tau_g)^2+(speed/tau_v)^2+(lateral/tau_y)^2,False
1,0.1,Proposed,service,5123,2.1,2,aware,none,0.25,0.55,1,0.6843624860614451,1.3844594241718937,0.16622412574103437,1.7022460559374688,19.808478822669954,0.4688879984255989,700,466,700,148.4691343834773,0.6657142857142857,0.38150000000136686,1.7059000000010371,2.501309695673438,(gap/tau_g)^2+(speed/tau_v)^2+(lateral/tau_y)^2,False
1,0.1,Proposed,service,5124,2.1,2,aware,none,0.25,0.55,1,0.686487084720963,1.3836994337968296,0.1665222967073376,1.8771913363296882,20.09661855651119,0.4467154433390319,700,495,700,148.35837332488612,0.7071428571428572,0.38949999999893237,2.110299999998233,2.5078945115564055,(gap/tau_g)^2+(speed/tau_v)^2+(lateral/tau_y)^2,False
1,0.1,Proposed,service,5125,2.1,2,aware,none,0.25,0.55,1,0.6850137952711312,1.3782214496040446,0.16631144451564583,1.856290606085053,20.016278313465833,0.40850093621006,700,496,700,148.43051217607223,0.7085714285714285,0.41135000000025457,0.9939999999986071,2.494828569314243,(gap/tau_g)^2+(speed/tau_v)^2+(lateral/tau_y)^2,False
1,0.1,Proposed,service,5126,2.1,2,aware,none,0.25,0.55,1,0.6855199720803214,1.3817214380379583,0.1663208030574722,1.9299387317653351,19.789488511698842,0.4486554458097868,700,481,700,148.4285649981387,0.6871428571428572,0.4091000000006062,1.0790000000007183,2.5010681483507833,(gap/tau_g)^2+(speed/tau_v)^2+(lateral/tau_y)^2,False
1,0.1,Proposed,service,5127,2.1,2,aware,none,0.25,0.55,1,0.68602087422327,1.3730697171517472,0.1658861341907301,1.8597513129758028,19.97238813036968,0.4377657169029703,700,460,700,148.59258974412484,0.6571428571428571,0.36874999999980673,1.3572999999986735,2.4865194521906,(gap/tau_g)^2+(speed/tau_v)^2+(lateral/tau_y)^2,False
1,0.1,Proposed,service,5128,2.1,2,aware,none,0.25,0.55,1,0.6822338915380812,1.3886069976589968,0.16640394221275825,1.7609400048682542,19.99001946610695,0.49380808586742486,700,487,700,148.41065686505118,0.6957142857142857,0.5835000000011803,1.4836000000002514,2.503501676071553,(gap/tau_g)^2+(speed/tau_v)^2+(lateral/tau_y)^2,False
1,0.1,Proposed,service,5129,2.1,2,aware,none,0.25,0.55,1,0.6719332912811853,1.3865262669013558,0.1663163425370874,1.8386255684245456,19.895901299258497,0.46602125263366956,700,473,700,148.4346626136691,0.6757142857142857,0.4070999999985503,1.0391999999974644,2.475029196483568,(gap/tau_g)^2+(speed/tau_v)^2+(lateral/tau_y)^2,False
1,0.1,Proposed,service,5130,2.1,2,aware,none,0.25,0.55,1,0.6704995952020192,1.3906198944352195,0.16611457897645346,1.8257142014488028,20.05801616172971,0.4684610636213201,700,509,700,148.5205497866231,0.7271428571428571,0.4182500000009526,1.349600000001061,2.4757311088785974,(gap/tau_g)^2+(speed/tau_v)^2+(lateral/tau_y)^2,False
2,0.2,CACC,service,5101,2.1,2,periodic,none,0.25,0.55,2,0.9297643654481361,1.2783823126401932,0.16590073050290172,0.3282516012102743,20.6333831140796,0.49670168858096064,1755,1217,1755,372.3122148724104,0.6934472934472935,0.21014999999913186,0.6532999999997458,3.0587040480556933,(gap/tau_g)^2+(speed/tau_v)^2+(lateral/tau_y)^2,False
2,0.2,CACC,service,5102,2.1,2,periodic,none,0.25,0.55,2,0.9184165589607017,1.2856992780846053,0.1661056660214257,0.32923372192236205,20.566401801489526,0.49689414071976845,1755,1174,1755,372.1519844583311,0.6689458689458689,0.2404499999997256,0.498199999999116,3.0326921587688993,(gap/tau_g)^2+(speed/tau_v)^2+(lateral/tau_y)^2,False
2,0.2,CACC,service,5103,2.1,2,periodic,none,0.25,0.55,2,0.9215925418018043,1.285957116897124,0.16663205278266674,0.3072073802416878,20.736694679939987,0.4955893860027041,1755,1230,1755,371.6637692140722,0.7008547008547008,0.21109999999957552,0.36549999999735405,3.0477982236322188,(gap/tau_g)^2+(speed/tau_v)^2+(lateral/tau_y)^2,False
2,0.2,CACC,service,5104,2.1,2,periodic,none,0.25,0.55,2,0.920317820718756,1.277762875826645,0.1658759519326865,0.3246946944209342,20.747033071503836,0.49647076116871725,1755,1227,1755,372.3917099082021,0.6991452991452991,0.2096999999992022,0.6084000000008416,3.026620665982165,(gap/tau_g)^2+(speed/tau_v)^2+(lateral/tau_y)^2,False
2,0.2,CACC,service,5105,2.1,2,periodic,none,0.25,0.55,2,0.92105957384413,1.2831159684786821,0.16579733921659195,0.3057078503862715,20.904865691521593,0.4977272050640096,1755,1198,1755,372.44332731098456,0.6826210826210827,0.22079999999924382,0.6670999999975891,3.0353911905046442,(gap/tau_g)^2+(speed/tau_v)^2+(lateral/tau_y)^2,False
2,0.2,CACC,service,5106,2.1,2,periodic,none,0.25,0.55,2,0.9267885828240415,1.2944726621599856,0.16677186026367216,0.3401277361330962,20.736450590078128,0.4930907540441235,1755,1223,1755,371.51606680101605,0.6968660968660969,0.2289500000003386,0.9243000000012103,3.0772488854365263,(gap/tau_g)^2+(speed/tau_v)^2+(lateral/tau_y)^2,False
2,0.2,CACC,service,5107,2.1,2,periodic,none,0.25,0.55,2,0.9279290225095124,1.2748552951760344,0.1658281830353559,0.32120185022254755,20.62056504096804,0.4959349595390765,1755,1145,1755,372.4068722564784,0.6524216524216524,0.22139999999915005,0.6370000000011089,3.047446506739358,(gap/tau_g)^2+(speed/tau_v)^2+(lateral/tau_y)^2,False
2,0.2,CACC,service,5108,2.1,2,periodic,none,0.25,0.55,2,0.9231610656451043,1.286212749344676,0.16597134089443877,0.3207085686821732,20.492499802998815,0.4961659726205807,1755,1178,1755,372.27406689639594,0.6712250712250712,0.2135000000009768,0.941300000000922,3.047783893898977,(gap/tau_g)^2+(speed/tau_v)^2+(lateral/tau_y)^2,False
2,0.2,CACC,service,5109,2.1,2,periodic,none,0.25,0.55,2,0.9256886700935475,1.2811045040519793,0.16562887049439434,0.3518055690275188,20.62418852705573,0.49817106931385036,1755,1175,1755,372.5763032226143,0.6695156695156695,0.2458000000018501,0.8455000000004986,3.046561589498627,(gap/tau_g)^2+(speed/tau_v)^2+(lateral/tau_y)^2,False
2,0.2,CACC,service,5110,2.1,2,periodic,none,0.25,0.55,2,0.9236586114590615,1.283814716829824,0.1659736820144164,0.3295639456355267,20.584958035469796,0.49668996918805075,1755,1202,1755,372.2729112113713,0.6849002849002849,0.20944999999983338,0.7635999999990872,3.0462924892331045,(gap/tau_g)^2+(speed/tau_v)^2+(lateral/tau_y)^2,False
2,0.2,CACC,service,5111,2.1,2,periodic,none,0.25,0.55,2,0.9387614926842008,1.2781369875295179,0.1652469795142212,0.33669787553458835,20.504034622874585,0.49989299843379453,1755,1124,1755,372.9391312804673,0.6404558404558405,0.21459999999962065,1.477999999998758,3.0828587264302554,(gap/tau_g)^2+(speed/tau_v)^2+(lateral/tau_y)^2,False
2,0.2,CACC,service,5112,2.1,2,periodic,none,0.25,0.55,2,0.9210482303606683,1.2670339208612054,0.1657021770508933,0.3267120869936821,20.80334719454008,0.49835128290543074,1755,1165,1755,372.53310456746965,0.6638176638176638,0.27304999999877566,1.5233000000023367,3.0136410848897053,(gap/tau_g)^2+(speed/tau_v)^2+(lateral/tau_y)^2,False
2,0.2,CACC,service,5113,2.1,2,periodic,none,0.25,0.55,2,0.9314382794534006,1.2851176862267648,0.1662439482323014,0.35540928930205207,20.63968104572909,0.4953710997808981,1755,1175,1755,372.03297726866094,0.6695156695156695,0.2072999999978009,0.6246999999994785,3.075901901241452,(gap/tau_g)^2+(speed/tau_v)^2+(lateral/tau_y)^2,False
2,0.2,CACC,service,5114,2.1,2,periodic,none,0.25,0.55,2,0.9185752943420074,1.2711755230029154,0.16505372083514702,0.33585072253015136,20.49881298649339,0.5023507222378749,1755,1183,1755,373.1497690152232,0.674074074074074,0.2088499999981508,0.7507000000011033,3.0055548682939186,(gap/tau_g)^2+(speed/tau_v)^2+(lateral/tau_y)^2,False
2,0.2,CACC,service,5115,2.1,2,periodic,none,0.25,0.55,2,0.9337769487676957,1.2785085451659834,0.16565450135455526,0.31884994646441617,20.36715773879078,0.49902366881601157,1755,1177,1755,372.5606880735913,0.6706552706552706,0.20525000000048976,0.280000000000058,3.070121296299188,(gap/tau_g)^2+(speed/tau_v)^2+(lateral/tau_y)^2,False
2,0.2,CACC,service,5116,2.1,2,periodic,none,0.25,0.55,2,0.9086581854218758,1.267099619764852,0.16531510653142345,0.31413767097753764,20.749794037189986,0.49966090397022356,1755,1219,1755,372.86126670278094,0.6945868945868946,0.20845000000058178,0.7059999999974309,2.970220373369362,(gap/tau_g)^2+(speed/tau_v)^2+(lateral/tau_y)^2,False
2,0.2,CACC,service,5117,2.1,2,periodic,none,0.25,0.55,2,0.9307705700025217,1.288254569708175,0.16550531677048644,0.32793504686445385,20.86120968680332,0.4973173906642643,1755,1213,1755,372.67578116774143,0.6911680911680912,0.2289500000003386,0.525899999999524,3.071683931124606,(gap/tau_g)^2+(speed/tau_v)^2+(lateral/tau_y)^2,False
2,0.2,CACC,service,5118,2.1,2,periodic,none,0.25,0.55,2,0.9307702644784384,1.2753066968141253,0.16598172062314195,0.3450863530372732,20.69473764522717,0.4969987294047674,1755,1192,1755,372.23981322817383,0.6792022792022792,0.20594999999978825,1.0158999999987373,3.0586959291791613,(gap/tau_g)^2+(speed/tau_v)^2+(lateral/tau_y)^2,False
2,0.2,CACC,service,5119,2.1,2,periodic,none,0.25,0.55,2,0.9384257637378334,1.2721491781562269,0.1664376126742362,0.3176830658705841,20.85123470501992,0.4940064505583016,1755,1130,1755,371.83778736976234,0.6438746438746439,0.20740000000074588,0.6721000000027288,3.083820054895934,(gap/tau_g)^2+(speed/tau_v)^2+(lateral/tau_y)^2,False
2,0.2,CACC,service,5120,2.1,2,periodic,none,0.25,0.55,2,0.9201650946924891,1.2762686177828129,0.16619616982612243,0.31254052716610964,20.694542704306713,0.49529263254945954,1755,1147,1755,372.0511169633499,0.6535612535612536,0.2005499999988558,0.3238999999979342,3.026832203219077,(gap/tau_g)^2+(speed/tau_v)^2+(lateral/tau_y)^2,False
2,0.2,CACC,service,5121,2.1,2,periodic,none,0.25,0.55,2,0.9244768741215679,1.2745367838985204,0.16538333229834726,0.3156046870784656,20.383404583697278,0.4991653351364549,1755,1198,1755,372.8426846327435,0.6826210826210827,0.2430499999999114,0.8885000000020682,3.0319802258592947,(gap/tau_g)^2+(speed/tau_v)^2+(lateral/tau_y)^2,False
2,0.2,CACC,service,5122,2.1,2,periodic,none,0.25,0.55,2,0.9281996158239727,1.2746970374918791,0.16548432381618663,0.3267794020320524,20.92920997430526,0.49889520070811455,1755,1246,1755,372.7189914184256,0.7099715099715099,0.20935000000044113,0.8575999999997919,3.0452854244672816,(gap/tau_g)^2+(speed/tau_v)^2+(lateral/tau_y)^2,False
2,0.2,CACC,service,5123,2.1,2,periodic,none,0.25,0.55,2,0.9255160996456127,1.282276918497648,0.16597422265346215,0.30429390554178165,20.67926818537031,0.4960196248133981,1755,1157,1755,372.2740754122068,0.6592592592592592,0.2086999999999506,0.7157999999982678,3.0503899904552325,(gap/tau_g)^2+(speed/tau_v)^2+(lateral/tau_y)^2,False
2,0.2,CACC,service,5124,2.1,2,periodic,none,0.25,0.55,2,0.9308716690096059,1.2802091497108494,0.16626136527275184,0.3262473593984146,20.723274064343144,0.49638281031912335,1755,1213,1755,371.99609033745276,0.6911680911680912,0.23855000000061466,0.8479000000001236,3.067746273982812,(gap/tau_g)^2+(speed/tau_v)^2+(lateral/tau_y)^2,False
2,0.2,CACC,service,5125,2.1,2,periodic,none,0.25,0.55,2,0.9237646188863984,1.2780916382093046,0.16605102977074157,0.31573305114928935,20.91489364716665,0.496667973606981,1755,1245,1755,372.18442350875955,0.7094017094017094,0.22250000000312298,0.8097000000013566,3.0398020765313976,(gap/tau_g)^2+(speed/tau_v)^2+(lateral/tau_y)^2,False
2,0.2,CACC,service,5126,2.1,2,periodic,none,0.25,0.55,2,0.9353119254808042,1.2785975536015264,0.16605362070707466,0.3262480655783157,20.77874888838405,0.49556007190986995,1755,1188,1755,372.1650797665177,0.676923076923077,0.21840000000139526,1.381099999999691,3.0786476575513975,(gap/tau_g)^2+(speed/tau_v)^2+(lateral/tau_y)^2,False
2,0.2,CACC,service,5127,2.1,2,periodic,none,0.25,0.55,2,0.9336080093879202,1.269452845800056,0.16563309759513223,0.3435430404053657,20.728709632836832,0.4989673075494202,1755,1128,1755,372.58296705389847,0.6427350427350428,0.21904999999833308,0.4200999999994792,3.057610951315793,(gap/tau_g)^2+(speed/tau_v)^2+(lateral/tau_y)^2,False
2,0.2,CACC,service,5128,2.1,2,periodic,none,0.25,0.55,2,0.939434287572787,1.2822339275923615,0.16615368944854667,0.335188414336749,20.854186693092117,0.4955926507352836,1755,1207,1755,372.11100035989426,0.6877492877492878,0.2081999999994366,0.5057000000014966,3.09796918613987,(gap/tau_g)^2+(speed/tau_v)^2+(lateral/tau_y)^2,False
2,0.2,CACC,service,5129,2.1,2,periodic,none,0.25,0.55,2,0.9244179171414485,1.2757983764912877,0.16604739841444716,0.345348121394446,20.709794284118054,0.49666576075522306,1755,1177,1755,372.1938988866872,0.6706552706552706,0.20555000000044288,0.9396999999999878,3.0389303101371246,(gap/tau_g)^2+(speed/tau_v)^2+(lateral/tau_y)^2,False
2,0.2,CACC,service,5130,2.1,2,periodic,none,0.25,0.55,2,0.927777699152248,1.2835105697589537,0.16584066303253972,0.29243095978980277,20.751969942630822,0.4972213566117878,1755,1268,1755,372.3814439440682,0.7225071225071225,0.20845000000058178,0.865300000000957,3.058348398634969,(gap/tau_g)^2+(speed/tau_v)^2+(lateral/tau_y)^2,False
2,0.2,Switching DMPC,service,5101,2.1,2,periodic,none,0.25,0.55,2,0.682136310939285,1.3795032617332958,0.16615886473440364,1.7834031662002563,20.103842294518017,0.4794742041896073,1755,1217,1755,372.282014730532,0.6934472934472935,0.24654999999995653,0.6279000000013468,2.488370181645048,(gap/tau_g)^2+(speed/tau_v)^2+(lateral/tau_y)^2,False
2,0.2,Switching DMPC,service,5102,2.1,2,periodic,none,0.25,0.55,2,0.6770923505589133,1.3831642123564898,0.16637106041072838,1.838500198655665,19.99020472818684,0.47895538907862834,1755,1174,1755,372.112634224474,0.6689458689458689,0.2497499999982722,0.4539000000001181,2.483106156835238,(gap/tau_g)^2+(speed/tau_v)^2+(lateral/tau_y)^2,False
2,0.2,Switching DMPC,service,5103,2.1,2,periodic,none,0.25,0.55,2,0.6710700139127871,1.388172748964812,0.16688749267014122,1.754592759827206,19.853469693157606,0.45413263062290565,1755,1230,1755,371.6281065852975,0.7008547008547008,0.27829999999973154,1.1046000000014544,2.4800566674519535,(gap/tau_g)^2+(speed/tau_v)^2+(lateral/tau_y)^2,False
2,0.2,Switching DMPC,service,5104,2.1,2,periodic,none,0.25,0.55,2,0.6780503364778364,1.3786627852322824,0.1661238623953752,1.7847734998448788,20.26503746336671,0.4624473708749407,1755,1227,1755,372.35573958738553,0.6991452991452991,0.2685499999994789,0.8789999999976317,2.4770163390681685,(gap/tau_g)^2+(speed/tau_v)^2+(lateral/tau_y)^2,False
2,0.2,Switching DMPC,service,5105,2.1,2,periodic,none,0.25,0.55,2,0.6806240640083185,1.3844082607759118,0.16605477310723862,1.6876630579233358,20.214472664965875,0.47090373402495533,1755,1198,1755,372.4027523354436,0.6826210826210827,0.24194999999949118,0.742699999999985,2.4907587953188894,(gap/tau_g)^2+(speed/tau_v)^2+(lateral/tau_y)^2,False
2,0.2,Switching DMPC,service,5106,2.1,2,periodic,none,0.25,0.55,2,0.6769504947544436,1.397356206456243,0.167037119333428,1.7739652004934467,20.043955443260373,0.48589945547836233,1755,1223,1755,371.47598774234655,0.6968660968660969,0.2736999999992662,0.8873999999998716,2.508449649947043,(gap/tau_g)^2+(speed/tau_v)^2+(lateral/tau_y)^2,False
2,0.2,Switching DMPC,service,5107,2.1,2,periodic,none,0.25,0.55,2,0.6780935099907315,1.3815990417709352,0.1660780332530779,1.7227178472612836,19.98115362980368,0.4929758320759037,1755,1145,1755,372.3660209106651,0.6524216524216524,0.28829999999935296,1.0928999999997302,2.4808749346942247,(gap/tau_g)^2+(speed/tau_v)^2+(lateral/tau_y)^2,False
2,0.2,Switching DMPC,service,5108,2.1,2,periodic,none,0.25,0.55,2,0.6788277220969932,1.3878610115982655,0.1662323103154756,1.6974443467682798,19.968229488885925,0.4925643481364891,1755,1178,1755,372.2277379179442,0.6712250712250712,0.24225000000122066,0.3970999999971525,2.4927758740270725,(gap/tau_g)^2+(speed/tau_v)^2+(lateral/tau_y)^2,False
2,0.2,Switching DMPC,service,5109,2.1,2,periodic,none,0.25,0.55,2,0.6839084329574826,1.3835185387385462,0.16589123006860954,1.7059472439690067,19.97011764322979,0.4911162491052785,1755,1175,1755,372.5240465026516,0.6695156695156695,0.3011999999991133,1.0177999999996246,2.496112475645857,(gap/tau_g)^2+(speed/tau_v)^2+(lateral/tau_y)^2,False
2,0.2,Switching DMPC,service,5110,2.1,2,periodic,none,0.25,0.55,2,0.6783825154666594,1.386767483741543,0.16621736301875378,1.717417490186474,19.982717065401125,0.4885644892110199,1755,1202,1755,372.2318049529828,0.6849002849002849,0.27359999999987394,0.6835000000009472,2.490029413446481,(gap/tau_g)^2+(speed/tau_v)^2+(lateral/tau_y)^2,False
2,0.2,Switching DMPC,service,5111,2.1,2,periodic,none,0.25,0.55,2,0.6871801970875829,1.3846349102027713,0.165505188786213,1.7484848270005005,19.825723194619492,0.47766862218667816,1755,1124,1755,372.90828806934667,0.6404558404558405,0.2452000000001675,1.014900000001262,2.502465730775616,(gap/tau_g)^2+(speed/tau_v)^2+(lateral/tau_y)^2,False
2,0.2,Switching DMPC,service,5112,2.1,2,periodic,none,0.25,0.55,2,0.6743023004539805,1.3678541627456249,0.16596219585973448,1.7219177477361396,20.07106087865462,0.48320352445095094,1755,1165,1755,372.4872108418893,0.6638176638176638,0.2557000000003029,0.6927000000018779,2.4515172450636786,(gap/tau_g)^2+(speed/tau_v)^2+(lateral/tau_y)^2,False
2,0.2,Switching DMPC,service,5113,2.1,2,periodic,none,0.25,0.55,2,0.6875180861544368,1.3889387899547474,0.16648876609074106,1.8079711526565796,20.019523835626842,0.49207323336082076,1755,1175,1755,371.9967870061339,0.6695156695156695,0.28639999999846566,0.7711999999990837,2.5175454148403733,(gap/tau_g)^2+(speed/tau_v)^2+(lateral/tau_y)^2,False
2,0.2,Switching DMPC,service,5114,2.1,2,periodic,none,0.25,0.55,2,0.6756539262797429,1.370759172270669,0.16531582274462706,1.7742739251159463,19.876535761087645,0.45999749883171437,1755,1183,1755,373.11524712144086,0.674074074074074,0.2469499999993019,0.7200000000011642,2.453466841243705,(gap/tau_g)^2+(speed/tau_v)^2+(lateral/tau_y)^2,False
2,0.2,Switching DMPC,service,5115,2.1,2,periodic,none,0.25,0.55,2,0.684367040072947,1.381445408247567,0.16591462510278562,1.7928507999822663,19.707177106476003,0.49216928536104454,1755,1177,1755,372.5201151374401,0.6706552706552706,0.27674999999938166,1.025099999999668,2.4944975413114974,(gap/tau_g)^2+(speed/tau_v)^2+(lateral/tau_y)^2,False
2,0.2,Switching DMPC,service,5116,2.1,2,periodic,none,0.25,0.55,2,0.6678811493996301,1.3648764906454072,0.16557598307653817,1.7110471080721237,19.96245011639399,0.47189042650340285,1755,1219,1755,372.82097663690917,0.6945868945868946,0.2637500000002291,1.4177000000010764,2.4288429840317844,(gap/tau_g)^2+(speed/tau_v)^2+(lateral/tau_y)^2,False
2,0.2,Switching DMPC,service,5117,2.1,2,periodic,none,0.25,0.55,2,0.683502841085347,1.391717112422918,0.16577000391245866,1.7743909025664255,19.895184369645257,0.49040294082420954,1755,1213,1755,372.63894005713604,0.6911680911680912,0.27230000000066923,0.7247999999968613,2.5057300104941094,(gap/tau_g)^2+(speed/tau_v)^2+(lateral/tau_y)^2,False
2,0.2,Switching DMPC,service,5118,2.1,2,periodic,none,0.25,0.55,2,0.6818563226625678,1.3794907139799506,0.16625209528927828,1.7335642153127102,19.98656559254448,0.48585726374691385,1755,1192,1755,372.19124969049864,0.6792022792022792,0.260599999998945,0.9896999999980949,2.4884483534618878,(gap/tau_g)^2+(speed/tau_v)^2+(lateral/tau_y)^2,False
2,0.2,Switching DMPC,service,5119,2.1,2,periodic,none,0.25,0.55,2,0.6824700511276531,1.3791395135291413,0.16666483065823637,1.7730180709336634,20.149490085462475,0.4655663872622693,1755,1130,1755,371.811493821933,0.6438746438746439,0.24699999999810984,2.0150999999941632,2.492877795519419,(gap/tau_g)^2+(speed/tau_v)^2+(lateral/tau_y)^2,False
2,0.2,Switching DMPC,service,5120,2.1,2,periodic,none,0.25,0.55,2,0.6784978242176861,1.3766773275759927,0.16644651434254448,1.7616230351021522,20.031972842485985,0.48341080866983144,1755,1147,1755,372.01103200671935,0.6535612535612536,0.4277499999965073,1.8747999999959575,2.477987002793533,(gap/tau_g)^2+(speed/tau_v)^2+(lateral/tau_y)^2,False
2,0.2,Switching DMPC,service,5121,2.1,2,periodic,none,0.25,0.55,2,0.6750442685791858,1.3782436293674507,0.1656254321493574,1.7205742838033684,19.7856562608723,0.4991653351364549,1755,1198,1755,372.80294620176556,0.6826210826210827,0.2841999999994016,1.1232999999997162,2.4650618127935466,(gap/tau_g)^2+(speed/tau_v)^2+(lateral/tau_y)^2,False
2,0.2,Switching DMPC,service,5122,2.1,2,periodic,none,0.25,0.55,2,0.6778655113691401,1.3782117370061306,0.16574825935614673,1.8051208699645582,20.047490594674585,0.4167696768188266,1755,1246,1755,372.68069279109716,0.7099715099715099,0.2524499999996266,0.5324999999984925,2.472820080263654,(gap/tau_g)^2+(speed/tau_v)^2+(lateral/tau_y)^2,False
2,0.2,Switching DMPC,service,5123,2.1,2,periodic,none,0.25,0.55,2,0.6788038147007346,1.3863089999008635,0.16624770020685364,1.76464261852596,20.124662135717912,0.45726131561673944,1755,1157,1755,372.22428632441347,0.6592592592592592,0.2461499999988348,1.9718999999973619,2.490649386421558,(gap/tau_g)^2+(speed/tau_v)^2+(lateral/tau_y)^2,False
2,0.2,Switching DMPC,service,5124,2.1,2,periodic,none,0.25,0.55,2,0.6846104693260762,1.3844472048569234,0.16652216665883188,1.809639882456433,20.08160332415094,0.4767619373760257,1755,1213,1755,371.94569982095436,0.6911680911680912,0.25334999999948593,0.6459999999997024,2.504375257851347,(gap/tau_g)^2+(speed/tau_v)^2+(lateral/tau_y)^2,False
2,0.2,Switching DMPC,service,5125,2.1,2,periodic,none,0.25,0.55,2,0.6763464606263588,1.379860424500766,0.16632921126842662,1.7537766867450455,20.274988369143706,0.47033980822464505,1755,1245,1755,372.1382891332216,0.7094017094017094,0.2569500000006997,0.7725999999976807,2.476306009475876,(gap/tau_g)^2+(speed/tau_v)^2+(lateral/tau_y)^2,False
2,0.2,Switching DMPC,service,5126,2.1,2,periodic,none,0.25,0.55,2,0.686022265312598,1.3790735777579148,0.16632873199836076,1.817732588917122,20.158263838195317,0.42982780154752853,1755,1188,1755,372.12121613475466,0.676923076923077,0.27335000000050513,1.3386000000004117,2.4986291339469267,(gap/tau_g)^2+(speed/tau_v)^2+(lateral/tau_y)^2,False
2,0.2,Switching DMPC,service,5127,2.1,2,periodic,none,0.25,0.55,2,0.68316262652545,1.3741554929580406,0.165883416686245,1.7893647888522735,19.990399428592198,0.4980897338796991,1755,1128,1755,372.54295763344646,0.6427350427350428,0.2855499999991906,0.7571000000012873,2.481061513191058,(gap/tau_g)^2+(speed/tau_v)^2+(lateral/tau_y)^2,False
2,0.2,Switching DMPC,service,5128,2.1,2,periodic,none,0.25,0.55,2,0.6889149085138324,1.3869093831035542,0.16640557663827904,1.7781711702377319,20.010031785175713,0.4884731430860261,1755,1207,1755,372.076157638999,0.6877492877492878,0.2491500000001423,0.6698000000007198,2.517396949952147,(gap/tau_g)^2+(speed/tau_v)^2+(lateral/tau_y)^2,False
2,0.2,Switching DMPC,service,5129,2.1,2,periodic,none,0.25,0.55,2,0.6782450607868763,1.378704738366476,0.1663015800739247,1.7383228124011234,20.29075891392852,0.4910907398008194,1755,1177,1755,372.1567111234966,0.6706552706552706,0.2557000000003029,0.8479000000001236,2.4790218241921,(gap/tau_g)^2+(speed/tau_v)^2+(lateral/tau_y)^2,False
2,0.2,Switching DMPC,service,5130,2.1,2,periodic,none,0.25,0.55,2,0.6854897190611429,1.3832143419303131,0.16611455007452766,1.76814701520022,20.08555330088039,0.48553002773346754,1755,1268,1755,372.3378121954177,0.7225071225071225,0.24940000000128748,0.6154999999985478,2.501386278489659,(gap/tau_g)^2+(speed/tau_v)^2+(lateral/tau_y)^2,False
2,0.2,Robust DMPC,service,5101,2.1,2,periodic,none,0.25,0.55,2,0.6821633593361937,1.3794842125521578,0.16615884293883723,1.782891266648337,20.10461785038114,0.47947351699067486,1755,1217,1755,372.2820269951118,0.6934472934472935,0.3623499999996227,0.7988999999994917,2.4884087898194087,(gap/tau_g)^2+(speed/tau_v)^2+(lateral/tau_y)^2,False
2,0.2,Robust DMPC,service,5102,2.1,2,periodic,none,0.25,0.55,2,0.6772311531722621,1.383047483811155,0.1663711210500614,1.8378778334363204,19.99045449263862,0.47895538907862834,1755,1174,1755,372.1125415474001,0.6689458689458689,0.3950000000010334,0.8708000000012817,2.4832761116180455,(gap/tau_g)^2+(speed/tau_v)^2+(lateral/tau_y)^2,False
2,0.2,Robust DMPC,service,5103,2.1,2,periodic,none,0.25,0.55,2,0.6710893420927025,1.3881654657511446,0.1668874501927417,1.7541713006666864,19.853469693157606,0.4541330104833662,1755,1230,1755,371.62814075473347,0.7008547008547008,0.5951500000023202,1.8250000000037403,2.4800921145569306,(gap/tau_g)^2+(speed/tau_v)^2+(lateral/tau_y)^2,False
2,0.2,Robust DMPC,service,5104,2.1,2,periodic,none,0.25,0.55,2,0.6781252977441815,1.3786302038022789,0.16612382351912255,1.7837006207251143,20.2652355698892,0.4624473708749407,1755,1227,1755,372.3557607381345,0.6991452991452991,0.4267999999996164,0.9771999999941272,2.4771509112126795,(gap/tau_g)^2+(speed/tau_v)^2+(lateral/tau_y)^2,False
2,0.2,Robust DMPC,service,5105,2.1,2,periodic,none,0.25,0.55,2,0.6806258165550956,1.384409321907877,0.16605477005374153,1.6871191894065245,20.21436400189375,0.47090435570953193,1755,1198,1755,372.4027560208516,0.6826210826210827,0.39630000000023813,1.5912000000000148,2.490764510150168,(gap/tau_g)^2+(speed/tau_v)^2+(lateral/tau_y)^2,False
2,0.2,Robust DMPC,service,5106,2.1,2,periodic,none,0.25,0.55,2,0.6769578234333455,1.3973587413071167,0.16703712566643802,1.77440342357489,20.043988607825845,0.4843433318496977,1755,1223,1755,371.47598526596295,0.6968660968660969,0.4103999999998109,0.9495000000008247,2.508470956969768,(gap/tau_g)^2+(speed/tau_v)^2+(lateral/tau_y)^2,False
2,0.2,Robust DMPC,service,5107,2.1,2,periodic,none,0.25,0.55,2,0.678129918543632,1.381567554171317,0.16607802521837997,1.7224945138442875,19.98132701175252,0.4929758320759037,1755,1145,1755,372.3660217675607,0.6524216524216524,0.3980999999999568,0.8944999999975778,2.4809182607686684,(gap/tau_g)^2+(speed/tau_v)^2+(lateral/tau_y)^2,False
2,0.2,Robust DMPC,service,5108,2.1,2,periodic,none,0.25,0.55,2,0.6788509978532421,1.387843211206024,0.16623230475193668,1.6966137671081096,19.96825812941392,0.4925643481364891,1755,1178,1755,372.2277383082352,0.6712250712250712,0.4708999999998298,0.9105999999974301,2.492806798857177,(gap/tau_g)^2+(speed/tau_v)^2+(lateral/tau_y)^2,False
2,0.2,Robust DMPC,service,5109,2.1,2,periodic,none,0.25,0.55,2,0.6839453832173815,1.3835005718724724,0.16589123860478894,1.7055301107276235,19.97033934449626,0.4911125709555242,1755,1175,1755,372.5240435858005,0.6695156695156695,0.4141500000010012,1.3804000000021688,2.4961770352557187,(gap/tau_g)^2+(speed/tau_v)^2+(lateral/tau_y)^2,False
2,0.2,Robust DMPC,service,5110,2.1,2,periodic,none,0.25,0.55,2,0.6784275829998745,1.3867589495983066,0.166217307824686,1.717090204581896,19.982736144128985,0.4885644892110199,1755,1202,1755,372.23180421819484,0.6849002849002849,0.3763500000015796,0.9587999999993713,2.490125586077954,(gap/tau_g)^2+(speed/tau_v)^2+(lateral/tau_y)^2,False
2,0.2,Robust DMPC,service,5111,2.1,2,periodic,none,0.25,0.55,2,0.687203818292274,1.3846222211117494,0.16550530334433308,1.7467503153908865,19.835560894147825,0.4776681752748725,1755,1124,1755,372.9081921739113,0.6404558404558405,0.4069500000003501,0.9853999999975827,2.502506465386732,(gap/tau_g)^2+(speed/tau_v)^2+(lateral/tau_y)^2,False
2,0.2,Robust DMPC,service,5112,2.1,2,periodic,none,0.25,0.55,2,0.6743768893999285,1.3678138024471855,0.1659621728487377,1.7212255573583612,20.0711019923028,0.48320357321918705,1755,1165,1755,372.487211072023,0.6638176638176638,0.38215000000008104,0.8251000000001341,2.451639559598722,(gap/tau_g)^2+(speed/tau_v)^2+(lateral/tau_y)^2,False
2,0.2,Robust DMPC,service,5113,2.1,2,periodic,none,0.25,0.55,2,0.6875705691454053,1.3888953122685925,0.16648876267127663,1.8066721598788755,20.019251513096926,0.4920731651508663,1755,1175,1755,371.9967843199678,0.6695156695156695,0.4147999999997154,0.8681999999993195,2.517612067117417,(gap/tau_g)^2+(speed/tau_v)^2+(lateral/tau_y)^2,False
2,0.2,Robust DMPC,service,5114,2.1,2,periodic,none,0.25,0.55,2,0.6756524379617709,1.370748952060228,0.16531571878991058,1.77111952426558,19.88665606432712,0.4599963463096186,1755,1183,1755,373.11533943611306,0.674074074074074,0.3998499999990912,1.3714999999976385,2.4534481112553634,(gap/tau_g)^2+(speed/tau_v)^2+(lateral/tau_y)^2,False
2,0.2,Robust DMPC,service,5115,2.1,2,periodic,none,0.25,0.55,2,0.6843915765154892,1.3814361254692,0.16591452750817548,1.7929117369147864,19.709920774893554,0.49216928536104454,1755,1177,1755,372.52019600881744,0.6706552706552706,0.5978999999989298,2.357500000002233,2.494543352097695,(gap/tau_g)^2+(speed/tau_v)^2+(lateral/tau_y)^2,False
2,0.2,Robust DMPC,service,5116,2.1,2,periodic,none,0.25,0.55,2,0.6679365585385505,1.3648441108903215,0.16557596819065734,1.7106448406759225,19.96254342272912,0.4718904288509783,1755,1219,1755,372.8209751559562,0.6945868945868946,0.43000000000148475,0.9243000000012103,2.428929349941962,(gap/tau_g)^2+(speed/tau_v)^2+(lateral/tau_y)^2,False
2,0.2,Robust DMPC,service,5117,2.1,2,periodic,none,0.25,0.55,2,0.6835464119860015,1.3916776174202012,0.1657700381041091,1.7732686104387214,19.909737585980857,0.49040294082420954,1755,1213,1755,372.6389034381887,0.6911680911680912,0.3946000000034644,1.6428000000061616,2.5057800978500016,(gap/tau_g)^2+(speed/tau_v)^2+(lateral/tau_y)^2,False
2,0.2,Robust DMPC,service,5118,2.1,2,periodic,none,0.25,0.55,2,0.6818665395905285,1.379488545515313,0.1662521036318036,1.733459322783183,19.986549881639448,0.48585726374691385,1755,1192,1755,372.19123236798094,0.6792022792022792,0.3942000000023427,1.0356999999956429,2.4884701402683853,(gap/tau_g)^2+(speed/tau_v)^2+(lateral/tau_y)^2,False
2,0.2,Robust DMPC,service,5119,2.1,2,periodic,none,0.25,0.55,2,0.6825109912660928,1.3791071267877315,0.16666497811840625,1.7721291464382016,20.149484346674242,0.4655672646061122,1755,1130,1755,371.8113874442742,0.6438746438746439,0.4344999999990051,1.227099999997705,2.4929327941833854,(gap/tau_g)^2+(speed/tau_v)^2+(lateral/tau_y)^2,False
2,0.2,Robust DMPC,service,5120,2.1,2,periodic,none,0.25,0.55,2,0.6785081116438836,1.3766814655817345,0.16644644639654943,1.7614539340919924,20.03197360830039,0.48341081802450525,1755,1147,1755,372.0110285836492,0.6535612535612536,0.3919499999991416,0.7081000000006554,2.478017068244263,(gap/tau_g)^2+(speed/tau_v)^2+(lateral/tau_y)^2,False
2,0.2,Robust DMPC,service,5121,2.1,2,periodic,none,0.25,0.55,2,0.6750444773167172,1.3782395725403545,0.16562534995988762,1.7204959704585765,19.78566313534251,0.4991653351364549,1755,1198,1755,372.80294213060444,0.6826210826210827,0.40090000000070347,0.8296999999970467,2.4650559277676134,(gap/tau_g)^2+(speed/tau_v)^2+(lateral/tau_y)^2,False
2,0.2,Robust DMPC,service,5122,2.1,2,periodic,none,0.25,0.55,2,0.6778805872949619,1.3782006574942787,0.1657482525177501,1.8049250411438125,20.04778092889324,0.41676965694011925,1755,1246,1755,372.68069304223087,0.7099715099715099,0.4160499999983358,1.0168999999997652,2.472840778336385,(gap/tau_g)^2+(speed/tau_v)^2+(lateral/tau_y)^2,False
2,0.2,Robust DMPC,service,5123,2.1,2,periodic,none,0.25,0.55,2,0.67881181691215,1.3863025524299257,0.16624764362976735,1.764561900185943,20.124675710130845,0.4572617925624074,1755,1157,1755,372.22428027298633,0.6592592592592592,0.3959499999997007,0.8178000000000907,2.490659109201899,(gap/tau_g)^2+(speed/tau_v)^2+(lateral/tau_y)^2,False
2,0.2,Robust DMPC,service,5124,2.1,2,periodic,none,0.25,0.55,2,0.6846417759660385,1.3844234334467056,0.16652225412414537,1.8088132095062106,20.08160332415094,0.4767619373760257,1755,1213,1755,371.945618872415,0.6911680911680912,0.4050499999994628,0.7635999999990872,2.5044186119287435,(gap/tau_g)^2+(speed/tau_v)^2+(lateral/tau_y)^2,False
2,0.2,Robust DMPC,service,5125,2.1,2,periodic,none,0.25,0.55,2,0.6763550345502887,1.3798521168989577,0.16632923266410193,1.7536244672653882,20.274988369143706,0.47034059071808243,1755,1245,1755,372.1382671236555,0.7094017094017094,0.39535000000157083,1.5071000000013157,2.4763151087659594,(gap/tau_g)^2+(speed/tau_v)^2+(lateral/tau_y)^2,False
2,0.2,Robust DMPC,service,5126,2.1,2,periodic,none,0.25,0.55,2,0.68603241287613,1.3790829303398218,0.16632874279373716,1.817659325420622,20.158263838195317,0.4298278810937419,1755,1188,1755,372.1212108764078,0.676923076923077,0.3820500000006888,1.0887000000003866,2.4986671369129954,(gap/tau_g)^2+(speed/tau_v)^2+(lateral/tau_y)^2,False
2,0.2,Robust DMPC,service,5127,2.1,2,periodic,none,0.25,0.55,2,0.6831763775142363,1.374151230669944,0.16588331752762184,1.7887339942473448,19.990862432375863,0.49808948609447556,1755,1128,1755,372.54304297363103,0.6427350427350428,0.3640000000011412,0.8411999999999864,2.4810881159835336,(gap/tau_g)^2+(speed/tau_v)^2+(lateral/tau_y)^2,False
2,0.2,Robust DMPC,service,5128,2.1,2,periodic,none,0.25,0.55,2,0.6889692977949371,1.386910335912187,0.16640544942225968,1.7778374326909863,20.01011940635719,0.4884735117157297,1755,1207,1755,372.076145756895,0.6877492877492878,0.3891500000001713,0.8736000000020283,2.51753047036392,(gap/tau_g)^2+(speed/tau_v)^2+(lateral/tau_y)^2,False
2,0.2,Robust DMPC,service,5129,2.1,2,periodic,none,0.25,0.55,2,0.6782714699268795,1.3786957402161357,0.16630161292510104,1.737857126510454,20.290799117232062,0.49109289169423564,1755,1177,1755,372.1566653321298,0.6706552706552706,0.7097999999956528,2.077100000001053,2.479073126306016,(gap/tau_g)^2+(speed/tau_v)^2+(lateral/tau_y)^2,False
2,0.2,Robust DMPC,service,5130,2.1,2,periodic,none,0.25,0.55,2,0.6854788828351103,1.3832211655681779,0.16611449256106484,1.7681154537786625,20.08556160006468,0.48553002773346754,1755,1268,1755,372.3378120827893,0.7225071225071225,0.48325000000204454,0.8354999999937718,2.501369021109602,(gap/tau_g)^2+(speed/tau_v)^2+(lateral/tau_y)^2,False
2,0.2,Zheng et al. (2024),service,5101,2.1,2,periodic,none,0.25,0.55,2,0.3603516983852042,1.5970725240478774,0.16606814975471793,0.3684683597441021,18.93006696751302,0.49670168858096064,1755,1217,1755,372.52408434345125,0.6934472934472935,0.22235000000137006,0.6436000000036302,2.221663421815979,(gap/tau_g)^2+(speed/tau_v)^2+(lateral/tau_y)^2,False
2,0.2,Zheng et al. (2024),service,5102,2.1,2,periodic,none,0.25,0.55,2,0.3798799940237974,1.599148133531645,0.16627221865769595,0.3742558764203399,18.923588659279538,0.49689414071976845,1755,1174,1755,372.35446551906495,0.6689458689458689,0.23769999999956326,0.5535999999963792,2.2524422795650105,(gap/tau_g)^2+(speed/tau_v)^2+(lateral/tau_y)^2,False
2,0.2,Zheng et al. (2024),service,5103,2.1,2,periodic,none,0.25,0.55,2,0.3572111194927787,1.60891787516632,0.1667965722106252,0.36002314935062457,19.080968094204614,0.4955893860027041,1755,1230,1755,371.8711320471015,0.7008547008547008,0.21420000000027528,1.2457999999995195,2.2430942937114975,(gap/tau_g)^2+(speed/tau_v)^2+(lateral/tau_y)^2,False
2,0.2,Zheng et al. (2024),service,5104,2.1,2,periodic,none,0.25,0.55,2,0.36978430888230235,1.5976523576213397,0.16601594030278116,0.37444311515714285,19.15359048592856,0.49647076116871725,1755,1227,1755,372.59079320368613,0.6991452991452991,0.21019999999971617,0.5284000000003175,2.2344187931167783,(gap/tau_g)^2+(speed/tau_v)^2+(lateral/tau_y)^2,False
2,0.2,Zheng et al. (2024),service,5105,2.1,2,periodic,none,0.25,0.55,2,0.3680259447948541,1.606671726414105,0.1659444460100329,0.35170026154931555,19.12307376014718,0.4977272050640096,1755,1198,1755,372.6411266384703,0.6826210826210827,0.21399999999971442,0.43210000000115656,2.2462644790398714,(gap/tau_g)^2+(speed/tau_v)^2+(lateral/tau_y)^2,False
2,0.2,Zheng et al. (2024),service,5106,2.1,2,periodic,none,0.25,0.55,2,0.3683845255849598,1.61737891747144,0.16691831239618055,0.37367710570113477,18.920427567059917,0.4930907540441235,1755,1223,1755,371.7350588248261,0.6968660968660969,0.22275000000071543,0.9791999999997358,2.272450533417165,(gap/tau_g)^2+(speed/tau_v)^2+(lateral/tau_y)^2,False
2,0.2,Zheng et al. (2024),service,5107,2.1,2,periodic,none,0.25,0.55,2,0.3655514383365394,1.5956301917539752,0.1660129964661565,0.3584852147106203,19.02503904916032,0.4959349595390765,1755,1145,1755,372.5799114465519,0.6524216524216524,0.21399999999971442,0.5743000000002496,2.2255663149804596,(gap/tau_g)^2+(speed/tau_v)^2+(lateral/tau_y)^2,False
2,0.2,Zheng et al. (2024),service,5108,2.1,2,periodic,none,0.25,0.55,2,0.3666582593252016,1.6066292905143817,0.16612872674313625,0.3425536259535139,18.976418935171374,0.4961659726205807,1755,1178,1755,372.4668578581508,0.6712250712250712,0.21339999999803183,0.5805000000016491,2.2459384339766655,(gap/tau_g)^2+(speed/tau_v)^2+(lateral/tau_y)^2,False
2,0.2,Zheng et al. (2024),service,5109,2.1,2,periodic,none,0.25,0.55,2,0.3756403470952148,1.6024896565231759,0.16577349676026248,0.35778778947157225,18.840147682618166,0.49817106931385036,1755,1175,1755,372.78149681410554,0.6695156695156695,0.22189999999966403,1.0519000000002166,2.248066187565126,(gap/tau_g)^2+(speed/tau_v)^2+(lateral/tau_y)^2,False
2,0.2,Zheng et al. (2024),service,5110,2.1,2,periodic,none,0.25,0.55,2,0.36571241471076066,1.607532928473503,0.16610204634767392,0.3622178455323151,18.758083144884793,0.49668996918805075,1755,1202,1755,372.4817519328486,0.6849002849002849,0.2164000000011157,0.6960000000013622,2.2459672069789627,(gap/tau_g)^2+(speed/tau_v)^2+(lateral/tau_y)^2,False
2,0.2,Zheng et al. (2024),service,5111,2.1,2,periodic,none,0.25,0.55,2,0.37930664814567566,1.6031675161084078,0.16542219415831377,0.35518648679358855,18.9332591658062,0.49989299843379453,1755,1124,1755,373.12557951153065,0.6404558404558405,0.235749999999868,0.6217999999975632,2.251186751172561,(gap/tau_g)^2+(speed/tau_v)^2+(lateral/tau_y)^2,False
2,0.2,Zheng et al. (2024),service,5112,2.1,2,periodic,none,0.25,0.55,2,0.37450483190147427,1.581927582562858,0.16585541403191945,0.3543517915755733,19.082194924563517,0.49835128290543074,1755,1165,1755,372.72059328021817,0.6638176638176638,0.2149499999983817,0.4020000000011237,2.2138237710984336,(gap/tau_g)^2+(speed/tau_v)^2+(lateral/tau_y)^2,False
2,0.2,Zheng et al. (2024),service,5113,2.1,2,periodic,none,0.25,0.55,2,0.3693452155932214,1.6109026990661004,0.1664020389788294,0.37699734440972105,18.77430528921178,0.4953710997808981,1755,1175,1755,372.228860279751,0.6695156695156695,0.2175000000015359,0.41889999999966676,2.258741520486997,(gap/tau_g)^2+(speed/tau_v)^2+(lateral/tau_y)^2,False
2,0.2,Zheng et al. (2024),service,5114,2.1,2,periodic,none,0.25,0.55,2,0.3644805908009845,1.5931594911580393,0.16522592799480482,0.36151190711530096,18.987552565118513,0.5023507222378749,1755,1183,1755,373.32915132594127,0.674074074074074,0.3492500000028542,1.9765999999989958,2.2136391734255603,(gap/tau_g)^2+(speed/tau_v)^2+(lateral/tau_y)^2,False
2,0.2,Zheng et al. (2024),service,5115,2.1,2,periodic,none,0.25,0.55,2,0.3817611962854183,1.5960066366815173,0.1658038065619698,0.3651918089309368,18.722224565250308,0.49902366881601157,1755,1177,1755,372.75914201550825,0.6706552706552706,0.22350000000059822,0.6741999999988479,2.2459795624076135,(gap/tau_g)^2+(speed/tau_v)^2+(lateral/tau_y)^2,False
2,0.2,Zheng et al. (2024),service,5116,2.1,2,periodic,none,0.25,0.55,2,0.3780621614696425,1.579758400931363,0.1654503282171438,0.3598586039079993,18.932934267838462,0.49966090397022356,1755,1219,1755,373.0722305604113,0.6945868945868946,0.21305000000282348,0.5869000000018332,2.211728811866296,(gap/tau_g)^2+(speed/tau_v)^2+(lateral/tau_y)^2,False
2,0.2,Zheng et al. (2024),service,5117,2.1,2,periodic,none,0.25,0.55,2,0.3693185689422595,1.6143306882122335,0.16567843165749913,0.36781326134674075,19.06927843353335,0.4973173906642643,1755,1213,1755,372.8726817356656,0.6911680911680912,0.20649999999733382,2.2556000000015786,2.2583399816535965,(gap/tau_g)^2+(speed/tau_v)^2+(lateral/tau_y)^2,False
2,0.2,Zheng et al. (2024),service,5118,2.1,2,periodic,none,0.25,0.55,2,0.3619304652821002,1.6029022574204066,0.16615712949847797,0.3674313374634781,18.990488264765617,0.4969987294047674,1755,1192,1755,372.43932767465975,0.6792022792022792,0.21169999999948175,0.4366000000004533,2.2339475388186645,(gap/tau_g)^2+(speed/tau_v)^2+(lateral/tau_y)^2,False
2,0.2,Zheng et al. (2024),service,5119,2.1,2,periodic,none,0.25,0.55,2,0.3690410701826258,1.5909608582990964,0.16658707843707748,0.37140078061644377,18.985965863083727,0.4940064505583016,1755,1130,1755,372.04273660579304,0.6438746438746439,0.22004999999936103,0.788699999997533,2.227305608020966,(gap/tau_g)^2+(speed/tau_v)^2+(lateral/tau_y)^2,False
2,0.2,Zheng et al. (2024),service,5120,2.1,2,periodic,none,0.25,0.55,2,0.3787487510817962,1.5906378824005871,0.16630923116257063,0.3649287886044294,19.09677006939389,0.49529263254945954,1755,1147,1755,372.27792564575435,0.6535612535612536,0.2114500000018893,0.6382000000009214,2.2373744053977926,(gap/tau_g)^2+(speed/tau_v)^2+(lateral/tau_y)^2,False
2,0.2,Zheng et al. (2024),service,5121,2.1,2,periodic,none,0.25,0.55,2,0.37054869649395805,1.5952079749384294,0.16552108950065636,0.35059937324549106,18.78007733599042,0.4991653351364549,1755,1198,1755,373.04589686416006,0.6826210826210827,0.20825000000179728,1.6126999999990232,2.2273413811344662,(gap/tau_g)^2+(speed/tau_v)^2+(lateral/tau_y)^2,False
2,0.2,Zheng et al. (2024),service,5122,2.1,2,periodic,none,0.25,0.55,2,0.37303784977190296,1.596529990626889,0.16564262996660717,0.3691459034545994,19.195544210724613,0.49889520070811455,1755,1246,1755,372.9207437201499,0.7099715099715099,0.21120000000074413,0.69170000000085,2.2337909366598803,(gap/tau_g)^2+(speed/tau_v)^2+(lateral/tau_y)^2,False
2,0.2,Zheng et al. (2024),service,5123,2.1,2,periodic,none,0.25,0.55,2,0.3722266955629771,1.6053048412698019,0.16614315059828927,0.3642726112591591,18.96275869848951,0.4960196248133981,1755,1157,1755,372.4686794368353,0.6592592592592592,0.2423000000000286,0.6808000000013692,2.2512023684393707,(gap/tau_g)^2+(speed/tau_v)^2+(lateral/tau_y)^2,False
2,0.2,Zheng et al. (2024),service,5124,2.1,2,periodic,none,0.25,0.55,2,0.37189065809849015,1.6012696872343815,0.16644679849323235,0.37392298302788823,18.89981566208605,0.49638281031912335,1755,1213,1755,372.16462210994433,0.6911680911680912,0.22300000000008424,1.4630000000011023,2.2466810468147584,(gap/tau_g)^2+(speed/tau_v)^2+(lateral/tau_y)^2,False
2,0.2,Zheng et al. (2024),service,5125,2.1,2,periodic,none,0.25,0.55,2,0.36672803387796576,1.5965433129614688,0.16623446405137093,0.3617515000068761,19.087471634565134,0.496667973606981,1755,1245,1755,372.36097673751266,0.7094017094017094,0.21214999999941142,0.5732000000016058,2.2304247575682674,(gap/tau_g)^2+(speed/tau_v)^2+(lateral/tau_y)^2,False
2,0.2,Zheng et al. (2024),service,5126,2.1,2,periodic,none,0.25,0.55,2,0.37102084381383876,1.5979496744269863,0.16619674972273635,0.37551901965824913,18.882820810384537,0.49556007190986995,1755,1188,1755,372.38182938323837,0.676923076923077,0.2098999999979867,0.6637999999981048,2.238033721120029,(gap/tau_g)^2+(speed/tau_v)^2+(lateral/tau_y)^2,False
2,0.2,Zheng et al. (2024),service,5127,2.1,2,periodic,none,0.25,0.55,2,0.3752057376222284,1.5880823940468602,0.16581720444485054,0.3698870178272594,19.178825312939786,0.4989673075494202,1755,1128,1755,372.7372685014984,0.6427350427350428,0.21619999999877848,1.043299999999192,2.224395621409448,(gap/tau_g)^2+(speed/tau_v)^2+(lateral/tau_y)^2,False
2,0.2,Zheng et al. (2024),service,5128,2.1,2,periodic,none,0.25,0.55,2,0.3712911836034237,1.606748927322116,0.16630091375589942,0.37710750177627944,18.981970384329017,0.4955926507352836,1755,1207,1755,372.31010278334367,0.6877492877492878,0.3792500000017185,1.9635999999962905,2.2536435578907064,(gap/tau_g)^2+(speed/tau_v)^2+(lateral/tau_y)^2,False
2,0.2,Zheng et al. (2024),service,5129,2.1,2,periodic,none,0.25,0.55,2,0.3636241501703212,1.5952751260602707,0.16620718196529083,0.3751942622860299,19.056454843840612,0.49666576075522306,1755,1177,1755,372.38698367002985,0.6706552706552706,0.21425000000263594,1.1026000000029512,2.2241027048933386,(gap/tau_g)^2+(speed/tau_v)^2+(lateral/tau_y)^2,False
2,0.2,Zheng et al. (2024),service,5130,2.1,2,periodic,none,0.25,0.55,2,0.38453712178417054,1.6011589618343989,0.1660061063370314,0.36590085181955784,19.048894855550692,0.4972213566117878,1755,1268,1755,372.57503237256174,0.7225071225071225,0.2139499999991301,0.6075999999950454,2.259843863562764,(gap/tau_g)^2+(speed/tau_v)^2+(lateral/tau_y)^2,False
2,0.2,Proposed,service,5101,2.1,2,aware,none,0.25,0.55,2,0.6855205910026789,1.382108941059859,0.16613878101102533,1.8350750565425125,19.832374390825372,0.4811795153148002,700,497,700,148.49102237544665,0.71,0.39834999999932563,0.9307999999990102,2.5001032073773057,(gap/tau_g)^2+(speed/tau_v)^2+(lateral/tau_y)^2,False
2,0.2,Proposed,service,5102,2.1,2,aware,none,0.25,0.55,2,0.6866328567811157,1.3794924545748328,0.16635717960202026,1.8275683785645345,19.92523318898951,0.43606444719914095,700,450,700,148.42791025980983,0.6428571428571429,0.39190000000033365,1.5409999999995705,2.5009452889276464,(gap/tau_g)^2+(speed/tau_v)^2+(lateral/tau_y)^2,False
2,0.2,Proposed,service,5103,2.1,2,aware,none,0.25,0.55,2,0.6765597303175968,1.3846523540253375,0.16686647254305845,1.8624279122331766,19.94903576950818,0.42706647416788546,700,481,700,148.23418607302025,0.6871428571428572,0.3969499999989523,1.439500000000038,2.488053139297701,(gap/tau_g)^2+(speed/tau_v)^2+(lateral/tau_y)^2,False
2,0.2,Proposed,service,5104,2.1,2,aware,none,0.25,0.55,2,0.6857420258203657,1.3768457773745977,0.16613300441352677,1.8264018131714217,20.006293428150855,0.47308641993294465,700,475,700,148.5185879341806,0.6785714285714286,0.40685000000095783,0.937600000000316,2.4931864493334808,(gap/tau_g)^2+(speed/tau_v)^2+(lateral/tau_y)^2,False
2,0.2,Proposed,service,5105,2.1,2,aware,none,0.25,0.55,2,0.6837358155488458,1.382142235904087,0.16604738038547395,1.7104167211984573,20.032223580915776,0.48677301550921037,700,459,700,148.54090236423522,0.6557142857142857,0.39190000000033365,0.7692999999981964,2.495046553196575,(gap/tau_g)^2+(speed/tau_v)^2+(lateral/tau_y)^2,False
2,0.2,Proposed,service,5106,2.1,2,aware,none,0.25,0.55,2,0.6875133906231209,1.3929647157009877,0.16701164727224838,1.8423636377318786,19.708173408878757,0.4682105893520878,700,460,700,148.17260433317554,0.6571428571428571,0.3854499999995653,1.2295999999984986,2.527607615370048,(gap/tau_g)^2+(speed/tau_v)^2+(lateral/tau_y)^2,False
2,0.2,Proposed,service,5107,2.1,2,aware,none,0.25,0.55,2,0.6804098311520578,1.3828913176006294,0.16607844261249619,1.7201572334768027,20.140452819323478,0.47797252110740174,700,415,700,148.51985454484512,0.5928571428571429,0.3724999999992207,0.7338999999966234,2.488295216666425,(gap/tau_g)^2+(speed/tau_v)^2+(lateral/tau_y)^2,False
2,0.2,Proposed,service,5108,2.1,2,aware,none,0.25,0.55,2,0.6792544595944005,1.3895742159698088,0.1662998770429263,1.7695135832506323,19.850526723591948,0.4564498163822074,700,448,700,148.45013938617555,0.64,0.4258500000009491,0.8348999999974183,2.496795589627882,(gap/tau_g)^2+(speed/tau_v)^2+(lateral/tau_y)^2,False
2,0.2,Proposed,service,5109,2.1,2,aware,none,0.25,0.55,2,0.6911807037207092,1.381478096184837,0.16588611413293375,1.705377245836216,19.79169677290936,0.4493932628454961,700,456,700,148.58614913755144,0.6514285714285715,0.3776500000007843,0.9999000000000535,2.5109693781681033,(gap/tau_g)^2+(speed/tau_v)^2+(lateral/tau_y)^2,False
2,0.2,Proposed,service,5110,2.1,2,aware,none,0.25,0.55,2,0.6683739716660207,1.3976725586460585,0.1662149860823968,1.887315591896157,19.563398556160088,0.46360485958891307,700,462,700,148.4746359297344,0.66,0.7592499999979907,1.9183999999938806,2.4815389715074208,(gap/tau_g)^2+(speed/tau_v)^2+(lateral/tau_y)^2,False
2,0.2,Proposed,service,5111,2.1,2,aware,none,0.25,0.55,2,0.6840362394583455,1.3884962478182135,0.16551310865113764,1.6839658392650485,19.72791172470253,0.4830333204475652,700,427,700,148.73702036195814,0.61,0.419950000001279,1.6403999999994312,2.500330451920948,(gap/tau_g)^2+(speed/tau_v)^2+(lateral/tau_y)^2,False
2,0.2,Proposed,service,5112,2.1,2,aware,none,0.25,0.55,2,0.6692268247669002,1.3760128960250868,0.16598259627802395,1.9048309172649014,20.017095494209222,0.41851961240434454,700,438,700,148.56659328993706,0.6257142857142857,0.4040000000031796,0.9920000000036566,2.450985459079886,(gap/tau_g)^2+(speed/tau_v)^2+(lateral/tau_y)^2,False
2,0.2,Proposed,service,5113,2.1,2,aware,none,0.25,0.55,2,0.6853690307916209,1.3936672266461494,0.16651668841553738,1.9190293363959134,19.781600967263252,0.4673791599236583,700,432,700,148.36636436973737,0.6171428571428571,0.39560000000093964,0.8631999999977324,2.519245645055734,(gap/tau_g)^2+(speed/tau_v)^2+(lateral/tau_y)^2,False
2,0.2,Proposed,service,5114,2.1,2,aware,none,0.25,0.55,2,0.674492755125162,1.3710152446364425,0.16532574400150404,1.8474380526369292,19.680607410521368,0.4131473588720105,700,448,700,148.82249407816093,0.64,0.4018500000029235,1.561700000003441,2.451119947717115,(gap/tau_g)^2+(speed/tau_v)^2+(lateral/tau_y)^2,False
2,0.2,Proposed,service,5115,2.1,2,aware,none,0.25,0.55,2,0.6909003110173434,1.3805059990984125,0.16591628316720267,1.8772948595691648,19.607117712629545,0.40944714634955515,700,458,700,148.58074741538422,0.6542857142857142,0.40680000000037353,0.7561999999978752,2.5091608425591616,(gap/tau_g)^2+(speed/tau_v)^2+(lateral/tau_y)^2,False
2,0.2,Proposed,service,5116,2.1,2,aware,none,0.25,0.55,2,0.6737914970208687,1.3648697918240684,0.1655957877932734,1.7513906496361782,19.911166496030496,0.4591162651027656,700,485,700,148.6997946343344,0.6928571428571428,0.3914499999986276,1.2994000000006167,2.4430949598920493,(gap/tau_g)^2+(speed/tau_v)^2+(lateral/tau_y)^2,False
2,0.2,Proposed,service,5117,2.1,2,aware,none,0.25,0.55,2,0.6775257299474059,1.3981281603535343,0.1657648458744995,1.9098860930585637,20.16981076931956,0.44176898155335087,700,471,700,148.6361315095702,0.6728571428571428,0.4081999999989705,1.0383000000011577,2.500350427074303,(gap/tau_g)^2+(speed/tau_v)^2+(lateral/tau_y)^2,False
2,0.2,Proposed,service,5118,2.1,2,aware,none,0.25,0.55,2,0.6880422602629798,1.3748243809477994,0.16624921577621832,1.8182494360503019,20.13882758814279,0.4070231523279817,700,451,700,148.45553221661348,0.6442857142857142,0.38859999999729666,0.9614000000013334,2.4969320725590896,(gap/tau_g)^2+(speed/tau_v)^2+(lateral/tau_y)^2,False
2,0.2,Proposed,service,5119,2.1,2,aware,none,0.25,0.55,2,0.6854543626699342,1.377360093352904,0.16667028296961814,1.7845491307890573,19.995771735784388,0.45932683216909354,700,413,700,148.30070398415535,0.59,0.4060499999987144,1.272200000002499,2.4976781401100325,(gap/tau_g)^2+(speed/tau_v)^2+(lateral/tau_y)^2,False
2,0.2,Proposed,service,5120,2.1,2,aware,none,0.25,0.55,2,0.6734651743464358,1.3808614967903778,0.16645434065393128,1.794753739838066,19.807924068743198,0.4588814930167605,700,426,700,148.3775815703709,0.6085714285714285,0.3987000000016394,0.8568000000011011,2.471842954243981,(gap/tau_g)^2+(speed/tau_v)^2+(lateral/tau_y)^2,False
2,0.2,Proposed,service,5121,2.1,2,aware,none,0.25,0.55,2,0.6822527503567509,1.3793269669003565,0.1656621507323148,1.8284662963976235,20.024115533623174,0.4125772357896226,700,460,700,148.69258254258276,0.6571428571428571,0.3995999999997224,1.08589999999964,2.4842839645265116,(gap/tau_g)^2+(speed/tau_v)^2+(lateral/tau_y)^2,False
2,0.2,Proposed,service,5122,2.1,2,aware,none,0.25,0.55,2,0.6806286814467977,1.381543196710658,0.16577100039006815,1.9130593835451006,19.931899617916727,0.39960193809183264,700,510,700,148.63833459456927,0.7285714285714285,0.389600000000101,1.3795000000023094,2.4843727143923746,(gap/tau_g)^2+(speed/tau_v)^2+(lateral/tau_y)^2,False
2,0.2,Proposed,service,5123,2.1,2,aware,none,0.25,0.55,2,0.6811409953285834,1.3891386590538999,0.16621810973425183,1.8516000457974326,19.908593283611737,0.4325640730456072,700,442,700,148.46676539973873,0.6314285714285715,0.42614999999912584,1.0200000000040177,2.5000609188958203,(gap/tau_g)^2+(speed/tau_v)^2+(lateral/tau_y)^2,False
2,0.2,Proposed,service,5124,2.1,2,aware,none,0.25,0.55,2,0.6941941817971142,1.380348382716386,0.16649658243247217,1.9952303502485174,19.946727806302228,0.4172717211058936,700,474,700,148.35882824642968,0.6771428571428572,0.4901500000009662,1.385600000006093,2.5218720929547027,(gap/tau_g)^2+(speed/tau_v)^2+(lateral/tau_y)^2,False
2,0.2,Proposed,service,5125,2.1,2,aware,none,0.25,0.55,2,0.6805956442461785,1.3779715284473364,0.16632202289833378,1.8007560622951404,20.247935136071114,0.4689905000719973,700,477,700,148.4348864976428,0.6814285714285714,0.4406499999944913,1.3475000000013893,2.4838389264037843,(gap/tau_g)^2+(speed/tau_v)^2+(lateral/tau_y)^2,False
2,0.2,Proposed,service,5126,2.1,2,aware,none,0.25,0.55,2,0.6861168637045976,1.3781975905697372,0.16632414538141138,1.8488362138683712,20.03418233083029,0.4313791112946036,700,470,700,148.42717154620166,0.6714285714285714,0.39175000000213345,1.2648999999953503,2.497589436174394,(gap/tau_g)^2+(speed/tau_v)^2+(lateral/tau_y)^2,False
2,0.2,Proposed,service,5127,2.1,2,aware,none,0.25,0.55,2,0.6802868809858129,1.3765137130352212,0.16591020685477295,1.8502842884398558,19.93724760014875,0.4470784119680271,700,432,700,148.587986460476,0.6171428571428571,0.40160000000000196,1.5472000000045227,2.477622716639928,(gap/tau_g)^2+(speed/tau_v)^2+(lateral/tau_y)^2,False
2,0.2,Proposed,service,5128,2.1,2,aware,none,0.25,0.55,2,0.682728194211404,1.3914329990374674,0.16640918020474577,1.854690930537655,19.64165367626945,0.39751661263239213,700,448,700,148.40909042152194,0.64,0.4001999999978523,0.9663000000017519,2.508753098132686,(gap/tau_g)^2+(speed/tau_v)^2+(lateral/tau_y)^2,False
2,0.2,Proposed,service,5129,2.1,2,aware,none,0.25,0.55,2,0.6795160110872313,1.3790128499362482,0.16628581594977992,1.7636771582510793,19.84379776179692,0.4580408905883411,700,458,700,148.4397954329211,0.6542857142857142,0.40715000000446366,1.0875000000041268,2.4823920796748467,(gap/tau_g)^2+(speed/tau_v)^2+(lateral/tau_y)^2,False
2,0.2,Proposed,service,5130,2.1,2,aware,none,0.25,0.55,2,0.6807367699189091,1.3897452345193526,0.1661111660197264,1.77201001694398,20.007900823193992,0.47640648394494045,700,494,700,148.51044267609043,0.7057142857142857,0.4159000000001356,1.315999999995654,2.4990537305220997,(gap/tau_g)^2+(speed/tau_v)^2+(lateral/tau_y)^2,False
3,0.30000000000000004,CACC,service,5101,2.1,2,periodic,none,0.25,0.55,3,0.9320927979064384,1.2771120740086481,0.1659121012434386,0.33756456576238697,20.67418861131018,0.49670168858096064,1755,1100,1755,372.3028934958498,0.6267806267806267,0.20844999999880542,0.8677999999946451,3.064849242409335,(gap/tau_g)^2+(speed/tau_v)^2+(lateral/tau_y)^2,False
3,0.30000000000000004,CACC,service,5102,2.1,2,periodic,none,0.25,0.55,3,0.9213991210039473,1.284246581415329,0.1661165352654401,0.34244401418585324,20.61170275772004,0.49689414071976845,1755,1036,1755,372.1423300917681,0.5903133903133904,0.22015000000052964,0.5193000000005554,3.04063297706475,(gap/tau_g)^2+(speed/tau_v)^2+(lateral/tau_y)^2,False
3,0.30000000000000004,CACC,service,5103,2.1,2,periodic,none,0.25,0.55,3,0.9238701872873782,1.2864670344119753,0.1666371814425231,0.32115046462731167,20.63871337250246,0.4955893860027041,1755,1092,1755,371.6568134878161,0.6222222222222222,0.23789999999834777,0.553500000002316,3.055982752102119,(gap/tau_g)^2+(speed/tau_v)^2+(lateral/tau_y)^2,False
3,0.30000000000000004,CACC,service,5104,2.1,2,periodic,none,0.25,0.55,3,0.921941615283466,1.2767933231067847,0.16588222435034475,0.3329946093155042,20.74732045848642,0.49647076116871725,1755,1133,1755,372.38574004939835,0.6455840455840456,0.21244999999936454,0.6662999999988983,3.0307271622994896,(gap/tau_g)^2+(speed/tau_v)^2+(lateral/tau_y)^2,False
3,0.30000000000000004,CACC,service,5105,2.1,2,periodic,none,0.25,0.55,3,0.9218889610632421,1.2831938409268893,0.1657977359595421,0.314558821776569,20.838821824793683,0.4977272050640096,1755,1073,1755,372.4417646193,0.6113960113960114,0.21289999999751785,0.7356999999998948,3.0382138063644635,(gap/tau_g)^2+(speed/tau_v)^2+(lateral/tau_y)^2,False
3,0.30000000000000004,CACC,service,5106,2.1,2,periodic,none,0.25,0.55,3,0.9271153130753924,1.294415974471166,0.16678306386127043,0.3444859830056604,20.688347847012807,0.4930907540441235,1755,1096,1755,371.5103769027289,0.6245014245014245,0.21639999999933934,0.5784000000019773,3.078344281312739,(gap/tau_g)^2+(speed/tau_v)^2+(lateral/tau_y)^2,False
3,0.30000000000000004,CACC,service,5107,2.1,2,periodic,none,0.25,0.55,3,0.9312216692321914,1.273053137740755,0.16583655734975916,0.32568916199932485,20.626025454705704,0.4959349595390765,1755,1020,1755,372.40161739160055,0.5811965811965812,0.240349999998557,0.7540000000005875,3.056055936543936,(gap/tau_g)^2+(speed/tau_v)^2+(lateral/tau_y)^2,False
3,0.30000000000000004,CACC,service,5108,2.1,2,periodic,none,0.25,0.55,3,0.9238950353501871,1.285147765641466,0.16597315900356668,0.3310464497469384,20.44377755023637,0.4961659726205807,1755,1058,1755,372.277279428675,0.6028490028490029,0.24919999999895026,1.5155999999976189,3.048811913226397,(gap/tau_g)^2+(speed/tau_v)^2+(lateral/tau_y)^2,False
3,0.30000000000000004,CACC,service,5109,2.1,2,periodic,none,0.25,0.55,3,0.9253403933935676,1.281450362063023,0.1656374211749476,0.395993868752049,20.468088143924,0.49817106931385036,1755,1062,1755,372.5752459372936,0.6051282051282051,0.2135500000015611,1.1413000000004558,3.0459385065216518,(gap/tau_g)^2+(speed/tau_v)^2+(lateral/tau_y)^2,False
3,0.30000000000000004,CACC,service,5110,2.1,2,periodic,none,0.25,0.55,3,0.9251210726619009,1.2827363897193396,0.16598263180907138,0.34221473476922243,20.629153294020625,0.49668996918805075,1755,1061,1755,372.2679042118974,0.6045584045584046,0.21650000000406067,0.8466000000026952,3.0497614309692325,(gap/tau_g)^2+(speed/tau_v)^2+(lateral/tau_y)^2,False
3,0.30000000000000004,CACC,service,5111,2.1,2,periodic,none,0.25,0.55,3,0.9398514117730616,1.277078288204582,0.1652565882737055,0.34832911377096415,20.44180104602146,0.49989299843379453,1755,1022,1755,372.93231957747196,0.5823361823361823,0.20825000000002092,0.545199999997692,3.0851979773051568,(gap/tau_g)^2+(speed/tau_v)^2+(lateral/tau_y)^2,False
3,0.30000000000000004,CACC,service,5112,2.1,2,periodic,none,0.25,0.55,3,0.921905166793486,1.2668045225081133,0.16570329994189242,0.34231023982013514,20.776918751649482,0.49835128290543074,1755,1041,1755,372.53403991851,0.5931623931623932,0.20639999999971792,0.48749999999841975,3.0161614614224033,(gap/tau_g)^2+(speed/tau_v)^2+(lateral/tau_y)^2,False
3,0.30000000000000004,CACC,service,5113,2.1,2,periodic,none,0.25,0.55,3,0.9287565688102006,1.2847364022406258,0.16623843944013947,0.3660615198186692,20.69296222068558,0.4953710997808981,1755,1055,1755,372.03988516003267,0.6011396011396012,0.21110000000135187,0.4875000000055252,3.066487739186733,(gap/tau_g)^2+(speed/tau_v)^2+(lateral/tau_y)^2,False
3,0.30000000000000004,CACC,service,5114,2.1,2,periodic,none,0.25,0.55,3,0.917771061581145,1.271140560856458,0.16506119751730827,0.3442419264914256,20.492860878391326,0.5023507222378749,1755,1038,1755,373.14923773469894,0.5914529914529915,0.20479999999878373,0.45220000000512073,3.002945712067441,(gap/tau_g)^2+(speed/tau_v)^2+(lateral/tau_y)^2,False
3,0.30000000000000004,CACC,service,5115,2.1,2,periodic,none,0.25,0.55,3,0.938227469498699,1.2761115993717607,0.1656705696125104,0.3280009415069778,20.309165392115446,0.49902366881601157,1755,1064,1755,372.55041325671704,0.6062678062678063,0.21299999999868646,0.5878000000052452,3.0819416341511743,(gap/tau_g)^2+(speed/tau_v)^2+(lateral/tau_y)^2,False
3,0.30000000000000004,CACC,service,5116,2.1,2,periodic,none,0.25,0.55,3,0.9106867900909416,1.2663276529505547,0.1653291922258319,0.3220092346395318,20.7463736344002,0.49966090397022356,1755,1077,1755,372.85102486249264,0.6136752136752137,0.20849999999583702,0.8705000000048813,2.9759002908192,(gap/tau_g)^2+(speed/tau_v)^2+(lateral/tau_y)^2,False
3,0.30000000000000004,CACC,service,5117,2.1,2,periodic,none,0.25,0.55,3,0.9299597189832701,1.2882945633031724,0.16550593439417602,0.34097013362386636,20.896073886404814,0.4973173906642643,1755,1080,1755,372.6773875982163,0.6153846153846154,0.2458500000024344,0.537000000001342,3.069059349591929,(gap/tau_g)^2+(speed/tau_v)^2+(lateral/tau_y)^2,False
3,0.30000000000000004,CACC,service,5118,2.1,2,periodic,none,0.25,0.55,3,0.9325093435795699,1.2737166506965312,0.16598824046484692,0.356575052965113,20.644725214956154,0.4969987294047674,1755,1061,1755,372.23581130299647,0.6045584045584046,0.21059999999906154,0.7814999999951056,3.062442843273688,(gap/tau_g)^2+(speed/tau_v)^2+(lateral/tau_y)^2,False
3,0.30000000000000004,CACC,service,5119,2.1,2,periodic,none,0.25,0.55,3,0.9402880746012238,1.2703934619152122,0.16644565212123585,0.3314020344895901,20.800266541167993,0.4940064505583016,1755,1038,1755,371.83868517107635,0.5914529914529915,0.20669999999967104,0.48910000000290665,3.087829415836238,(gap/tau_g)^2+(speed/tau_v)^2+(lateral/tau_y)^2,False
3,0.30000000000000004,CACC,service,5120,2.1,2,periodic,none,0.25,0.55,3,0.9205589901343698,1.2757649348290523,0.16620679013474385,0.3259659449991364,20.61845242702907,0.49529263254945954,1755,1029,1755,372.04682655829805,0.5863247863247864,0.207700000000699,0.9812999999994076,3.027553617186095,(gap/tau_g)^2+(speed/tau_v)^2+(lateral/tau_y)^2,False
3,0.30000000000000004,CACC,service,5121,2.1,2,periodic,none,0.25,0.55,3,0.9256038045803838,1.2741703198786851,0.1654008052596687,0.3375322844728837,20.396155427481304,0.4991653351364549,1755,1061,1755,372.83173292630033,0.6045584045584046,0.24259999999998172,1.046900000005735,3.035354695585168,(gap/tau_g)^2+(speed/tau_v)^2+(lateral/tau_y)^2,False
3,0.30000000000000004,CACC,service,5122,2.1,2,periodic,none,0.25,0.55,3,0.9318312161650977,1.2728700317507737,0.16549179658598157,0.3304721701420213,20.774470304076594,0.49889520070811455,1755,1099,1755,372.7118299103069,0.6262108262108262,0.21010000000032392,0.5850000000009459,3.054981244118785,(gap/tau_g)^2+(speed/tau_v)^2+(lateral/tau_y)^2,False
3,0.30000000000000004,CACC,service,5123,2.1,2,periodic,none,0.25,0.55,3,0.9284155948994283,1.2799002191741216,0.16598603686585744,0.3126698685056066,20.68821804627182,0.4960196248133981,1755,1051,1755,372.26836036582495,0.5988603988603989,0.20845000000235814,0.33460000000218315,3.056937520604088,(gap/tau_g)^2+(speed/tau_v)^2+(lateral/tau_y)^2,False
3,0.30000000000000004,CACC,service,5124,2.1,2,periodic,none,0.25,0.55,3,0.9348086515172738,1.2766432773463587,0.16626986835636454,0.33712944091651975,20.69589601397597,0.49638281031912335,1755,1099,1755,371.9979876796353,0.6262108262108262,0.20995000000212372,1.055199999996148,3.076223268853364,(gap/tau_g)^2+(speed/tau_v)^2+(lateral/tau_y)^2,False
3,0.30000000000000004,CACC,service,5125,2.1,2,periodic,none,0.25,0.55,3,0.9270578363875176,1.2758411647109769,0.16605577277523842,0.3233028132600264,20.903722707042,0.496667973606981,1755,1099,1755,372.1819343886311,0.6262108262108262,0.2172999999991987,0.47370000000057644,3.0477448701382546,(gap/tau_g)^2+(speed/tau_v)^2+(lateral/tau_y)^2,False
3,0.30000000000000004,CACC,service,5126,2.1,2,periodic,none,0.25,0.55,3,0.9386649309786615,1.2774822612754901,0.16605718177653322,0.33562678966869336,20.78811789894965,0.49556007190986995,1755,1075,1755,372.16298014697844,0.6125356125356125,0.20864999999758993,0.6729999999990355,3.0883933327759627,(gap/tau_g)^2+(speed/tau_v)^2+(lateral/tau_y)^2,False
3,0.30000000000000004,CACC,service,5127,2.1,2,periodic,none,0.25,0.55,3,0.9377917367873443,1.2670008238887198,0.16563902817293938,0.36462501850979606,20.740547221744073,0.4989673075494202,1755,1019,1755,372.5813142729412,0.5806267806267806,0.2075500000024988,1.8425000000021896,3.0684058637877665,(gap/tau_g)^2+(speed/tau_v)^2+(lateral/tau_y)^2,False
3,0.30000000000000004,CACC,service,5128,2.1,2,periodic,none,0.25,0.55,3,0.9408714642163424,1.2807888522849082,0.16615996876759395,0.3425172106563102,20.841972548287977,0.4955926507352836,1755,1095,1755,372.1073331674528,0.6239316239316239,0.23990000000040368,1.084800000000996,3.1009358246875176,(gap/tau_g)^2+(speed/tau_v)^2+(lateral/tau_y)^2,False
3,0.30000000000000004,CACC,service,5129,2.1,2,periodic,none,0.25,0.55,3,0.9274832983051613,1.2738064059237149,0.1660549723073336,0.35812107379207725,20.62628699695459,0.49666576075522306,1755,1061,1755,372.1888568575641,0.6045584045584046,0.21390000000209852,0.45159999999810907,3.0464940589845906,(gap/tau_g)^2+(speed/tau_v)^2+(lateral/tau_y)^2,False
3,0.30000000000000004,CACC,service,5130,2.1,2,periodic,none,0.25,0.55,3,0.9294031146293662,1.2822226480035626,0.16585122462803528,0.30136631060838076,20.751925457076872,0.4972213566117878,1755,1134,1755,372.37548993842626,0.6461538461538462,0.24180000000129098,0.9596999999956779,3.0621165884717665,(gap/tau_g)^2+(speed/tau_v)^2+(lateral/tau_y)^2,False
3,0.30000000000000004,Switching DMPC,service,5101,2.1,2,periodic,none,0.25,0.55,3,0.6830066490318181,1.3802350260990475,0.16616539528764232,1.8335612987112806,20.021867345397347,0.4707491959913266,1755,1100,1755,372.2738236626473,0.6267806267806267,0.25689999999656266,0.5951000000052886,2.4915670258007836,(gap/tau_g)^2+(speed/tau_v)^2+(lateral/tau_y)^2,False
3,0.30000000000000004,Switching DMPC,service,5102,2.1,2,periodic,none,0.25,0.55,3,0.6765417212213093,1.3833259786494672,0.16637080118558803,1.8010383595722421,19.990299896960465,0.4864766756893625,1755,1036,1755,372.11197901898936,0.5903133903133904,0.30780000000163454,1.3049000000009414,2.4820072616796947,(gap/tau_g)^2+(speed/tau_v)^2+(lateral/tau_y)^2,False
3,0.30000000000000004,Switching DMPC,service,5103,2.1,2,periodic,none,0.25,0.55,3,0.6733145148345346,1.3889586682714294,0.16688471465532437,1.809595031605345,19.808247569913632,0.4761650021503655,1755,1092,1755,371.6232763684131,0.6222222222222222,0.27199999999893976,0.5302000000000362,2.4865114541130344,(gap/tau_g)^2+(speed/tau_v)^2+(lateral/tau_y)^2,False
3,0.30000000000000004,Switching DMPC,service,5104,2.1,2,periodic,none,0.25,0.55,3,0.6797570015652578,1.3787372666630069,0.16611818226977038,1.820290512802343,20.191958249969815,0.4730041997237797,1755,1133,1755,372.3547146254521,0.6455840455840456,0.271200000000249,1.4715999999950213,2.4811936270991497,(gap/tau_g)^2+(speed/tau_v)^2+(lateral/tau_y)^2,False
3,0.30000000000000004,Switching DMPC,service,5105,2.1,2,periodic,none,0.25,0.55,3,0.6802425891758354,1.3839543115450383,0.16605529607731243,1.6469311835015101,20.19059941855857,0.4920295404030942,1755,1073,1755,372.405493606817,0.6113960113960114,0.3050999999985038,1.4497000000019966,2.4891990568327116,(gap/tau_g)^2+(speed/tau_v)^2+(lateral/tau_y)^2,False
3,0.30000000000000004,Switching DMPC,service,5106,2.1,2,periodic,none,0.25,0.55,3,0.6768652069782124,1.3984837122807887,0.1670539085491729,1.7994575567088156,20.07996972162927,0.4669055954562914,1755,1096,1755,371.46793689782356,0.6245014245014245,0.27429999999739607,0.5911000000011768,2.5099929383818376,(gap/tau_g)^2+(speed/tau_v)^2+(lateral/tau_y)^2,False
3,0.30000000000000004,Switching DMPC,service,5107,2.1,2,periodic,none,0.25,0.55,3,0.6787749937891989,1.3825778843555336,0.16608261390017126,1.756371759058344,19.99511841770851,0.45417267854401744,1755,1020,1755,372.3637356810886,0.5811965811965812,0.2649999999988495,0.7197999999988269,2.4839373111208625,(gap/tau_g)^2+(speed/tau_v)^2+(lateral/tau_y)^2,False
3,0.30000000000000004,Switching DMPC,service,5108,2.1,2,periodic,none,0.25,0.55,3,0.6769652034377751,1.3884973434445884,0.16623117098192386,1.7394289413260016,19.966939107781947,0.4871859862605752,1755,1058,1755,372.23239034770614,0.6028490028490029,0.2784500000032608,0.7060000000009836,2.4891785483821565,(gap/tau_g)^2+(speed/tau_v)^2+(lateral/tau_y)^2,False
3,0.30000000000000004,Switching DMPC,service,5109,2.1,2,periodic,none,0.25,0.55,3,0.6823554778775127,1.3844591990637225,0.16588656434468765,1.718819522996908,19.898350275082592,0.480124480155562,1755,1062,1755,372.53159820342546,0.6051282051282051,0.2574499999994373,0.6441000000023678,2.4936302143728866,(gap/tau_g)^2+(speed/tau_v)^2+(lateral/tau_y)^2,False
3,0.30000000000000004,Switching DMPC,service,5110,2.1,2,periodic,none,0.25,0.55,3,0.6786394246073589,1.3863618541640093,0.16621870384584866,1.7849988547389477,19.959246490227223,0.47838184176538323,1755,1061,1755,372.23044794661445,0.6045584045584046,0.24630000000058772,0.7255000000014888,2.490086436140821,(gap/tau_g)^2+(speed/tau_v)^2+(lateral/tau_y)^2,False
3,0.30000000000000004,Switching DMPC,service,5111,2.1,2,periodic,none,0.25,0.55,3,0.6883126404402796,1.3847045887637357,0.16550665504653123,1.797052907088532,19.730579852333804,0.46499723237786583,1755,1022,1755,372.9081096568752,0.5823361823361823,0.24480000000082214,0.42080000000055406,2.5053455023844315,(gap/tau_g)^2+(speed/tau_v)^2+(lateral/tau_y)^2,False
3,0.30000000000000004,Switching DMPC,service,5112,2.1,2,periodic,none,0.25,0.55,3,0.6784762420514097,1.3679161109204812,0.16596004770695108,1.77876489095581,20.13676205992566,0.4328718242110794,1755,1041,1755,372.48292467476705,0.5931623931623932,0.2503499999981784,0.8965000000031864,2.461623964471361,(gap/tau_g)^2+(speed/tau_v)^2+(lateral/tau_y)^2,False
3,0.30000000000000004,Switching DMPC,service,5113,2.1,2,periodic,none,0.25,0.55,3,0.685152234901206,1.3905827494650171,0.16648576325658807,1.8840906926923082,20.067568772775367,0.4318374907130281,1755,1055,1755,371.99667649312966,0.6011396011396012,0.27910000000019863,0.5639000000030592,2.5140783619150233,(gap/tau_g)^2+(speed/tau_v)^2+(lateral/tau_y)^2,False
3,0.30000000000000004,Switching DMPC,service,5114,2.1,2,periodic,none,0.25,0.55,3,0.6731572275766952,1.3726566207873865,0.16531951812142806,1.7341347583683484,19.723735719143868,0.4665439471655687,1755,1038,1755,373.11372401633344,0.5914529914529915,0.2895999999985577,0.5728999999945472,2.450166449054785,(gap/tau_g)^2+(speed/tau_v)^2+(lateral/tau_y)^2,False
3,0.30000000000000004,Switching DMPC,service,5115,2.1,2,periodic,none,0.25,0.55,3,0.6861527511366883,1.3804484491457936,0.16591484384371077,1.7934607698120197,19.973000200512125,0.47973259497620924,1755,1064,1755,372.5187264773756,0.6062678062678063,0.2557500000008872,0.6914000000008969,2.4974453600587596,(gap/tau_g)^2+(speed/tau_v)^2+(lateral/tau_y)^2,False
3,0.30000000000000004,Switching DMPC,service,5116,2.1,2,periodic,none,0.25,0.55,3,0.6681236516876339,1.365670972568607,0.16558329914942146,1.7795338724928784,19.897178239007665,0.4746487424288771,1755,1077,1755,372.8165597599275,0.6136752136752137,0.25109999999983756,1.1375999999998498,2.430586347351107,(gap/tau_g)^2+(speed/tau_v)^2+(lateral/tau_y)^2,False
3,0.30000000000000004,Switching DMPC,service,5117,2.1,2,periodic,none,0.25,0.55,3,0.6823545544703271,1.392375709369289,0.16575350509598402,1.8153813959223606,19.919784718599075,0.4832029765236161,1755,1080,1755,372.6529882992345,0.6153846153846154,0.3225000000028899,1.352300000000639,2.503740515386218,(gap/tau_g)^2+(speed/tau_v)^2+(lateral/tau_y)^2,False
3,0.30000000000000004,Switching DMPC,service,5118,2.1,2,periodic,none,0.25,0.55,3,0.6818904889687344,1.3794683072375027,0.16625468561214446,1.7614324034797433,19.886774735182044,0.48370015347891304,1755,1061,1755,372.1902670373361,0.6045584045584046,0.2952000000036037,1.0849999999962279,2.488521179626213,(gap/tau_g)^2+(speed/tau_v)^2+(lateral/tau_y)^2,False
3,0.30000000000000004,Switching DMPC,service,5119,2.1,2,periodic,none,0.25,0.55,3,0.6816418948606727,1.3799457636785468,0.16666771538307523,1.848906602406831,20.135790006801656,0.4557709292701183,1755,1038,1755,371.8137211917164,0.5914529914529915,0.2629000000027304,1.187500000000341,2.4920284386605225,(gap/tau_g)^2+(speed/tau_v)^2+(lateral/tau_y)^2,False
3,0.30000000000000004,Switching DMPC,service,5120,2.1,2,periodic,none,0.25,0.55,3,0.6766108282217165,1.3774482218294344,0.1664472131529481,1.7700711387343528,19.96432674464969,0.494700027836421,1755,1029,1755,372.0114033716997,0.5863247863247864,0.2860500000032573,1.0201999999992495,2.47453012482255,(gap/tau_g)^2+(speed/tau_v)^2+(lateral/tau_y)^2,False
3,0.30000000000000004,Switching DMPC,service,5121,2.1,2,periodic,none,0.25,0.55,3,0.675088103188445,1.379057495828967,0.1656394044792281,1.7336195041008386,19.765322075152845,0.4767975888835382,1755,1061,1755,372.7968296898579,0.6045584045584046,0.25119999999745346,0.6987999999950034,2.466427675889182,(gap/tau_g)^2+(speed/tau_v)^2+(lateral/tau_y)^2,False
3,0.30000000000000004,Switching DMPC,service,5122,2.1,2,periodic,none,0.25,0.55,3,0.6795389085047111,1.3776935722077475,0.16574809252871525,1.7667810061873805,19.908773837709845,0.4459755790332979,1755,1099,1755,372.68029301153274,0.6262108262108262,0.2535499999964941,1.0693000000046027,2.4761283003177983,(gap/tau_g)^2+(speed/tau_v)^2+(lateral/tau_y)^2,False
3,0.30000000000000004,Switching DMPC,service,5123,2.1,2,periodic,none,0.25,0.55,3,0.6747138933011767,1.3872054385805994,0.1662542260342719,1.7917500370891557,20.03002705945599,0.4667181091675676,1755,1051,1755,372.224182212546,0.5988603988603989,0.25444999999990614,0.8474000000049386,2.482130757235271,(gap/tau_g)^2+(speed/tau_v)^2+(lateral/tau_y)^2,False
3,0.30000000000000004,Switching DMPC,service,5124,2.1,2,periodic,none,0.25,0.55,3,0.6889120210061412,1.3812662435312308,0.16652419630903714,1.9322170807066643,19.994820235407992,0.44165989291545205,1755,1099,1755,371.9472834495115,0.6262108262108262,0.2557499999973345,0.7908999999983735,2.510407176864307,(gap/tau_g)^2+(speed/tau_v)^2+(lateral/tau_y)^2,False
3,0.30000000000000004,Switching DMPC,service,5125,2.1,2,periodic,none,0.25,0.55,3,0.6796370902409073,1.377668612855243,0.1663275210172541,1.7798832718098774,20.197120024783572,0.4831430172405742,1755,1099,1755,372.13921277487833,0.6262108262108262,0.251450000000375,1.2505999999987694,2.481140802099441,(gap/tau_g)^2+(speed/tau_v)^2+(lateral/tau_y)^2,False
3,0.30000000000000004,Switching DMPC,service,5126,2.1,2,periodic,none,0.25,0.55,3,0.6877270830462779,1.378960998687296,0.16633106194710642,1.845024494042762,20.048367896585184,0.4662819546190865,1755,1075,1755,372.12158885353443,0.6125356125356125,0.25499999999922807,0.5045999999993,2.502653635911616,(gap/tau_g)^2+(speed/tau_v)^2+(lateral/tau_y)^2,False
3,0.30000000000000004,Switching DMPC,service,5127,2.1,2,periodic,none,0.25,0.55,3,0.6854133228379449,1.3732451455944035,0.16587811404726638,1.8112138477271904,20.162927303512717,0.4589352781572481,1755,1019,1755,372.5471547158129,0.5806267806267806,0.2819500000015296,1.0340999999982614,2.4852174650631746,(gap/tau_g)^2+(speed/tau_v)^2+(lateral/tau_y)^2,False
3,0.30000000000000004,Switching DMPC,service,5128,2.1,2,periodic,none,0.25,0.55,3,0.6886022633189417,1.3867533530499039,0.1664029806891241,1.8017895275980287,20.043843714786192,0.42666571855204005,1755,1095,1755,372.0784715327477,0.6239316239316239,0.29810000000196624,0.5783000000008087,2.5163889047699493,(gap/tau_g)^2+(speed/tau_v)^2+(lateral/tau_y)^2,False
3,0.30000000000000004,Switching DMPC,service,5129,2.1,2,periodic,none,0.25,0.55,3,0.6776072666221447,1.3788792510310983,0.16631069891536485,1.7816509129281943,20.201526420655867,0.46185966586623173,1755,1061,1755,372.15403472280485,0.6045584045584046,0.24744999999626316,1.255700000001525,2.4778058356734496,(gap/tau_g)^2+(speed/tau_v)^2+(lateral/tau_y)^2,False
3,0.30000000000000004,Switching DMPC,service,5130,2.1,2,periodic,none,0.25,0.55,3,0.6856913408391822,1.384096867917177,0.16612049405204937,1.808809113837012,20.072295541281875,0.4855856967731531,1755,1134,1755,372.3350921797435,0.6461538461538462,0.2578999999975906,0.6175000000041564,2.503173165491586,(gap/tau_g)^2+(speed/tau_v)^2+(lateral/tau_y)^2,False
3,0.30000000000000004,Robust DMPC,service,5101,2.1,2,periodic,none,0.25,0.55,3,0.6830353425379928,1.3802141989954262,0.1661653718759503,1.8333286261504012,20.022526469954926,0.47074880922308204,1755,1100,1755,372.2738367644297,0.6267806267806267,0.4192500000002042,0.9166000000035979,2.4916071812820832,(gap/tau_g)^2+(speed/tau_v)^2+(lateral/tau_y)^2,False
3,0.30000000000000004,Robust DMPC,service,5102,2.1,2,periodic,none,0.25,0.55,3,0.676665605576488,1.3832146806241528,0.16637078841817346,1.800272922733949,19.99053784031223,0.4864766756893625,1755,1036,1755,372.1119492731258,0.5903133903133904,0.40375000000025807,0.9188000000008856,2.4821480871036874,(gap/tau_g)^2+(speed/tau_v)^2+(lateral/tau_y)^2,False
3,0.30000000000000004,Robust DMPC,service,5103,2.1,2,periodic,none,0.25,0.55,3,0.6733322268515824,1.3889383792968062,0.16688450352997325,1.8093721629244852,19.808247569913632,0.47616483858584224,1755,1092,1755,371.6234395321897,0.6222222222222222,0.3858499999971343,1.1647999999979675,2.486523340237506,(gap/tau_g)^2+(speed/tau_v)^2+(lateral/tau_y)^2,False
3,0.30000000000000004,Robust DMPC,service,5104,2.1,2,periodic,none,0.25,0.55,3,0.6798372488962047,1.3787068515558807,0.16611814334780972,1.8182575296947379,20.192713761808584,0.4730041997237797,1755,1133,1755,372.3547355519306,0.6455840455840456,0.3927499999996087,0.8153000000064026,2.481344476370783,(gap/tau_g)^2+(speed/tau_v)^2+(lateral/tau_y)^2,False
3,0.30000000000000004,Robust DMPC,service,5105,2.1,2,periodic,none,0.25,0.55,3,0.6802620373804689,1.383944208317985,0.16605530924560494,1.6464818757674327,20.190606487535717,0.4920295404030942,1755,1073,1755,372.40547932088845,0.6113960113960114,0.4064500000033888,0.8503000000033012,2.489231937342428,(gap/tau_g)^2+(speed/tau_v)^2+(lateral/tau_y)^2,False
3,0.30000000000000004,Robust DMPC,service,5106,2.1,2,periodic,none,0.25,0.55,3,0.6768706979369171,1.3984796095879037,0.16705390698616143,1.7991476919347775,20.07968996998237,0.4669054871495576,1755,1096,1755,371.467936751961,0.6245014245014245,0.4156499999972141,0.7281999999975142,2.5100002854627403,(gap/tau_g)^2+(speed/tau_v)^2+(lateral/tau_y)^2,False
3,0.30000000000000004,Robust DMPC,service,5107,2.1,2,periodic,none,0.25,0.55,3,0.6788395630599025,1.3825314199513576,0.1660826119821468,1.7562472120244017,19.995380895085603,0.45410772151118783,1755,1020,1755,372.36372780475443,0.5811965811965812,0.4059999999981301,0.9920999999977198,2.4840275849266416,(gap/tau_g)^2+(speed/tau_v)^2+(lateral/tau_y)^2,False
3,0.30000000000000004,Robust DMPC,service,5108,2.1,2,periodic,none,0.25,0.55,3,0.6769972751586684,1.3884791479541385,0.16623116440835028,1.7387704544352038,19.966953126346162,0.48718599120269457,1755,1058,1755,372.23238995079345,0.6028490028490029,0.4162000000000887,0.9247999999999479,2.48922991198086,(gap/tau_g)^2+(speed/tau_v)^2+(lateral/tau_y)^2,False
3,0.30000000000000004,Robust DMPC,service,5109,2.1,2,periodic,none,0.25,0.55,3,0.6823997453823184,1.3844411107953856,0.1658865809900311,1.718284189379612,19.898617713416854,0.4801279309147828,1755,1062,1755,372.5315999106947,0.6051282051282051,0.4361500000023,1.4544000000000779,2.4937122022764076,(gap/tau_g)^2+(speed/tau_v)^2+(lateral/tau_y)^2,False
3,0.30000000000000004,Robust DMPC,service,5110,2.1,2,periodic,none,0.25,0.55,3,0.6786855348673948,1.3863527591580223,0.1662186049239935,1.7845890514518934,19.959268857369572,0.4783821452153977,1755,1061,1755,372.2304470134856,0.6045584045584046,0.41115000000147006,0.8850999999978626,2.49018401283369,(gap/tau_g)^2+(speed/tau_v)^2+(lateral/tau_y)^2,False
3,0.30000000000000004,Robust DMPC,service,5111,2.1,2,periodic,none,0.25,0.55,3,0.6883303733273808,1.384687584364244,0.16550667423926413,1.7944485950240125,19.741201190376884,0.4673732595083149,1755,1022,1755,372.9080981002186,0.5823361823361823,0.40909999999882984,1.4485000000021842,2.5053650336097566,(gap/tau_g)^2+(speed/tau_v)^2+(lateral/tau_y)^2,False
3,0.30000000000000004,Robust DMPC,service,5112,2.1,2,periodic,none,0.25,0.55,3,0.6785384404312705,1.367875872660934,0.1659600195942267,1.7777154301366567,20.136832719933942,0.4328742177360154,1755,1041,1755,372.48293323937594,0.5931623931623932,0.3796500000028402,0.6033000000016386,2.461717617896337,(gap/tau_g)^2+(speed/tau_v)^2+(lateral/tau_y)^2,False
3,0.30000000000000004,Robust DMPC,service,5113,2.1,2,periodic,none,0.25,0.55,3,0.6852335351538196,1.3905341428540923,0.16648582175855206,1.8825080205235143,20.06731699101229,0.43183907737832994,1755,1055,1755,371.9965998303459,0.6011396011396012,0.39024999999881516,0.8077999999969165,2.514207946213123,(gap/tau_g)^2+(speed/tau_v)^2+(lateral/tau_y)^2,False
3,0.30000000000000004,Robust DMPC,service,5114,2.1,2,periodic,none,0.25,0.55,3,0.6731597269363917,1.3726593708721815,0.16531942255439272,1.7325516266809102,19.742980654390564,0.4732143083703223,1755,1038,1755,373.1138133131864,0.5914529914529915,0.45679999999848064,1.226099999996677,2.450175493163762,(gap/tau_g)^2+(speed/tau_v)^2+(lateral/tau_y)^2,False
3,0.30000000000000004,Robust DMPC,service,5115,2.1,2,periodic,none,0.25,0.55,3,0.6861798843413377,1.3804400923859173,0.16591476827745058,1.79355723842824,19.975247522407706,0.47973255520397684,1755,1064,1755,372.51878933968766,0.6062678062678063,0.41294999999763604,1.1204999999989695,2.497499158656196,(gap/tau_g)^2+(speed/tau_v)^2+(lateral/tau_y)^2,False
3,0.30000000000000004,Robust DMPC,service,5116,2.1,2,periodic,none,0.25,0.55,3,0.6681872265652291,1.3656345693631142,0.16558328409056924,1.7792900326896695,19.897272149562134,0.47464874510707367,1755,1077,1755,372.8165582034605,0.6136752136752137,0.36855000000457494,1.2201999999987834,2.430686526497931,(gap/tau_g)^2+(speed/tau_v)^2+(lateral/tau_y)^2,False
3,0.30000000000000004,Robust DMPC,service,5117,2.1,2,periodic,none,0.25,0.55,3,0.682436742115255,1.3923079610447167,0.16575360096219982,1.8148256333521342,19.9341941789026,0.4832073187392387,1755,1080,1755,372.65288781730703,0.6153846153846154,0.4044499999977802,2.117899999994677,2.503844467514268,(gap/tau_g)^2+(speed/tau_v)^2+(lateral/tau_y)^2,False
3,0.30000000000000004,Robust DMPC,service,5118,2.1,2,periodic,none,0.25,0.55,3,0.681898655387625,1.3794662846435888,0.16625470702886452,1.7612627193081798,19.886707654285246,0.4837009615948018,1755,1061,1755,372.1902330577569,0.6045584045584046,0.39994999999848346,0.7045999999988339,2.488538310211921,(gap/tau_g)^2+(speed/tau_v)^2+(lateral/tau_y)^2,False
3,0.30000000000000004,Robust DMPC,service,5119,2.1,2,periodic,none,0.25,0.55,3,0.6817149073419195,1.379897775892717,0.1666679306815161,1.847518107783179,20.135775335683213,0.45577950330532147,1755,1038,1755,371.81354199815365,0.5914529914529915,0.4497000000007745,1.0079999999987876,2.492139625687637,(gap/tau_g)^2+(speed/tau_v)^2+(lateral/tau_y)^2,False
3,0.30000000000000004,Robust DMPC,service,5120,2.1,2,periodic,none,0.25,0.55,3,0.6766516393600668,1.3774377132976894,0.16644713618617968,1.7696087867688262,19.96433891084458,0.49469971388295064,1755,1029,1755,372.0113896487734,0.5863247863247864,0.37640000000038754,1.1174999999994384,2.4746128974024453,(gap/tau_g)^2+(speed/tau_v)^2+(lateral/tau_y)^2,False
3,0.30000000000000004,Robust DMPC,service,5121,2.1,2,periodic,none,0.25,0.55,3,0.6750899345784735,1.3790546181353174,0.1656392761516503,1.7336362892525379,19.765342353441113,0.47679884949617823,1755,1061,1755,372.7968238234374,0.6045584045584046,0.4666000000028703,3.2963000000023612,2.466426959509469,(gap/tau_g)^2+(speed/tau_v)^2+(lateral/tau_y)^2,False
3,0.30000000000000004,Robust DMPC,service,5122,2.1,2,periodic,none,0.25,0.55,3,0.679557373935302,1.3776765782486515,0.16574808191000226,1.7667702262902785,19.91021575239764,0.44597551780038835,1755,1099,1755,372.6802952594375,0.6262108262108262,0.40160000000355467,0.6914000000008969,2.4761489378309007,(gap/tau_g)^2+(speed/tau_v)^2+(lateral/tau_y)^2,False
3,0.30000000000000004,Robust DMPC,service,5123,2.1,2,periodic,none,0.25,0.55,3,0.6747220352846006,1.387197775882168,0.16625416547242775,1.7918620985610407,20.030033453573168,0.4667185821835471,1755,1051,1755,372.22418203448336,0.5988603988603989,0.40345000000385767,0.8584999999996512,2.4821389397573377,(gap/tau_g)^2+(speed/tau_v)^2+(lateral/tau_y)^2,False
3,0.30000000000000004,Robust DMPC,service,5124,2.1,2,periodic,none,0.25,0.55,3,0.6889477287998093,1.3812356761076814,0.16652425760177353,1.9315093668955623,19.99481899243603,0.44165996080044756,1755,1099,1755,371.9471886389064,0.6262108262108262,0.40604999999516167,0.6419999999991433,2.510452071514894,(gap/tau_g)^2+(speed/tau_v)^2+(lateral/tau_y)^2,False
3,0.30000000000000004,Robust DMPC,service,5125,2.1,2,periodic,none,0.25,0.55,3,0.6796458814801243,1.3776604024939259,0.16632754147580625,1.7796373503572778,20.197120024783572,0.48314433260449663,1755,1099,1755,372.13919165416246,0.6262108262108262,0.3667499999977508,0.636799999995219,2.4811506743343066,(gap/tau_g)^2+(speed/tau_v)^2+(lateral/tau_y)^2,False
3,0.30000000000000004,Robust DMPC,service,5126,2.1,2,periodic,none,0.25,0.55,3,0.6877431369006701,1.3789810555969337,0.16633108080676653,1.844932965818603,20.048367896585184,0.4662819546190865,1755,1075,1755,372.121581462478,0.6125356125356125,0.4007499999971742,0.7068000000032271,2.502721271278503,(gap/tau_g)^2+(speed/tau_v)^2+(lateral/tau_y)^2,False
3,0.30000000000000004,Robust DMPC,service,5127,2.1,2,periodic,none,0.25,0.55,3,0.6854414259980591,1.3732289881730242,0.1658780454529983,1.8099983666003399,20.16297454089291,0.4589352781572481,1755,1019,1755,372.54720857475695,0.5806267806267806,0.44950000000199,1.1881000000002473,2.4852627448752447,(gap/tau_g)^2+(speed/tau_v)^2+(lateral/tau_y)^2,False
3,0.30000000000000004,Robust DMPC,service,5128,2.1,2,periodic,none,0.25,0.55,3,0.6886760299403665,1.3867470488253832,0.16640285780846067,1.8010007965630643,20.04392988636966,0.4266657683693653,1755,1095,1755,372.078459101207,0.6239316239316239,0.4215000000016289,1.304099999998698,2.51655957876907,(gap/tau_g)^2+(speed/tau_v)^2+(lateral/tau_y)^2,False
3,0.30000000000000004,Robust DMPC,service,5129,2.1,2,periodic,none,0.25,0.55,3,0.6776461190655619,1.3788659218621966,0.16631070617511026,1.7813167794553975,20.201515888309856,0.4618611592244922,1755,1061,1755,372.15399418964097,0.6045584045584046,0.3987000000016394,0.8589999999983888,2.477880750451142,(gap/tau_g)^2+(speed/tau_v)^2+(lateral/tau_y)^2,False
3,0.30000000000000004,Robust DMPC,service,5130,2.1,2,periodic,none,0.25,0.55,3,0.6856813083644402,1.3841054633985277,0.1661204328267728,1.808788732100137,20.072303908204844,0.4855856967731531,1755,1134,1755,372.3350920647015,0.6461538461538462,0.4123000000006982,1.2487000000049875,2.5031603376335236,(gap/tau_g)^2+(speed/tau_v)^2+(lateral/tau_y)^2,False
3,0.30000000000000004,Zheng et al. (2024),service,5101,2.1,2,periodic,none,0.25,0.55,3,0.3550043182412371,1.59859822971552,0.1660773869513138,0.37490511970988377,18.8925105506261,0.49670168858096064,1755,1100,1755,372.5167554953647,0.6267806267806267,0.2096499999986179,0.45289999999909014,2.217427203436135,(gap/tau_g)^2+(speed/tau_v)^2+(lateral/tau_y)^2,False
3,0.30000000000000004,Zheng et al. (2024),service,5102,2.1,2,periodic,none,0.25,0.55,3,0.3772776100703713,1.5986702809310387,0.16628885676640592,0.37601217231198386,18.92176743520818,0.49689414071976845,1755,1036,1755,372.3413807114421,0.5903133903133904,0.2309999999994261,0.7674000000008618,2.2482980139697704,(gap/tau_g)^2+(speed/tau_v)^2+(lateral/tau_y)^2,False
3,0.30000000000000004,Zheng et al. (2024),service,5103,2.1,2,periodic,none,0.25,0.55,3,0.35275392175497805,1.6099879794477208,0.1668043752188382,0.37221503440175113,18.98970781255771,0.4955893860027041,1755,1092,1755,371.86038150404687,0.6222222222222222,0.21285000000048626,0.5009999999998627,2.239291105051253,(gap/tau_g)^2+(speed/tau_v)^2+(lateral/tau_y)^2,False
3,0.30000000000000004,Zheng et al. (2024),service,5104,2.1,2,periodic,none,0.25,0.55,3,0.3668675818229781,1.5982355257380383,0.16601770175469138,0.37753512952087975,19.18721030078713,0.49647076116871725,1755,1133,1755,372.5859052902883,0.6455840455840456,0.21410000000088303,0.637300000001062,2.2315645468016796,(gap/tau_g)^2+(speed/tau_v)^2+(lateral/tau_y)^2,False
3,0.30000000000000004,Zheng et al. (2024),service,5105,2.1,2,periodic,none,0.25,0.55,3,0.36495363299181516,1.6065059402626558,0.16594472522439674,0.3486612611263778,19.08255899543314,0.4977272050640096,1755,1073,1755,372.6433683401383,0.6113960113960114,0.25300000000072487,0.7419999999953575,2.241991557744371,(gap/tau_g)^2+(speed/tau_v)^2+(lateral/tau_y)^2,False
3,0.30000000000000004,Zheng et al. (2024),service,5106,2.1,2,periodic,none,0.25,0.55,3,0.36610862212296835,1.6186945538001059,0.1669331744046243,0.37791668783037513,18.87971082313897,0.4930907540441235,1755,1096,1755,371.72589788350706,0.6245014245014245,0.2134000000033609,0.667300000003479,2.2717749713126714,(gap/tau_g)^2+(speed/tau_v)^2+(lateral/tau_y)^2,False
3,0.30000000000000004,Zheng et al. (2024),service,5107,2.1,2,periodic,none,0.25,0.55,3,0.3629570104468267,1.5959696129268952,0.1660202992034768,0.36980557835497446,19.038213259039843,0.4959349595390765,1755,1020,1755,372.5762078401018,0.5811965811965812,0.241850000005428,0.4215000000016289,2.2228195247445703,(gap/tau_g)^2+(speed/tau_v)^2+(lateral/tau_y)^2,False
3,0.30000000000000004,Zheng et al. (2024),service,5108,2.1,2,periodic,none,0.25,0.55,3,0.36184298717826524,1.6079818629575438,0.16613310059296166,0.34967322945917584,18.95107106828558,0.4961659726205807,1755,1058,1755,372.47205308061496,0.6028490028490029,0.21470000000078926,0.42460000000232867,2.2419568069501175,(gap/tau_g)^2+(speed/tau_v)^2+(lateral/tau_y)^2,False
3,0.30000000000000004,Zheng et al. (2024),service,5109,2.1,2,periodic,none,0.25,0.55,3,0.3696556296161709,1.6049592970105993,0.16577586236553182,0.36017972670088816,18.785719937195495,0.49817106931385036,1755,1062,1755,372.7866418859543,0.6051282051282051,0.2251500000021167,1.2244999999992956,2.2441976725148995,(gap/tau_g)^2+(speed/tau_v)^2+(lateral/tau_y)^2,False
3,0.30000000000000004,Zheng et al. (2024),service,5110,2.1,2,periodic,none,0.25,0.55,3,0.36127187258529003,1.607567131076099,0.16612123245729746,0.3706103782633746,18.77922266400965,0.49668996918805075,1755,1061,1755,372.47188994784216,0.6045584045584046,0.20754999999894608,1.079799999999409,2.240443633310008,(gap/tau_g)^2+(speed/tau_v)^2+(lateral/tau_y)^2,False
3,0.30000000000000004,Zheng et al. (2024),service,5111,2.1,2,periodic,none,0.25,0.55,3,0.37420493732395066,1.6036395017617593,0.16542938503652613,0.37233799541578233,18.8624342303373,0.49989299843379453,1755,1022,1755,373.1231774882192,0.5823361823361823,0.22024999999814554,0.7796000000013237,2.2451843268699734,(gap/tau_g)^2+(speed/tau_v)^2+(lateral/tau_y)^2,False
3,0.30000000000000004,Zheng et al. (2024),service,5112,2.1,2,periodic,none,0.25,0.55,3,0.3706949791966342,1.5818737040150719,0.16585996399889813,0.3638580817851371,19.032767890434222,0.49835128290543074,1755,1041,1755,372.71902571490824,0.5931623931623932,0.23420000000129448,0.9811000000041759,2.208727241957363,(gap/tau_g)^2+(speed/tau_v)^2+(lateral/tau_y)^2,False
3,0.30000000000000004,Zheng et al. (2024),service,5113,2.1,2,periodic,none,0.25,0.55,3,0.3613520762986379,1.6146067648749232,0.16639297185116952,0.3893130114396582,18.82432419323756,0.4953710997808981,1755,1055,1755,372.23748747667065,0.6011396011396012,0.21059999999906154,0.49119999999902575,2.254378518948198,(gap/tau_g)^2+(speed/tau_v)^2+(lateral/tau_y)^2,False
3,0.30000000000000004,Zheng et al. (2024),service,5114,2.1,2,periodic,none,0.25,0.55,3,0.3583345554573864,1.595851187480515,0.16523428224514825,0.3533392307704078,18.977331303425522,0.5023507222378749,1755,1038,1755,373.3290878898776,0.5914529914529915,0.2156500000012329,0.6601999999986674,2.210190022225338,(gap/tau_g)^2+(speed/tau_v)^2+(lateral/tau_y)^2,False
3,0.30000000000000004,Zheng et al. (2024),service,5115,2.1,2,periodic,none,0.25,0.55,3,0.3790567376816636,1.5950626769535914,0.16582301207908626,0.36819387516419,18.79595800904829,0.49902366881601157,1755,1064,1755,372.7492804354728,0.6062678062678063,0.21695000000221398,0.42820000000176606,2.2409439747729616,(gap/tau_g)^2+(speed/tau_v)^2+(lateral/tau_y)^2,False
3,0.30000000000000004,Zheng et al. (2024),service,5116,2.1,2,periodic,none,0.25,0.55,3,0.374326944995315,1.5815460140402435,0.16545969936058952,0.3662778544542627,18.88783417812742,0.49966090397022356,1755,1077,1755,373.06631388781096,0.6136752136752137,0.2155500000000643,0.6081000000008885,2.209693443583639,(gap/tau_g)^2+(speed/tau_v)^2+(lateral/tau_y)^2,False
3,0.30000000000000004,Zheng et al. (2024),service,5117,2.1,2,periodic,none,0.25,0.55,3,0.36484112447175204,1.6150649579329424,0.16567423766940756,0.3793640717373831,19.109690151188197,0.4973173906642643,1755,1080,1755,372.8782548154037,0.6153846153846154,0.2133999999998082,0.6166000000007443,2.2536712208628886,(gap/tau_g)^2+(speed/tau_v)^2+(lateral/tau_y)^2,False
3,0.30000000000000004,Zheng et al. (2024),service,5118,2.1,2,periodic,none,0.25,0.55,3,0.3576815506968688,1.6038858547342456,0.16616722226532585,0.3756759261118279,19.020410124190477,0.4969987294047674,1755,1061,1755,372.4326431215942,0.6045584045584046,0.21074999999726174,0.3599000000065189,2.230204990320922,(gap/tau_g)^2+(speed/tau_v)^2+(lateral/tau_y)^2,False
3,0.30000000000000004,Zheng et al. (2024),service,5119,2.1,2,periodic,none,0.25,0.55,3,0.36508751566084313,1.5931122236506277,0.16659762488847804,0.3849270462785086,18.9489748591933,0.4940064505583016,1755,1038,1755,372.04139553711104,0.5914529914529915,0.22435000000342598,1.0060999999979003,2.2257285540681693,(gap/tau_g)^2+(speed/tau_v)^2+(lateral/tau_y)^2,False
3,0.30000000000000004,Zheng et al. (2024),service,5120,2.1,2,periodic,none,0.25,0.55,3,0.37551134332182107,1.5917544425556331,0.1663171556784122,0.36663817761499173,19.0527079715,0.49529263254945954,1755,1029,1755,372.27301006627965,0.5863247863247864,0.21390000000209852,0.9008000000036986,2.234912165511644,(gap/tau_g)^2+(speed/tau_v)^2+(lateral/tau_y)^2,False
3,0.30000000000000004,Zheng et al. (2024),service,5121,2.1,2,periodic,none,0.25,0.55,3,0.3638322404260313,1.5981123370257042,0.1655389706224836,0.35590820323423883,18.76099199843746,0.4991653351364549,1755,1061,1755,373.03568288867456,0.6045584045584046,0.21890000000013288,1.6740000000012856,2.2234525144188124,(gap/tau_g)^2+(speed/tau_v)^2+(lateral/tau_y)^2,False
3,0.30000000000000004,Zheng et al. (2024),service,5122,2.1,2,periodic,none,0.25,0.55,3,0.3693155516025229,1.5961112260786585,0.16564488605324224,0.3580482127600827,19.25315904406755,0.49889520070811455,1755,1099,1755,372.91939375493314,0.6262108262108262,0.21459999999962065,0.4291999999992413,2.228215033536309,(gap/tau_g)^2+(speed/tau_v)^2+(lateral/tau_y)^2,False
3,0.30000000000000004,Zheng et al. (2024),service,5123,2.1,2,periodic,none,0.25,0.55,3,0.36978941464289083,1.6061068922270865,0.1661625085417328,0.3675667919569204,18.922191767662618,0.4960196248133981,1755,1051,1755,372.4606972865436,0.5988603988603989,0.21219999999999573,0.975799999999083,2.2494622138884495,(gap/tau_g)^2+(speed/tau_v)^2+(lateral/tau_y)^2,False
3,0.30000000000000004,Zheng et al. (2024),service,5124,2.1,2,periodic,none,0.25,0.55,3,0.36880781751182823,1.5995339725209285,0.16645149126149786,0.3951130901160996,18.867595169088048,0.49638281031912335,1755,1099,1755,372.1663068061908,0.6262108262108262,0.2117000000012581,1.9624999999976467,2.239826094411785,(gap/tau_g)^2+(speed/tau_v)^2+(lateral/tau_y)^2,False
3,0.30000000000000004,Zheng et al. (2024),service,5125,2.1,2,periodic,none,0.25,0.55,3,0.3657187633274985,1.5936033470635613,0.16624027569318803,0.3649912787985491,19.072142792240967,0.496667973606981,1755,1099,1755,372.3596165024511,0.6262108262108262,0.2112500000031048,0.5432000000027415,2.2243736996067196,(gap/tau_g)^2+(speed/tau_v)^2+(lateral/tau_y)^2,False
3,0.30000000000000004,Zheng et al. (2024),service,5126,2.1,2,periodic,none,0.25,0.55,3,0.3656849990158489,1.5982923738159631,0.16620772141326834,0.3811043554841344,18.95718510789323,0.49556007190986995,1755,1075,1755,372.3773884248149,0.6125356125356125,0.21644999999992365,0.5173999999996681,2.2316953971665194,(gap/tau_g)^2+(speed/tau_v)^2+(lateral/tau_y)^2,False
3,0.30000000000000004,Zheng et al. (2024),service,5127,2.1,2,periodic,none,0.25,0.55,3,0.37073979445390215,1.5877500697143263,0.16581758252870019,0.3782330313652826,19.166670828250723,0.4989673075494202,1755,1019,1755,372.73955074409906,0.5806267806267806,0.26000000000081513,0.8209000000007904,2.217937882770981,(gap/tau_g)^2+(speed/tau_v)^2+(lateral/tau_y)^2,False
3,0.30000000000000004,Zheng et al. (2024),service,5128,2.1,2,periodic,none,0.25,0.55,3,0.36683147242293745,1.6071617253844568,0.1663048562964202,0.3700376134820926,19.033637975931427,0.4955926507352836,1755,1095,1755,372.31000276447776,0.6239316239316239,0.2120499999982428,0.5377000000024168,2.24850111291222,(gap/tau_g)^2+(speed/tau_v)^2+(lateral/tau_y)^2,False
3,0.30000000000000004,Zheng et al. (2024),service,5129,2.1,2,periodic,none,0.25,0.55,3,0.35433493320066306,1.5971117840204978,0.16622018242068445,0.38055052510418497,19.064040026267584,0.49666576075522306,1755,1061,1755,372.3858626916242,0.6045584045584046,0.22089999999863608,1.0491000000030226,2.215345745121203,(gap/tau_g)^2+(speed/tau_v)^2+(lateral/tau_y)^2,False
3,0.30000000000000004,Zheng et al. (2024),service,5130,2.1,2,periodic,none,0.25,0.55,3,0.3809086709743957,1.6023101155962007,0.16601779981625767,0.370130129146162,19.062238014973907,0.4972213566117878,1755,1134,1755,372.56831470024025,0.6461538461538462,0.21684999999749266,0.865300000000957,2.256884829889513,(gap/tau_g)^2+(speed/tau_v)^2+(lateral/tau_y)^2,False
3,0.30000000000000004,Proposed,service,5101,2.1,2,aware,none,0.25,0.55,3,0.6849634160838519,1.3808921932358664,0.16615703913528324,1.92147693736925,19.755187569332527,0.35094064774544864,700,457,700,148.487578101956,0.6528571428571428,0.3645500000004631,0.7297999999948956,2.4971821322804577,(gap/tau_g)^2+(speed/tau_v)^2+(lateral/tau_y)^2,False
3,0.30000000000000004,Proposed,service,5102,2.1,2,aware,none,0.25,0.55,3,0.6742820880808026,1.3872258441107006,0.16634705283785708,1.816640716785176,19.930627376013113,0.4822521796935767,700,422,700,148.42451838815046,0.6028571428571429,0.41519999999906076,1.347699999996621,2.481895937846418,(gap/tau_g)^2+(speed/tau_v)^2+(lateral/tau_y)^2,False
3,0.30000000000000004,Proposed,service,5103,2.1,2,aware,none,0.25,0.55,3,0.675657576392654,1.3875434404509952,0.16686474304806964,1.8735482028363735,19.894089277540303,0.4422171682453243,700,468,700,148.23210468630663,0.6685714285714286,0.44164999999907195,1.0126000000028057,2.4899590950710264,(gap/tau_g)^2+(speed/tau_v)^2+(lateral/tau_y)^2,False
3,0.30000000000000004,Proposed,service,5104,2.1,2,aware,none,0.25,0.55,3,0.6730468599214955,1.3852353055055568,0.16609687444815655,1.8956840597069935,20.079977769706062,0.4078579381664369,700,454,700,148.5223206262638,0.6485714285714286,0.4116999999972393,1.0845999999986589,2.474042339982962,(gap/tau_g)^2+(speed/tau_v)^2+(lateral/tau_y)^2,False
3,0.30000000000000004,Proposed,service,5105,2.1,2,aware,none,0.25,0.55,3,0.6844277200905281,1.3816135804215344,0.16606246500565103,1.900530946787899,19.879432393043714,0.39258390297001455,700,445,700,148.54016388226492,0.6357142857142857,0.39804999999759616,1.017699999998456,2.496109263713723,(gap/tau_g)^2+(speed/tau_v)^2+(lateral/tau_y)^2,False
3,0.30000000000000004,Proposed,service,5106,2.1,2,aware,none,0.25,0.55,3,0.6749806871614078,1.402320440888886,0.16704826555880295,1.8981547451407021,19.389172707106425,0.3784213644612088,700,443,700,148.1671670762728,0.6328571428571429,0.4045000000019172,0.8125000000021032,2.5108993882274104,(gap/tau_g)^2+(speed/tau_v)^2+(lateral/tau_y)^2,False
3,0.30000000000000004,Proposed,service,5107,2.1,2,aware,none,0.25,0.55,3,0.6816298723711054,1.3853519307760396,0.16608789918935282,1.7689155776495535,19.02985300891129,0.45225699379372797,700,395,700,148.52044099442588,0.5642857142857143,0.43795000000201867,2.3578000000057386,2.494803251947553,(gap/tau_g)^2+(speed/tau_v)^2+(lateral/tau_y)^2,False
3,0.30000000000000004,Proposed,service,5108,2.1,2,aware,none,0.25,0.55,3,0.6784131186952974,1.3873782930770737,0.16626655284733258,1.7586855397151966,20.005433499918922,0.4234227511918881,700,424,700,148.46538237312586,0.6057142857142858,0.43175000000061914,1.23959999999812,2.4913766292091193,(gap/tau_g)^2+(speed/tau_v)^2+(lateral/tau_y)^2,False
3,0.30000000000000004,Proposed,service,5109,2.1,2,aware,none,0.25,0.55,3,0.6803663675465011,1.3895103290775512,0.16589919654716495,1.778366136075487,20.147450922434906,0.4552743417777011,700,445,700,148.58497809212292,0.6357142857142857,0.47104999999803,1.622900000000982,2.496064958965105,(gap/tau_g)^2+(speed/tau_v)^2+(lateral/tau_y)^2,False
3,0.30000000000000004,Proposed,service,5110,2.1,2,aware,none,0.25,0.55,3,0.6808846499879609,1.3897086276955861,0.16623398657289035,1.8882131584965236,19.497220082928912,0.44067268187988873,700,438,700,148.46227927260267,0.6257142857142857,0.4385999999989565,1.1570000000062919,2.500380256598472,(gap/tau_g)^2+(speed/tau_v)^2+(lateral/tau_y)^2,False
3,0.30000000000000004,Proposed,service,5111,2.1,2,aware,none,0.25,0.55,3,0.6790481045216543,1.395015177530877,0.16549264925627968,1.7623761899426653,19.212463272404925,0.43076484086274813,700,408,700,148.7424778024544,0.5828571428571429,0.4002500000019893,0.838999999999146,2.4973315103373177,(gap/tau_g)^2+(speed/tau_v)^2+(lateral/tau_y)^2,False
3,0.30000000000000004,Proposed,service,5112,2.1,2,aware,none,0.25,0.55,3,0.6577238770008805,1.3817939878960945,0.165976633431885,1.8721260987054897,19.625898274003887,0.4184898480543001,700,410,700,148.56668589609365,0.5857142857142857,0.40115000000540135,1.0205000000027553,2.4319345023123944,(gap/tau_g)^2+(speed/tau_v)^2+(lateral/tau_y)^2,False
3,0.30000000000000004,Proposed,service,5113,2.1,2,aware,none,0.25,0.55,3,0.6892422649211167,1.390474400937011,0.16646650988783124,1.9861966966640443,19.91383251964845,0.41916234347236114,700,425,700,148.38255911813255,0.6071428571428571,0.3754500000034966,0.9982999999991193,2.5237578126077485,(gap/tau_g)^2+(speed/tau_v)^2+(lateral/tau_y)^2,False
3,0.30000000000000004,Proposed,service,5114,2.1,2,aware,none,0.25,0.55,3,0.668410995150675,1.3770145065718975,0.16535230747444313,1.8268494271799938,19.627978356892505,0.4624701448470143,700,414,700,148.81839260083413,0.5914285714285714,0.3643000000010943,1.9076000000026738,2.445231348658262,(gap/tau_g)^2+(speed/tau_v)^2+(lateral/tau_y)^2,False
3,0.30000000000000004,Proposed,service,5115,2.1,2,aware,none,0.25,0.55,3,0.6959784710326671,1.379281633883618,0.165886958089542,1.8531251031527107,19.767378504876113,0.4736984434114786,700,427,700,148.5903312642281,0.61,0.37470000000183745,0.9055999999958431,2.5197141349870527,(gap/tau_g)^2+(speed/tau_v)^2+(lateral/tau_y)^2,False
3,0.30000000000000004,Proposed,service,5116,2.1,2,aware,none,0.25,0.55,3,0.663828173225008,1.3747749347218534,0.16559285735349932,1.7549448662196083,19.88177593771274,0.4563647881418197,700,447,700,148.6966681012756,0.6385714285714286,0.42859999999933507,0.9396000000023719,2.4332231971535823,(gap/tau_g)^2+(speed/tau_v)^2+(lateral/tau_y)^2,False
3,0.30000000000000004,Proposed,service,5117,2.1,2,aware,none,0.25,0.55,3,0.6839928037796795,1.3921150428623734,0.16575131562517023,1.838610965382496,20.15031969270396,0.3976231688795515,700,426,700,148.64373107908608,0.6085714285714285,0.3980500000011489,0.8437999999983958,2.5073314608770874,(gap/tau_g)^2+(speed/tau_v)^2+(lateral/tau_y)^2,False
3,0.30000000000000004,Proposed,service,5118,2.1,2,aware,none,0.25,0.55,3,0.6840826816861166,1.3755219463212258,0.16625305097280274,1.799642906908544,19.932492583319075,0.44631244641731316,700,430,700,148.45953255644972,0.6142857142857143,0.4099000000010733,1.2127000000035082,2.4882840714332928,(gap/tau_g)^2+(speed/tau_v)^2+(lateral/tau_y)^2,False
3,0.30000000000000004,Proposed,service,5119,2.1,2,aware,none,0.25,0.55,3,0.6809887154627763,1.3843511088481442,0.1666730513890585,1.9001943975336577,19.71593278509146,0.44887516956551365,700,408,700,148.29892485111654,0.5828571428571429,0.41075000000034834,0.9358000000005973,2.4967037120475655,(gap/tau_g)^2+(speed/tau_v)^2+(lateral/tau_y)^2,False
3,0.30000000000000004,Proposed,service,5120,2.1,2,aware,none,0.25,0.55,3,0.6768914242237954,1.3831689387382533,0.16644532159414452,1.8802045787777828,20.1080607337689,0.4595210172715303,700,406,700,148.38305082444583,0.58,0.42035000000240075,1.2310999999982641,2.483247064865906,(gap/tau_g)^2+(speed/tau_v)^2+(lateral/tau_y)^2,False
3,0.30000000000000004,Proposed,service,5121,2.1,2,aware,none,0.25,0.55,3,0.682851706152084,1.3798237768192867,0.16566184761225344,1.7252913669876087,19.562773758236673,0.47601161293551075,700,434,700,148.69020264391847,0.62,0.39629999999846177,1.1275999999966757,2.4864344052553626,(gap/tau_g)^2+(speed/tau_v)^2+(lateral/tau_y)^2,False
3,0.30000000000000004,Proposed,service,5122,2.1,2,aware,none,0.25,0.55,3,0.6896645982018244,1.3761806523287083,0.165767625820644,1.8031136102228076,19.59789579833639,0.4493859379004671,700,456,700,148.64399400732123,0.6514285714285715,0.38654999999820916,0.7722000000001117,2.4988118223663727,(gap/tau_g)^2+(speed/tau_v)^2+(lateral/tau_y)^2,False
3,0.30000000000000004,Proposed,service,5123,2.1,2,aware,none,0.25,0.55,3,0.6885483686860495,1.3813610642036156,0.16625307860152042,1.757555612259006,19.822651493998663,0.4734842056744737,700,411,700,148.4634328299156,0.5871428571428572,0.4117499999978236,1.1648000000050729,2.507394763140077,(gap/tau_g)^2+(speed/tau_v)^2+(lateral/tau_y)^2,False
3,0.30000000000000004,Proposed,service,5124,2.1,2,aware,none,0.25,0.55,3,0.688402976359727,1.3809523793159795,0.16654538156166052,1.9585519290600688,20.04461911570675,0.4085467623102482,700,437,700,148.3515295571216,0.6242857142857143,0.37500000000179057,0.6696999999959985,2.5088948272490303,(gap/tau_g)^2+(speed/tau_v)^2+(lateral/tau_y)^2,False
3,0.30000000000000004,Proposed,service,5125,2.1,2,aware,none,0.25,0.55,3,0.6816124838614911,1.3794518922078578,0.16630693847984976,1.8291889531110694,19.980794404588345,0.4704635866184753,700,463,700,148.4314519991883,0.6614285714285715,0.4075500000020327,1.1299000000022374,2.488258620242279,(gap/tau_g)^2+(speed/tau_v)^2+(lateral/tau_y)^2,False
3,0.30000000000000004,Proposed,service,5126,2.1,2,aware,none,0.25,0.55,3,0.6935334666306044,1.380249448737981,0.16635077975888593,1.7831459039733824,19.880549231942112,0.4342614888745021,700,442,700,148.42204062504433,0.6314285714285715,0.3926499999984401,0.7452999999983945,2.5188894652272675,(gap/tau_g)^2+(speed/tau_v)^2+(lateral/tau_y)^2,False
3,0.30000000000000004,Proposed,service,5127,2.1,2,aware,none,0.25,0.55,3,0.6818996992447627,1.3751708874348336,0.16588373348414043,1.81565427918812,20.184067812776206,0.46086123929744205,700,422,700,148.59597945502267,0.6028571428571429,0.38615000000064015,0.7870999999965989,2.479423608944541,(gap/tau_g)^2+(speed/tau_v)^2+(lateral/tau_y)^2,False
3,0.30000000000000004,Proposed,service,5128,2.1,2,aware,none,0.25,0.55,3,0.6758339118327857,1.3952521988855278,0.1663820337751497,1.9126322462599359,19.9001815772802,0.42044434799095565,700,462,700,148.4146229327914,0.66,0.4008000000013112,1.3924000000002934,2.4973060815636514,(gap/tau_g)^2+(speed/tau_v)^2+(lateral/tau_y)^2,False
3,0.30000000000000004,Proposed,service,5129,2.1,2,aware,none,0.25,0.55,3,0.6789247226919752,1.3819919851899038,0.16631955175703422,1.8809810302544676,19.75566234643714,0.37731684645487396,700,446,700,148.43158630924708,0.6371428571428571,0.41689999999761085,0.7306999999983077,2.4854412687082137,(gap/tau_g)^2+(speed/tau_v)^2+(lateral/tau_y)^2,False
3,0.30000000000000004,Proposed,service,5130,2.1,2,aware,none,0.25,0.55,3,0.6755765030886339,1.3927305515545907,0.16609835646590462,1.8709103960303826,19.909962767802902,0.45019703966426006,700,465,700,148.51572825805033,0.6642857142857143,0.37860000000122795,0.5760000000023524,2.490742834107607,(gap/tau_g)^2+(speed/tau_v)^2+(lateral/tau_y)^2,False
4,0.4,CACC,service,5101,2.1,2,periodic,none,0.25,0.55,4,0.9344430965908592,1.2750809073438725,0.16591347019630784,0.34862779382022224,20.67617750074716,0.49670168858096064,1755,996,1755,372.3031562984697,0.5675213675213675,0.24469999999965353,1.6764000000009105,3.0700147001596223,(gap/tau_g)^2+(speed/tau_v)^2+(lateral/tau_y)^2,False
4,0.4,CACC,service,5102,2.1,2,periodic,none,0.25,0.55,4,0.9219985607487329,1.2835307530149278,0.16612460857806763,0.3587619688371681,20.555788843701215,0.49689414071976845,1755,946,1755,372.1383055314852,0.539031339031339,0.21465000000020495,0.5160000000046239,3.041726689079303,(gap/tau_g)^2+(speed/tau_v)^2+(lateral/tau_y)^2,False
4,0.4,CACC,service,5103,2.1,2,periodic,none,0.25,0.55,4,0.9265216657926757,1.2842988009212046,0.1666479755636476,0.332234294216966,20.630408683447193,0.4955893860027041,1755,976,1755,371.65370593101943,0.5561253561253561,0.21544999999534298,0.7058000000057518,3.061951067347948,(gap/tau_g)^2+(speed/tau_v)^2+(lateral/tau_y)^2,False
4,0.4,CACC,service,5104,2.1,2,periodic,none,0.25,0.55,4,0.9241548065365411,1.274476386757532,0.1659012014358294,0.348174343595019,20.707665537695114,0.49647076116871725,1755,1014,1755,372.3781140206367,0.5777777777777777,0.20749999999836177,0.6171999999935451,3.0351322681982866,(gap/tau_g)^2+(speed/tau_v)^2+(lateral/tau_y)^2,False
4,0.4,CACC,service,5105,2.1,2,periodic,none,0.25,0.55,4,0.9199260297552337,1.2841454736630074,0.1658041408903126,0.3478693188865863,20.844354462134312,0.4977272050640096,1755,980,1755,372.43763858001876,0.5584045584045584,0.21195000000062691,0.5148999999988746,3.0330861157506575,(gap/tau_g)^2+(speed/tau_v)^2+(lateral/tau_y)^2,False
4,0.4,CACC,service,5106,2.1,2,periodic,none,0.25,0.55,4,0.9286990883126898,1.2928073959098187,0.1667906797260022,0.34437200490508874,20.742134209584933,0.4930907540441235,1755,1006,1755,371.50948011530767,0.5732193732193732,0.20864999999758993,0.90889999999888,3.0815096815557874,(gap/tau_g)^2+(speed/tau_v)^2+(lateral/tau_y)^2,False
4,0.4,CACC,service,5107,2.1,2,periodic,none,0.25,0.55,4,0.9363648832777897,1.2697334835455076,0.1658452182712039,0.3355988970476778,20.553578158535103,0.4959349595390765,1755,915,1755,372.4001492191826,0.5213675213675214,0.24929999999656616,1.2490000000013879,3.068897294764101,(gap/tau_g)^2+(speed/tau_v)^2+(lateral/tau_y)^2,False
4,0.4,CACC,service,5108,2.1,2,periodic,none,0.25,0.55,4,0.9291311940978337,1.2829974655002119,0.16598259575809443,0.3346182617759016,20.46365136830613,0.4961659726205807,1755,958,1755,372.2705075010745,0.5458689458689459,0.20724999999544025,0.7901999999972986,3.063322051165317,(gap/tau_g)^2+(speed/tau_v)^2+(lateral/tau_y)^2,False
4,0.4,CACC,service,5109,2.1,2,periodic,none,0.25,0.55,4,0.9277248831112488,1.2796151144377095,0.1656472010346056,0.40124264499570206,20.524633366423544,0.49817106931385036,1755,959,1755,372.5720807546939,0.5464387464387465,0.20620000000093341,1.3545000000050322,3.051476764396599,(gap/tau_g)^2+(speed/tau_v)^2+(lateral/tau_y)^2,False
4,0.4,CACC,service,5110,2.1,2,periodic,none,0.25,0.55,4,0.9243834407060769,1.284170350311707,0.16598586000866514,0.35183111259030037,20.58511197151403,0.49668996918805075,1755,970,1755,372.2633958405162,0.5527065527065527,0.22650000000012938,0.4230999999990104,3.049240863871968,(gap/tau_g)^2+(speed/tau_v)^2+(lateral/tau_y)^2,False
4,0.4,CACC,service,5111,2.1,2,periodic,none,0.25,0.55,4,0.9401589536510231,1.2766745452048665,0.16526333625682618,0.35576374647436354,20.416261359373117,0.49989299843379453,1755,925,1755,372.927462377307,0.5270655270655271,0.20645000000030223,0.45120000000054006,3.085755563909527,(gap/tau_g)^2+(speed/tau_v)^2+(lateral/tau_y)^2,False
4,0.4,CACC,service,5112,2.1,2,periodic,none,0.25,0.55,4,0.9225092664368643,1.2665595195947228,0.16571042886512025,0.36014346649528806,20.760029537194526,0.49835128290543074,1755,958,1755,372.53055644423347,0.5458689458689459,0.24945000000187179,0.5191999999993868,3.0178846706851883,(gap/tau_g)^2+(speed/tau_v)^2+(lateral/tau_y)^2,False
4,0.4,CACC,service,5113,2.1,2,periodic,none,0.25,0.55,4,0.9305177800881675,1.2840580106443604,0.16624247362474412,0.38089989332422947,20.673705892122236,0.4953710997808981,1755,957,1755,372.0376432727315,0.5452991452991452,0.20705000000020846,0.40199999999401825,3.071453631603691,(gap/tau_g)^2+(speed/tau_v)^2+(lateral/tau_y)^2,False
4,0.4,CACC,service,5114,2.1,2,periodic,none,0.25,0.55,4,0.9190306535292984,1.2703534741444116,0.16506629398277767,0.35341534844107403,20.429534982710777,0.5023507222378749,1755,940,1755,373.14642880275585,0.5356125356125356,0.21065000000319856,0.5372999999977424,3.0060802774367783,(gap/tau_g)^2+(speed/tau_v)^2+(lateral/tau_y)^2,False
4,0.4,CACC,service,5115,2.1,2,periodic,none,0.25,0.55,4,0.9390438973347724,1.2750737396916836,0.16567599264545477,0.33345336794525565,20.36785540986004,0.49902366881601157,1755,965,1755,372.5462248000295,0.5498575498575499,0.20769999999714628,0.5992999999975268,3.083360375292625,(gap/tau_g)^2+(speed/tau_v)^2+(lateral/tau_y)^2,False
4,0.4,CACC,service,5116,2.1,2,periodic,none,0.25,0.55,4,0.9124763023173326,1.2654036487444118,0.16534087813042195,0.3245251870253678,20.79855920327121,0.49966090397022356,1755,989,1755,372.8445062129169,0.5635327635327635,0.2213999999973737,1.6415999999992437,2.9806034885335535,(gap/tau_g)^2+(speed/tau_v)^2+(lateral/tau_y)^2,False
4,0.4,CACC,service,5117,2.1,2,periodic,none,0.25,0.55,4,0.9303748975412809,1.288256654952627,0.16551587757573222,0.36054214699560755,20.902459371668066,0.4973173906642643,1755,995,1755,372.6699662387255,0.5669515669515669,0.21415000000146733,0.9883999999971138,3.070464905853977,(gap/tau_g)^2+(speed/tau_v)^2+(lateral/tau_y)^2,False
4,0.4,CACC,service,5118,2.1,2,periodic,none,0.25,0.55,4,0.9349756016549216,1.2716855974074202,0.16600349808369588,0.36588934789840993,20.66233837221742,0.4969987294047674,1755,963,1755,372.23114733681336,0.5487179487179488,0.2096000000015863,0.7317000000028884,3.0681197118109678,(gap/tau_g)^2+(speed/tau_v)^2+(lateral/tau_y)^2,False
4,0.4,CACC,service,5119,2.1,2,periodic,none,0.25,0.55,4,0.9409565074161226,1.2687788910007558,0.1664509193666331,0.3543679876298604,20.851749709386056,0.4940064505583016,1755,940,1755,371.8392225747774,0.5356125356125356,0.232549999999776,1.0349000000005049,3.0880171116902235,(gap/tau_g)^2+(speed/tau_v)^2+(lateral/tau_y)^2,False
4,0.4,CACC,service,5120,2.1,2,periodic,none,0.25,0.55,4,0.9221245956739722,1.2742635189056455,0.16621755520279538,0.3386202272795396,20.628804230741686,0.49529263254945954,1755,937,1755,372.04447031056833,0.5339031339031339,0.21739999999681459,0.6704000000041788,3.0308184257969195,(gap/tau_g)^2+(speed/tau_v)^2+(lateral/tau_y)^2,False
4,0.4,CACC,service,5121,2.1,2,periodic,none,0.25,0.55,4,0.9265692574599417,1.2732409613563171,0.16540399150459417,0.3358078026684746,20.336135540571114,0.4991653351364549,1755,963,1755,372.83148765217203,0.5487179487179488,0.21430000000322025,0.5529000000024098,3.037352156288637,(gap/tau_g)^2+(speed/tau_v)^2+(lateral/tau_y)^2,False
4,0.4,CACC,service,5122,2.1,2,periodic,none,0.25,0.55,4,0.9331736769165956,1.272187268411019,0.165503810964084,0.34128377289751854,20.827802652896168,0.49889520070811455,1755,998,1755,372.70259887423384,0.5686609686609687,0.21300000000223918,0.5687999999963722,3.05864510940264,(gap/tau_g)^2+(speed/tau_v)^2+(lateral/tau_y)^2,False
4,0.4,CACC,service,5123,2.1,2,periodic,none,0.25,0.55,4,0.9321061826056555,1.2771051618138685,0.1659945185008227,0.32643745433917226,20.61853686692269,0.4960196248133981,1755,964,1755,372.2695154827936,0.5492877492877493,0.20914999999988027,0.6517999999999802,3.0655684641164784,(gap/tau_g)^2+(speed/tau_v)^2+(lateral/tau_y)^2,False
4,0.4,CACC,service,5124,2.1,2,periodic,none,0.25,0.55,4,0.9360609848367919,1.275566385013432,0.1662835465608782,0.34059812485345026,20.789894547720706,0.49638281031912335,1755,994,1755,371.99087124300945,0.5663817663817664,0.20909999999929596,0.4327999999986787,3.0790999629050737,(gap/tau_g)^2+(speed/tau_v)^2+(lateral/tau_y)^2,False
4,0.4,CACC,service,5125,2.1,2,periodic,none,0.25,0.55,4,0.9283387125596446,1.273431907037696,0.16605902273091067,0.32769196990889543,20.924959881903945,0.496667973606981,1755,985,1755,372.18369640875505,0.5612535612535613,0.21274999999931765,0.6567000000003986,3.048863202208974,(gap/tau_g)^2+(speed/tau_v)^2+(lateral/tau_y)^2,False
4,0.4,CACC,service,5126,2.1,2,periodic,none,0.25,0.55,4,0.94524208973461,1.2732947729693738,0.16606396995112405,0.3480375517512588,20.8011651979144,0.49556007190986995,1755,972,1755,372.15758424356767,0.5538461538461539,0.2115499999995052,0.6088999999960265,3.1050280372052077,(gap/tau_g)^2+(speed/tau_v)^2+(lateral/tau_y)^2,False
4,0.4,CACC,service,5127,2.1,2,periodic,none,0.25,0.55,4,0.9407823103267124,1.2647116511636576,0.16565155624967046,0.3751544150745733,20.7941692523112,0.4989673075494202,1755,938,1755,372.57431305371443,0.5344729344729344,0.21425000000263594,0.5979000000024826,3.075540303184165,(gap/tau_g)^2+(speed/tau_v)^2+(lateral/tau_y)^2,False
4,0.4,CACC,service,5128,2.1,2,periodic,none,0.25,0.55,4,0.942471013498418,1.2792511181439767,0.16617762217578197,0.35279596571476524,20.829435116801925,0.4955926507352836,1755,978,1755,372.1017960675931,0.5572649572649573,0.20935000000221748,0.3534999999956767,3.104429550495095,(gap/tau_g)^2+(speed/tau_v)^2+(lateral/tau_y)^2,False
4,0.4,CACC,service,5129,2.1,2,periodic,none,0.25,0.55,4,0.9305966706832401,1.2721242412919707,0.16606239804562986,0.378005607305883,20.603973315491892,0.49666576075522306,1755,965,1755,372.1821927765202,0.5498575498575499,0.2157999999994331,2.2442999999938706,3.0546549339107307,(gap/tau_g)^2+(speed/tau_v)^2+(lateral/tau_y)^2,False
4,0.4,CACC,service,5130,2.1,2,periodic,none,0.25,0.55,4,0.9323390412889989,1.2794961960472837,0.16585705581647478,0.31474870523512716,20.85181587580007,0.4972213566117878,1755,1040,1755,372.3752285031097,0.5925925925925926,0.2232500000012294,1.049399999999423,3.068318697583786,(gap/tau_g)^2+(speed/tau_v)^2+(lateral/tau_y)^2,False
4,0.4,Switching DMPC,service,5101,2.1,2,periodic,none,0.25,0.55,4,0.6824000585763805,1.3794895205051314,0.16614537046669717,1.8426145635851714,19.94815874168802,0.43362219983281025,1755,996,1755,372.2914544140119,0.5675213675213675,0.2731000000011363,0.6235999999972819,2.488878543966132,(gap/tau_g)^2+(speed/tau_v)^2+(lateral/tau_y)^2,False
4,0.4,Switching DMPC,service,5102,2.1,2,periodic,none,0.25,0.55,4,0.6766045807826482,1.3833500814983053,0.16636819197216282,1.8621758746981567,19.79310308506235,0.4109921662868433,1755,946,1755,372.11554735317094,0.539031339031339,0.25059999999754723,0.9751999999991767,2.4821707943953153,(gap/tau_g)^2+(speed/tau_v)^2+(lateral/tau_y)^2,False
4,0.4,Switching DMPC,service,5103,2.1,2,periodic,none,0.25,0.55,4,0.6733689257020067,1.3868917608772091,0.16689136243049482,1.8886362771446847,19.812758052624133,0.4057029745758769,1755,976,1755,371.62325654617166,0.5561253561253561,0.26279999999800907,1.144299999999987,2.4837699330410636,(gap/tau_g)^2+(speed/tau_v)^2+(lateral/tau_y)^2,False
4,0.4,Switching DMPC,service,5104,2.1,2,periodic,none,0.25,0.55,4,0.6804925032800607,1.3773188549459985,0.16612236631238614,1.9085323194270005,20.186317642908392,0.44533882852514717,1755,1014,1755,372.3531578098228,0.5777777777777777,0.25859999999866545,0.6719000000003916,2.4810124845870374,(gap/tau_g)^2+(speed/tau_v)^2+(lateral/tau_y)^2,False
4,0.4,Switching DMPC,service,5105,2.1,2,periodic,none,0.25,0.55,4,0.679176928626726,1.386195615171703,0.1660594818100416,1.7052433950636088,20.032526390345375,0.4753503614507899,1755,980,1755,372.40175969956687,0.5584045584045584,0.26229999999927145,0.6748999999999228,2.4898261078593604,(gap/tau_g)^2+(speed/tau_v)^2+(lateral/tau_y)^2,False
4,0.4,Switching DMPC,service,5106,2.1,2,periodic,none,0.25,0.55,4,0.6769604845784899,1.398583330946121,0.1670492801845524,1.7929913903257093,20.123340256065433,0.4723661443706717,1755,1006,1755,371.4718003092256,0.5732193732193732,0.2703000000039424,0.7912999999959425,2.5103257571518904,(gap/tau_g)^2+(speed/tau_v)^2+(lateral/tau_y)^2,False
4,0.4,Switching DMPC,service,5107,2.1,2,periodic,none,0.25,0.55,4,0.6796566849507233,1.3815496205311955,0.16608367503922006,1.74805968205216,19.918612204039853,0.4817949071087786,1755,915,1755,372.3701882753018,0.5213675213675214,0.2556999999967502,0.957800000001896,2.48462526928265,(gap/tau_g)^2+(speed/tau_v)^2+(lateral/tau_y)^2,False
4,0.4,Switching DMPC,service,5108,2.1,2,periodic,none,0.25,0.55,4,0.6794200227515145,1.3881289537219323,0.16624023526888204,1.7620496659848748,19.94135310448474,0.46699319096391656,1755,958,1755,372.2236758570049,0.5458689458689459,0.2581499999969594,0.5872999999994022,2.494651443202005,(gap/tau_g)^2+(speed/tau_v)^2+(lateral/tau_y)^2,False
4,0.4,Switching DMPC,service,5109,2.1,2,periodic,none,0.25,0.55,4,0.6827603533061768,1.3846203697701673,0.16588618624724483,1.73139584431441,19.950887059685904,0.49452153245605535,1755,959,1755,372.53035977617066,0.5464387464387465,0.26564999999934,0.9279000000006477,2.4948373606726344,(gap/tau_g)^2+(speed/tau_v)^2+(lateral/tau_y)^2,False
4,0.4,Switching DMPC,service,5110,2.1,2,periodic,none,0.25,0.55,4,0.6740912725798844,1.3902860026413564,0.1662121682121225,1.7823332501039355,19.980918589103275,0.45195015707406394,1755,970,1755,372.2316387162985,0.5527065527065527,0.2839500000000328,0.4842000000024882,2.4846536484627606,(gap/tau_g)^2+(speed/tau_v)^2+(lateral/tau_y)^2,False
4,0.4,Switching DMPC,service,5111,2.1,2,periodic,none,0.25,0.55,4,0.6882130206730998,1.3851191657045336,0.16551767952509386,1.7554481519717489,19.750155783589435,0.48063812546933626,1755,925,1755,372.8991585829507,0.5270655270655271,0.24904999999719735,0.7013000000029024,2.505778821395551,(gap/tau_g)^2+(speed/tau_v)^2+(lateral/tau_y)^2,False
4,0.4,Switching DMPC,service,5112,2.1,2,periodic,none,0.25,0.55,4,0.6754498880811676,1.369756423412703,0.16596281108812694,1.810120073543974,19.966820101383114,0.4808719945588471,1755,958,1755,372.477773293303,0.5458689458689459,0.2519999999996969,0.5856999999949153,2.456933018781955,(gap/tau_g)^2+(speed/tau_v)^2+(lateral/tau_y)^2,False
4,0.4,Switching DMPC,service,5113,2.1,2,periodic,none,0.25,0.55,4,0.6852067375149637,1.3910591801315402,0.1664849553192244,1.8923042196418034,20.042277325651035,0.4828317856330938,1755,957,1755,371.99751306194446,0.5452991452991452,0.2743999999985647,1.1805999999978667,2.514880568169331,(gap/tau_g)^2+(speed/tau_v)^2+(lateral/tau_y)^2,False
4,0.4,Switching DMPC,service,5114,2.1,2,periodic,none,0.25,0.55,4,0.6758821150515087,1.3709765398574383,0.16531821239174033,1.8197442934729358,19.64847634664376,0.45520658991654306,1755,940,1755,373.11529108123875,0.5356125356125356,0.24855000000201244,0.9653999999983398,2.454338933394682,(gap/tau_g)^2+(speed/tau_v)^2+(lateral/tau_y)^2,False
4,0.4,Switching DMPC,service,5115,2.1,2,periodic,none,0.25,0.55,4,0.6882172693246573,1.3790916877138573,0.16591782715601,1.8317591458338334,20.145711271814157,0.45827663050639567,1755,965,1755,372.5164185320869,0.5498575498575499,0.2821500000003141,0.5652000000040402,2.500604173621367,(gap/tau_g)^2+(speed/tau_v)^2+(lateral/tau_y)^2,False
4,0.4,Switching DMPC,service,5116,2.1,2,periodic,none,0.25,0.55,4,0.667745292624826,1.3673358150452766,0.1655744562496515,1.7725278863780956,19.937744217147106,0.407440118575376,1755,989,1755,372.81872936418193,0.5635327635327635,0.2595500000026618,0.4787000000021635,2.431936022548251,(gap/tau_g)^2+(speed/tau_v)^2+(lateral/tau_y)^2,False
4,0.4,Switching DMPC,service,5117,2.1,2,periodic,none,0.25,0.55,4,0.680708454863404,1.39346147130272,0.1657647113323897,1.8766634108709772,20.017924055252465,0.4778978861401575,1755,995,1755,372.64526708132064,0.5669515669515669,0.26370000000142113,0.8577999999985764,2.5013877683743946,(gap/tau_g)^2+(speed/tau_v)^2+(lateral/tau_y)^2,False
4,0.4,Switching DMPC,service,5118,2.1,2,periodic,none,0.25,0.55,4,0.6832058235274568,1.3782230521004315,0.16626017132790183,1.786129513722029,19.896980848870285,0.4852426680028462,1755,963,1755,372.1877138048111,0.5487179487179488,0.2511500000039746,0.571100000001934,2.490006829638168,(gap/tau_g)^2+(speed/tau_v)^2+(lateral/tau_y)^2,False
4,0.4,Switching DMPC,service,5119,2.1,2,periodic,none,0.25,0.55,4,0.6832098001001412,1.3782375079323317,0.16666819790510295,1.9215880190743233,20.01539436151708,0.4366012763809024,1755,940,1755,371.81600832700906,0.5356125356125356,0.24725000000103137,0.4521000000039521,2.4934329101026087,(gap/tau_g)^2+(speed/tau_v)^2+(lateral/tau_y)^2,False
4,0.4,Switching DMPC,service,5120,2.1,2,periodic,none,0.25,0.55,4,0.676620142984353,1.3777885254717526,0.16645681186304376,1.8295934911239287,19.945332006214457,0.4712062896809238,1755,937,1755,372.0070387025442,0.5339031339031339,0.2481500000008907,0.5185999999994806,2.4751107960587544,(gap/tau_g)^2+(speed/tau_v)^2+(lateral/tau_y)^2,False
4,0.4,Switching DMPC,service,5121,2.1,2,periodic,none,0.25,0.55,4,0.6748411936909062,1.3771721542976998,0.1656467041253776,1.7414029991205107,19.735815014983835,0.4809303207569736,1755,963,1755,372.79917442125424,0.5487179487179488,0.28490000000047644,0.668099999998617,2.4632443389607963,(gap/tau_g)^2+(speed/tau_v)^2+(lateral/tau_y)^2,False
4,0.4,Switching DMPC,service,5122,2.1,2,periodic,none,0.25,0.55,4,0.6800252513378787,1.3780106955981406,0.16575371002531875,1.8070263556443256,19.99963971693859,0.4614623122980801,1755,998,1755,372.67346125978924,0.5686609686609687,0.2557000000003029,0.4963000000017814,2.4777962141064824,(gap/tau_g)^2+(speed/tau_v)^2+(lateral/tau_y)^2,False
4,0.4,Switching DMPC,service,5123,2.1,2,periodic,none,0.25,0.55,4,0.6787345166314444,1.3852186794076686,0.1662487226871671,1.8083582547531707,19.969417513529407,0.4613961757894989,1755,964,1755,372.2311293323817,0.5492877492877493,0.2500999999988096,1.1658999999966113,2.488948879682737,(gap/tau_g)^2+(speed/tau_v)^2+(lateral/tau_y)^2,False
4,0.4,Switching DMPC,service,5124,2.1,2,periodic,none,0.25,0.55,4,0.6886402003139698,1.381487490555285,0.1665121152715764,1.994806142892177,19.88789312676508,0.45154733211737985,1755,994,1755,371.96363117537453,0.5663817663817664,0.25249999999843453,1.9598999999956845,2.509952770128775,(gap/tau_g)^2+(speed/tau_v)^2+(lateral/tau_y)^2,False
4,0.4,Switching DMPC,service,5125,2.1,2,periodic,none,0.25,0.55,4,0.6820013470198244,1.376521827512293,0.1663179442443945,1.77471104266184,20.24260848760131,0.44948326573156727,1755,985,1755,372.14454555365637,0.5612535612535613,0.27594999999891456,0.6300999999950818,2.4851728325510978,(gap/tau_g)^2+(speed/tau_v)^2+(lateral/tau_y)^2,False
4,0.4,Switching DMPC,service,5126,2.1,2,periodic,none,0.25,0.55,4,0.6916065063376534,1.377629298315954,0.16632783936138143,1.8838802500792617,19.471301414328217,0.416050657545871,1755,972,1755,372.12172256437503,0.5538461538461539,0.29454999999956044,1.6774999999995543,2.5102668229134535,(gap/tau_g)^2+(speed/tau_v)^2+(lateral/tau_y)^2,False
4,0.4,Switching DMPC,service,5127,2.1,2,periodic,none,0.25,0.55,4,0.687224580698362,1.372232742782644,0.1658786926949911,1.8452792271729703,20.17045136129306,0.48393101361528035,1755,938,1755,372.5473652944892,0.5344729344729344,0.24945000000187179,0.8993000000003804,2.4882240502387694,(gap/tau_g)^2+(speed/tau_v)^2+(lateral/tau_y)^2,False
4,0.4,Switching DMPC,service,5128,2.1,2,periodic,none,0.25,0.55,4,0.687933035288079,1.3863630764400565,0.16640681387676853,1.777680436066104,19.76339016483813,0.47131100371790957,1755,978,1755,372.0766109527103,0.5572649572649573,0.2688500000012084,1.134100000001581,2.51423089554528,(gap/tau_g)^2+(speed/tau_v)^2+(lateral/tau_y)^2,False
4,0.4,Switching DMPC,service,5129,2.1,2,periodic,none,0.25,0.55,4,0.6802584671986647,1.3780668451267175,0.16631400145819975,1.7907747829807994,20.231964034368325,0.4479951703628715,1755,965,1755,372.1478752225319,0.5498575498575499,0.2746999999985178,0.5902999999989333,2.4830905185445284,(gap/tau_g)^2+(speed/tau_v)^2+(lateral/tau_y)^2,False
4,0.4,Switching DMPC,service,5130,2.1,2,periodic,none,0.25,0.55,4,0.6860449719329617,1.3846332439537399,0.16612553664038174,1.8205325869701117,19.956247176677095,0.45247420188719345,1755,1040,1755,372.33130027299444,0.5925925925925926,0.2899499999990951,0.8972000000042613,2.5048351238707225,(gap/tau_g)^2+(speed/tau_v)^2+(lateral/tau_y)^2,False
4,0.4,Robust DMPC,service,5101,2.1,2,periodic,none,0.25,0.55,4,0.6824298360949738,1.3794683666537948,0.16614534790527763,1.8423747685647436,19.948758867963036,0.4336216394650906,1755,996,1755,372.29146726674014,0.5675213675213675,0.4004500000007738,0.6186999999968634,2.4889208308200805,(gap/tau_g)^2+(speed/tau_v)^2+(lateral/tau_y)^2,False
4,0.4,Robust DMPC,service,5102,2.1,2,periodic,none,0.25,0.55,4,0.6767280075624372,1.3832373525823802,0.16636814539200723,1.8611640210771845,19.793341661810892,0.41100881477871387,1755,946,1755,372.1155432772955,0.539031339031339,0.4077000000002329,0.9486000000009653,2.482308242855547,(gap/tau_g)^2+(speed/tau_v)^2+(lateral/tau_y)^2,False
4,0.4,Robust DMPC,service,5103,2.1,2,periodic,none,0.25,0.55,4,0.6733994469998511,1.3868641689540357,0.16689111032174087,1.888213890455204,19.812758052624133,0.405702001712382,1755,976,1755,371.62344700816465,0.5561253561253561,0.395100000002202,0.6729999999990355,2.4838018574885394,(gap/tau_g)^2+(speed/tau_v)^2+(lateral/tau_y)^2,False
4,0.4,Robust DMPC,service,5104,2.1,2,periodic,none,0.25,0.55,4,0.6805472562352185,1.3772992368488557,0.16612233101217017,1.906409923879376,20.186608384473267,0.44533838165155604,1755,1014,1755,372.35317963303606,0.5777777777777777,0.3989000000004239,1.0403999999937241,2.481117101451311,(gap/tau_g)^2+(speed/tau_v)^2+(lateral/tau_y)^2,False
4,0.4,Robust DMPC,service,5105,2.1,2,periodic,none,0.25,0.55,4,0.6792863771655951,1.3861305368800936,0.16605942996912326,1.704823580018348,20.032504730456253,0.4763109446525988,1755,980,1755,372.40177939136726,0.5584045584045584,0.39575000000269256,1.942700000000741,2.4899979505407335,(gap/tau_g)^2+(speed/tau_v)^2+(lateral/tau_y)^2,False
4,0.4,Robust DMPC,service,5106,2.1,2,periodic,none,0.25,0.55,4,0.6769775899904237,1.3985755696113227,0.16704928810803504,1.7925262829228057,20.12297978376,0.47324102337514085,1755,1006,1755,371.4717932416609,0.5732193732193732,0.4067499999997892,1.1371000000011122,2.510355919705722,(gap/tau_g)^2+(speed/tau_v)^2+(lateral/tau_y)^2,False
4,0.4,Robust DMPC,service,5107,2.1,2,periodic,none,0.25,0.55,4,0.6797198788653034,1.3815058748618962,0.16608366355663218,1.7479892854880612,19.918864787451305,0.48179630622523006,1755,915,1755,372.37018068230293,0.5213675213675214,0.38645000000059326,0.8262999999999465,2.4847162234909272,(gap/tau_g)^2+(speed/tau_v)^2+(lateral/tau_y)^2,False
4,0.4,Robust DMPC,service,5108,2.1,2,periodic,none,0.25,0.55,4,0.6794697968858859,1.388098418815818,0.16624022340973954,1.761484547581047,19.941406952802822,0.46699319485310054,1755,958,1755,372.2236745781941,0.5458689458689459,0.4094000000023357,2.4914999999978704,2.494728338247866,(gap/tau_g)^2+(speed/tau_v)^2+(lateral/tau_y)^2,False
4,0.4,Robust DMPC,service,5109,2.1,2,periodic,none,0.25,0.55,4,0.6827983828063646,1.3846016290189567,0.1658862675215697,1.7309417703016474,19.951277417956973,0.4945213793772426,1755,959,1755,372.5303596878153,0.5464387464387465,0.3966999999960308,1.2025999999991654,2.494903879268122,(gap/tau_g)^2+(speed/tau_v)^2+(lateral/tau_y)^2,False
4,0.4,Robust DMPC,service,5110,2.1,2,periodic,none,0.25,0.55,4,0.6741391249824312,1.3902598702766722,0.16621214912769436,1.7815256822597347,19.980949525605197,0.4519507317401956,1755,970,1755,372.23163680741885,0.5527065527065527,0.4064000000028045,0.7052000000058456,2.4847311125131313,(gap/tau_g)^2+(speed/tau_v)^2+(lateral/tau_y)^2,False
4,0.4,Robust DMPC,service,5111,2.1,2,periodic,none,0.25,0.55,4,0.6882247399614493,1.3850999368775476,0.16551771009308974,1.7529273343880944,19.760951289903588,0.4806465656365988,1755,925,1755,372.8991357933612,0.5270655270655271,0.44760000000110267,0.8963999999949124,2.505780573893193,(gap/tau_g)^2+(speed/tau_v)^2+(lateral/tau_y)^2,False
4,0.4,Robust DMPC,service,5112,2.1,2,periodic,none,0.25,0.55,4,0.675596562824718,1.3696711292105683,0.16596275651935877,1.8094914598427077,19.967050796487534,0.4808717538491486,1755,958,1755,372.47778074601285,0.5458689458689459,0.4233000000013476,1.3404999999977463,2.457165645312914,(gap/tau_g)^2+(speed/tau_v)^2+(lateral/tau_y)^2,False
4,0.4,Robust DMPC,service,5113,2.1,2,periodic,none,0.25,0.55,4,0.6853075917272091,1.3909850051806496,0.16648499280181664,1.8900285076300338,20.04202848528891,0.4828329406761581,1755,957,1755,371.99745787454157,0.5452991452991452,0.3969000000019207,0.7182999999955086,2.5150213237488623,(gap/tau_g)^2+(speed/tau_v)^2+(lateral/tau_y)^2,False
4,0.4,Robust DMPC,service,5114,2.1,2,periodic,none,0.25,0.55,4,0.6758902404035119,1.3709735379548318,0.16531808427224376,1.8167341511462978,19.67305336607331,0.45520658991654306,1755,940,1755,373.11534626921735,0.5356125356125356,0.4162499999971203,2.463800000001015,2.454353201293368,(gap/tau_g)^2+(speed/tau_v)^2+(lateral/tau_y)^2,False
4,0.4,Robust DMPC,service,5115,2.1,2,periodic,none,0.25,0.55,4,0.6882450744620894,1.3790845956148918,0.16591774793078273,1.8315479548878428,20.14622340800451,0.45827663050639567,1755,965,1755,372.5164841112068,0.5498575498575499,0.4615000000036673,1.2895999999997798,2.5006615765427354,(gap/tau_g)^2+(speed/tau_v)^2+(lateral/tau_y)^2,False
4,0.4,Robust DMPC,service,5116,2.1,2,periodic,none,0.25,0.55,4,0.6678369354668005,1.367280168488373,0.16557443069056327,1.7723383409760942,19.93791628530783,0.40744015156027136,1755,989,1755,372.81872673748114,0.5635327635327635,0.398749999998671,1.4569999999949346,2.4320757660631243,(gap/tau_g)^2+(speed/tau_v)^2+(lateral/tau_y)^2,False
4,0.4,Robust DMPC,service,5117,2.1,2,periodic,none,0.25,0.55,4,0.6808502575050545,1.3933495714233854,0.16576480445158823,1.8757508373660883,20.028863087068842,0.4778978861401575,1755,995,1755,372.64516028940346,0.5669515669515669,0.45314999999845895,1.1969999999976721,2.5015726763961714,(gap/tau_g)^2+(speed/tau_v)^2+(lateral/tau_y)^2,False
4,0.4,Robust DMPC,service,5118,2.1,2,periodic,none,0.25,0.55,4,0.6832209739262687,1.3782188195763998,0.16626019097771386,1.7861058383408435,19.896937372828432,0.48524296104474596,1755,963,1755,372.1876793519458,0.5487179487179488,0.40304999999918323,0.7543000000040934,2.490037843983183,(gap/tau_g)^2+(speed/tau_v)^2+(lateral/tau_y)^2,False
4,0.4,Robust DMPC,service,5119,2.1,2,periodic,none,0.25,0.55,4,0.6833045519672839,1.3781821130491738,0.16666839688439292,1.9195803612262865,20.017256405771555,0.4364526902968242,1755,940,1755,371.8158453436822,0.5356125356125356,0.43925000000299974,1.311100000002341,2.4935868507180143,(gap/tau_g)^2+(speed/tau_v)^2+(lateral/tau_y)^2,False
4,0.4,Robust DMPC,service,5120,2.1,2,periodic,none,0.25,0.55,4,0.6766559122040784,1.3777843493339912,0.1664567841193674,1.8291579682373327,19.945341330340966,0.4712056087348562,1755,937,1755,372.00698640017544,0.5339031339031339,0.419499999999573,1.3737000000020316,2.475190748352376,(gap/tau_g)^2+(speed/tau_v)^2+(lateral/tau_y)^2,False
4,0.4,Robust DMPC,service,5121,2.1,2,periodic,none,0.25,0.55,4,0.6748476735617611,1.3771690786951587,0.1656465763026041,1.7411759628960644,19.73584039590005,0.4809304299613669,1755,963,1755,372.79916837154053,0.5487179487179488,0.3990499999986241,0.8553999999989514,2.4632545063251565,(gap/tau_g)^2+(speed/tau_v)^2+(lateral/tau_y)^2,False
4,0.4,Robust DMPC,service,5122,2.1,2,periodic,none,0.25,0.55,4,0.680040202073098,1.3779964179312065,0.16575370111702717,1.8069953458419308,20.000357237214537,0.46146231206601795,1755,998,1755,372.6734627975211,0.5686609686609687,0.41470000000032314,1.3706000000013319,2.4778122133726184,(gap/tau_g)^2+(speed/tau_v)^2+(lateral/tau_y)^2,False
4,0.4,Robust DMPC,service,5123,2.1,2,periodic,none,0.25,0.55,4,0.6787418937466297,1.385216268748675,0.166248594790383,1.8084248826666667,19.96945978893745,0.46139715397332703,1755,964,1755,372.2311241288624,0.5492877492877493,0.3942999999999586,0.8685999999968885,2.4889622122422272,(gap/tau_g)^2+(speed/tau_v)^2+(lateral/tau_y)^2,False
4,0.4,Robust DMPC,service,5124,2.1,2,periodic,none,0.25,0.55,4,0.6886661344612806,1.3814616706130944,0.16651216686117104,1.9944310616650605,19.887890505507777,0.45154731189510755,1755,994,1755,371.96355175956813,0.5663817663817664,0.41085000000151695,0.9629999999987149,2.5099803030149936,(gap/tau_g)^2+(speed/tau_v)^2+(lateral/tau_y)^2,False
4,0.4,Robust DMPC,service,5125,2.1,2,periodic,none,0.25,0.55,4,0.6820069363036251,1.3765167409727144,0.16631795565606333,1.7746221275074192,20.24260848760131,0.44948326573156727,1755,985,1755,372.14453330625105,0.5612535612535613,0.38824999999675924,0.7638000000014245,2.4851793363117975,(gap/tau_g)^2+(speed/tau_v)^2+(lateral/tau_y)^2,False
4,0.4,Robust DMPC,service,5126,2.1,2,periodic,none,0.25,0.55,4,0.6916098315434981,1.377640913661738,0.1663278489311087,1.8841909159342196,19.471301414328217,0.416050657545871,1755,972,1755,372.1217122054406,0.5538461538461539,0.4120000000007451,1.2906000000043605,2.5102914076242975,(gap/tau_g)^2+(speed/tau_v)^2+(lateral/tau_y)^2,False
4,0.4,Robust DMPC,service,5127,2.1,2,periodic,none,0.25,0.55,4,0.6872463991446636,1.3722188962374997,0.16587857817959623,1.844124094071179,20.170550513158553,0.48393101361528035,1755,938,1755,372.5474597603558,0.5344729344729344,0.402050000001708,1.199300000003234,2.4882570255620924,(gap/tau_g)^2+(speed/tau_v)^2+(lateral/tau_y)^2,False
4,0.4,Robust DMPC,service,5128,2.1,2,periodic,none,0.25,0.55,4,0.6879719806900829,1.386367204800072,0.16640666013459032,1.7766059233403382,19.763472274928006,0.47130628098705085,1755,978,1755,372.0766783116098,0.5572649572649573,0.3679499999975633,0.7951000000048225,2.5143307191088544,(gap/tau_g)^2+(speed/tau_v)^2+(lateral/tau_y)^2,False
4,0.4,Robust DMPC,service,5129,2.1,2,periodic,none,0.25,0.55,4,0.6803180768748468,1.378045576943098,0.16631402514426813,1.790853863291458,20.23196105130532,0.4479961595062464,1755,965,1755,372.14781636756805,0.5498575498575499,0.43594999999641004,1.350600000002089,2.4832049926688207,(gap/tau_g)^2+(speed/tau_v)^2+(lateral/tau_y)^2,False
4,0.4,Robust DMPC,service,5130,2.1,2,periodic,none,0.25,0.55,4,0.686016283807569,1.3846431606097878,0.16612543697262788,1.8204949304197866,19.95626588367277,0.4524742059032292,1755,1040,1755,372.3313000435469,0.5925925925925926,0.512000000000512,0.9712000000021703,2.504778330558404,(gap/tau_g)^2+(speed/tau_v)^2+(lateral/tau_y)^2,False
4,0.4,Zheng et al. (2024),service,5101,2.1,2,periodic,none,0.25,0.55,4,0.35213121120607377,1.598530177374802,0.16607004033446338,0.3763067631092224,18.90505450355853,0.49670168858096064,1755,996,1755,372.5273303910674,0.5675213675213675,0.21484999999543675,0.3619000000014694,2.213643324720906,(gap/tau_g)^2+(speed/tau_v)^2+(lateral/tau_y)^2,False
4,0.4,Zheng et al. (2024),service,5102,2.1,2,periodic,none,0.25,0.55,4,0.37214607597856914,1.5991264065953683,0.16630357752101785,0.39084897787484085,18.861106515900886,0.49689414071976845,1755,946,1755,372.3345459728211,0.539031339031339,0.25889999999861857,0.8522999999982517,2.2423278085728215,(gap/tau_g)^2+(speed/tau_v)^2+(lateral/tau_y)^2,False
4,0.4,Zheng et al. (2024),service,5103,2.1,2,periodic,none,0.25,0.55,4,0.3494061581352504,1.6090541665659697,0.16682166606850712,0.38144361449725017,19.010212607815014,0.4955893860027041,1755,976,1755,371.85366537584997,0.5561253561253561,0.21079999999784604,0.46659999999576485,2.23372269546116,(gap/tau_g)^2+(speed/tau_v)^2+(lateral/tau_y)^2,False
4,0.4,Zheng et al. (2024),service,5104,2.1,2,periodic,none,0.25,0.55,4,0.36302816982616226,1.598479346129083,0.166030449421858,0.3975434986226903,19.193198336969182,0.49647076116871725,1755,1014,1755,372.5806728998955,0.5777777777777777,0.21234999999819593,0.6272000000038247,2.227086041219045,(gap/tau_g)^2+(speed/tau_v)^2+(lateral/tau_y)^2,False
4,0.4,Zheng et al. (2024),service,5105,2.1,2,periodic,none,0.25,0.55,4,0.35895738101020647,1.6094642741982355,0.16595253346276448,0.3572103118486909,19.00860414024394,0.4977272050640096,1755,980,1755,372.6382320334199,0.5584045584045584,0.2364999999997508,1.3399000000049455,2.2391934897715124,(gap/tau_g)^2+(speed/tau_v)^2+(lateral/tau_y)^2,False
4,0.4,Zheng et al. (2024),service,5106,2.1,2,periodic,none,0.25,0.55,4,0.36383801815782635,1.6188593283952692,0.16693452957129834,0.3691790653464571,18.904673975850592,0.4930907540441235,1755,1006,1755,371.7290173840849,0.5732193732193732,0.21114999999838346,0.3625000000013756,2.2691119353498026,(gap/tau_g)^2+(speed/tau_v)^2+(lateral/tau_y)^2,False
4,0.4,Zheng et al. (2024),service,5107,2.1,2,periodic,none,0.25,0.55,4,0.360971351094485,1.5945329417240974,0.16602928719992838,0.36556551016406297,18.974193976809325,0.4959349595390765,1755,915,1755,372.5784048154788,0.5213675213675214,0.22434999999987326,0.8471000000014328,2.2180000008776246,(gap/tau_g)^2+(speed/tau_v)^2+(lateral/tau_y)^2,False
4,0.4,Zheng et al. (2024),service,5108,2.1,2,periodic,none,0.25,0.55,4,0.35785705451032646,1.6075867453987709,0.16615026335400074,0.35237074070809377,18.863990830627884,0.4961659726205807,1755,958,1755,372.45989574243305,0.5458689458689459,0.21405000000029872,0.3838999999956627,2.2363512827929823,(gap/tau_g)^2+(speed/tau_v)^2+(lateral/tau_y)^2,False
4,0.4,Zheng et al. (2024),service,5109,2.1,2,periodic,none,0.25,0.55,4,0.3664083743632639,1.6059055093522816,0.1657742941572363,0.35933157430794155,18.780644454958463,0.49817106931385036,1755,959,1755,372.78760395218035,0.5464387464387465,0.209949999998571,0.43420000000082837,2.241485533023769,(gap/tau_g)^2+(speed/tau_v)^2+(lateral/tau_y)^2,False
4,0.4,Zheng et al. (2024),service,5110,2.1,2,periodic,none,0.25,0.55,4,0.3589323123293574,1.6110512685317462,0.16612234988993682,0.36660808358137903,18.687830092840358,0.49668996918805075,1755,970,1755,372.4690891046623,0.5527065527065527,0.20950000000041769,0.5713999999983344,2.2431789125719996,(gap/tau_g)^2+(speed/tau_v)^2+(lateral/tau_y)^2,False
4,0.4,Zheng et al. (2024),service,5111,2.1,2,periodic,none,0.25,0.55,4,0.37014677837086635,1.6057037591234322,0.1654362646255911,0.3718668501599758,18.8457911459084,0.49989299843379453,1755,925,1755,373.1196552539539,0.5270655270655271,0.24379999999979418,1.0626999999985287,2.2432511596860327,(gap/tau_g)^2+(speed/tau_v)^2+(lateral/tau_y)^2,False
4,0.4,Zheng et al. (2024),service,5112,2.1,2,periodic,none,0.25,0.55,4,0.3645117698212958,1.5835080820394447,0.16586773721516157,0.3722094748000344,19.043529517529663,0.49835128290543074,1755,958,1755,372.71280452161494,0.5458689458689459,0.21230000000116434,0.4774999999952456,2.203349545811845,(gap/tau_g)^2+(speed/tau_v)^2+(lateral/tau_y)^2,False
4,0.4,Zheng et al. (2024),service,5113,2.1,2,periodic,none,0.25,0.55,4,0.3545144226488265,1.6153062270746203,0.1663890326085005,0.3916992314654465,18.768480129745186,0.4953710997808981,1755,957,1755,372.2437427521253,0.5452991452991452,0.21300000000223918,0.9202000000030353,2.246796449785617,(gap/tau_g)^2+(speed/tau_v)^2+(lateral/tau_y)^2,False
4,0.4,Zheng et al. (2024),service,5114,2.1,2,periodic,none,0.25,0.55,4,0.3574042154761722,1.594543543569873,0.1652365048561859,0.37065377099544844,18.932119761960017,0.5023507222378749,1755,940,1755,373.33030362280914,0.5356125356125356,0.22759999999877323,0.7429999999999382,2.20689607702551,(gap/tau_g)^2+(speed/tau_v)^2+(lateral/tau_y)^2,False
4,0.4,Zheng et al. (2024),service,5115,2.1,2,periodic,none,0.25,0.55,4,0.3780627725888668,1.594225355926251,0.16582626409188336,0.3765271979413013,18.959752116518175,0.49902366881601157,1755,965,1755,372.75023217012784,0.5498575498575499,0.21075000000081445,0.5467000000010103,2.2382705921141106,(gap/tau_g)^2+(speed/tau_v)^2+(lateral/tau_y)^2,False
4,0.4,Zheng et al. (2024),service,5116,2.1,2,periodic,none,0.25,0.55,4,0.371638301152649,1.5830694682137554,0.1654563474664601,0.36617807277815123,18.91478030506665,0.49966090397022356,1755,989,1755,373.0669670566512,0.5635327635327635,0.2441999999973632,1.071499999994785,2.2085599093059636,(gap/tau_g)^2+(speed/tau_v)^2+(lateral/tau_y)^2,False
4,0.4,Zheng et al. (2024),service,5117,2.1,2,periodic,none,0.25,0.55,4,0.35881840635617257,1.6166672024867368,0.16569489026943937,0.3833743977369287,19.06829341216521,0.4973173906642643,1755,995,1755,372.8669016489951,0.5669515669515669,0.21065000000319856,0.5626000000020781,2.2487358993498066,(gap/tau_g)^2+(speed/tau_v)^2+(lateral/tau_y)^2,False
4,0.4,Zheng et al. (2024),service,5118,2.1,2,periodic,none,0.25,0.55,4,0.3551640075671214,1.6029121505672088,0.1661797797374696,0.3792768934805175,19.06318619991142,0.4969987294047674,1755,963,1755,372.4293072095052,0.5487179487179488,0.20874999999875854,0.8237000000050898,2.2255257934649526,(gap/tau_g)^2+(speed/tau_v)^2+(lateral/tau_y)^2,False
4,0.4,Zheng et al. (2024),service,5119,2.1,2,periodic,none,0.25,0.55,4,0.3641795468756963,1.590206716364722,0.16660470333498,0.3960013665062833,19.054333549967104,0.4940064505583016,1755,940,1755,372.04178089135587,0.5356125356125356,0.2331999999967138,0.7193000000000893,2.2198914019770672,(gap/tau_g)^2+(speed/tau_v)^2+(lateral/tau_y)^2,False
4,0.4,Zheng et al. (2024),service,5120,2.1,2,periodic,none,0.25,0.55,4,0.37224414424699376,1.5919032663533494,0.1663349596685176,0.3831557151379996,19.03932126753473,0.49529263254945954,1755,937,1755,372.2670111968832,0.5339031339031339,0.21364999999562428,0.8379000000005021,2.230958737125796,(gap/tau_g)^2+(speed/tau_v)^2+(lateral/tau_y)^2,False
4,0.4,Zheng et al. (2024),service,5121,2.1,2,periodic,none,0.25,0.55,4,0.36172743842052413,1.5967395818514352,0.16554739144727434,0.3594965286000246,18.81735607545417,0.4991653351364549,1755,963,1755,373.0350226838199,0.5487179487179488,0.20895000000109576,0.4878000000019256,2.218569637463851,(gap/tau_g)^2+(speed/tau_v)^2+(lateral/tau_y)^2,False
4,0.4,Zheng et al. (2024),service,5122,2.1,2,periodic,none,0.25,0.55,4,0.365429076788924,1.5966515041868967,0.16565377916705004,0.365713433225916,19.19152802528584,0.49889520070811455,1755,998,1755,372.91202386763797,0.5686609686609687,0.21275000000287037,0.6738000000012789,2.2240922195397825,(gap/tau_g)^2+(speed/tau_v)^2+(lateral/tau_y)^2,False
4,0.4,Zheng et al. (2024),service,5123,2.1,2,periodic,none,0.25,0.55,4,0.3668438952223747,1.6055804358218488,0.16615877110596908,0.3729580680222303,18.95314943557949,0.4960196248133981,1755,964,1755,372.4685360893469,0.5492877492877493,0.22080000000102018,0.6916999999972973,2.2447111384366476,(gap/tau_g)^2+(speed/tau_v)^2+(lateral/tau_y)^2,False
4,0.4,Zheng et al. (2024),service,5124,2.1,2,periodic,none,0.25,0.55,4,0.3639333898883236,1.6009352488150308,0.16645557043056314,0.39480963744400427,18.88490125665742,0.49638281031912335,1755,994,1755,372.17228231344774,0.5663817663817664,0.23039999999951988,1.059700000006103,2.23579849932067,(gap/tau_g)^2+(speed/tau_v)^2+(lateral/tau_y)^2,False
4,0.4,Zheng et al. (2024),service,5125,2.1,2,periodic,none,0.25,0.55,4,0.36219622802456686,1.5933359155907691,0.1662345985556708,0.36703739505945654,19.14277465751708,0.496667973606981,1755,985,1755,372.36678866899746,0.5612535612535613,0.2116500000006738,0.7933000000051038,2.2193332601026685,(gap/tau_g)^2+(speed/tau_v)^2+(lateral/tau_y)^2,False
4,0.4,Zheng et al. (2024),service,5126,2.1,2,periodic,none,0.25,0.55,4,0.3600674013052888,1.5990954091543057,0.16620937153778279,0.39150964526758153,18.916352138047074,0.49556007190986995,1755,972,1755,372.374930935307,0.5538461538461539,0.2195500000006234,0.5723000000017464,2.225771144880073,(gap/tau_g)^2+(speed/tau_v)^2+(lateral/tau_y)^2,False
4,0.4,Zheng et al. (2024),service,5127,2.1,2,periodic,none,0.25,0.55,4,0.3670305924532744,1.587362885404338,0.16582915724298264,0.3822711566180292,19.150986310783246,0.4989673075494202,1755,938,1755,372.7313522414944,0.5344729344729344,0.23404999999954157,0.7972999999950048,2.2125416703656393,(gap/tau_g)^2+(speed/tau_v)^2+(lateral/tau_y)^2,False
4,0.4,Zheng et al. (2024),service,5128,2.1,2,periodic,none,0.25,0.55,4,0.3624088224110229,1.608332698630438,0.16632388913285018,0.36912597219005905,19.020656769648042,0.4955926507352836,1755,978,1755,372.2988941739804,0.5572649572649573,0.21324999999450256,0.4939000000021565,2.2448467908648846,(gap/tau_g)^2+(speed/tau_v)^2+(lateral/tau_y)^2,False
4,0.4,Zheng et al. (2024),service,5129,2.1,2,periodic,none,0.25,0.55,4,0.3537792556231075,1.5941683252741758,0.16622993898986266,0.39625671869868434,19.112794064749913,0.49666576075522306,1755,965,1755,372.37764932351587,0.5498575498575499,0.21485000000254217,1.587300000004177,2.209934757079246,(gap/tau_g)^2+(speed/tau_v)^2+(lateral/tau_y)^2,False
4,0.4,Zheng et al. (2024),service,5130,2.1,2,periodic,none,0.25,0.55,4,0.37276813390128466,1.603559569535799,0.16601793883524762,0.37554383575999273,19.129020619213357,0.4972213566117878,1755,1040,1755,372.57141449755113,0.5925925925925926,0.21209999999882712,0.39730000000304244,2.24802239006371,(gap/tau_g)^2+(speed/tau_v)^2+(lateral/tau_y)^2,False
4,0.4,Proposed,service,5101,2.1,2,aware,none,0.25,0.55,4,0.6831002370238058,1.382530036331139,0.1662003349045609,1.8270731759002388,19.850791471010254,0.4568682976516516,700,406,700,148.47339712365405,0.58,0.3723999999998284,1.0873000000017896,2.4953196218849496,(gap/tau_g)^2+(speed/tau_v)^2+(lateral/tau_y)^2,False
4,0.4,Proposed,service,5102,2.1,2,aware,none,0.25,0.55,4,0.681188012952494,1.38179546396903,0.16635524899505838,1.7936693043286376,19.61426484848817,0.4333688502036537,700,409,700,148.42508292085284,0.5842857142857143,0.46250000000114255,1.501300000001038,2.490933630783435,(gap/tau_g)^2+(speed/tau_v)^2+(lateral/tau_y)^2,False
4,0.4,Proposed,service,5103,2.1,2,aware,none,0.25,0.55,4,0.674615838177249,1.3876396604453125,0.166904577690829,1.837423040098417,19.61509560964641,0.41314615991609027,700,419,700,148.2252688266918,0.5985714285714285,0.40699999999915804,0.7109999999954653,2.487927045365043,(gap/tau_g)^2+(speed/tau_v)^2+(lateral/tau_y)^2,False
4,0.4,Proposed,service,5104,2.1,2,aware,none,0.25,0.55,4,0.6881111521992948,1.3746770880995482,0.1661373417936202,1.8928863990093205,20.091143990248682,0.4240415675446194,700,424,700,148.5124282073734,0.6057142857142858,0.4271000000031222,3.0612999999988233,2.495964357715105,(gap/tau_g)^2+(speed/tau_v)^2+(lateral/tau_y)^2,False
4,0.4,Proposed,service,5105,2.1,2,aware,none,0.25,0.55,4,0.6838495959745586,1.3877645398992073,0.16608948571850335,1.8310617528871138,19.75510835204092,0.4463704368279522,700,404,700,148.52870342753562,0.5771428571428572,0.4020999999987396,0.6394999999983497,2.5036183414255238,(gap/tau_g)^2+(speed/tau_v)^2+(lateral/tau_y)^2,False
4,0.4,Proposed,service,5106,2.1,2,aware,none,0.25,0.55,4,0.6852489176414531,1.3936012089654244,0.16703519804594472,1.8526771472113854,19.866693841738808,0.3995651571386921,700,424,700,148.1741690134775,0.6057142857142858,0.4124999999994827,1.9449999999991974,2.5231828353448424,(gap/tau_g)^2+(speed/tau_v)^2+(lateral/tau_y)^2,False
4,0.4,Proposed,service,5107,2.1,2,aware,none,0.25,0.55,4,0.6988023865297299,1.3727736190880608,0.16611757219868634,1.7859691296933,19.96797219879884,0.4833456181357523,700,363,700,148.51526353873442,0.5185714285714286,0.3701000000013721,1.4332000000010225,2.519492500982552,(gap/tau_g)^2+(speed/tau_v)^2+(lateral/tau_y)^2,False
4,0.4,Proposed,service,5108,2.1,2,aware,none,0.25,0.55,4,0.6749816324485516,1.3919399561627188,0.16624747138206722,1.747872524406367,19.704096053714643,0.4671967132780348,700,407,700,148.4690999775457,0.5814285714285714,0.417700000003407,0.9670000000028267,2.4894302587150134,(gap/tau_g)^2+(speed/tau_v)^2+(lateral/tau_y)^2,False
4,0.4,Proposed,service,5109,2.1,2,aware,none,0.25,0.55,4,0.6723410592497069,1.3934951644395048,0.16590414430524217,1.728079825826826,19.60181503731733,0.476934754860724,700,417,700,148.58962165048118,0.5957142857142858,0.44109999999975,1.047399999997367,2.482464704446648,(gap/tau_g)^2+(speed/tau_v)^2+(lateral/tau_y)^2,False
4,0.4,Proposed,service,5110,2.1,2,aware,none,0.25,0.55,4,0.6673840504046056,1.3930361941011222,0.16625938726862896,1.9006985454923244,19.565128073787747,0.404881055641787,700,382,700,148.46608464181418,0.5457142857142857,0.42965000000094733,0.994699999999682,2.472955881232582,(gap/tau_g)^2+(speed/tau_v)^2+(lateral/tau_y)^2,False
4,0.4,Proposed,service,5111,2.1,2,aware,none,0.25,0.55,4,0.6885177294881776,1.386674358086091,0.16551365705595852,1.7584520439989815,19.895702607056236,0.43491710774786885,700,392,700,148.74271406119362,0.56,0.4406999999986283,1.1881000000002473,2.508690636174094,(gap/tau_g)^2+(speed/tau_v)^2+(lateral/tau_y)^2,False
4,0.4,Proposed,service,5112,2.1,2,aware,none,0.25,0.55,4,0.6729738769121842,1.3710449038929284,0.16597620088006562,1.8093797623548982,20.027905844940243,0.4213631331783789,700,386,700,148.56714389365493,0.5514285714285714,0.43420000000082837,1.3118000000034158,2.452910415004852,(gap/tau_g)^2+(speed/tau_v)^2+(lateral/tau_y)^2,False
4,0.4,Proposed,service,5113,2.1,2,aware,none,0.25,0.55,4,0.6875882744146915,1.3955694268828063,0.16646959030430405,1.954352505953041,20.03530108275107,0.43652627158221813,700,380,700,148.3784950269636,0.5428571428571428,0.4004000000001895,0.9591999999969403,2.5269773110630878,(gap/tau_g)^2+(speed/tau_v)^2+(lateral/tau_y)^2,False
4,0.4,Proposed,service,5114,2.1,2,aware,none,0.25,0.55,4,0.6746228649218131,1.3732973397501664,0.16533802327784794,1.7908849229867905,19.426754159514417,0.3986110604827191,700,390,700,148.81682155060557,0.5571428571428572,0.38205000000246514,0.8563000000023635,2.45472881157272,(gap/tau_g)^2+(speed/tau_v)^2+(lateral/tau_y)^2,False
4,0.4,Proposed,service,5115,2.1,2,aware,none,0.25,0.55,4,0.687122016254246,1.3824896226149395,0.16589872340634615,1.9393124170481517,19.863213021411198,0.40868501121723133,700,408,700,148.5884934057478,0.5828571428571429,0.4524000000003525,1.4962999999994508,2.502555342730508,(gap/tau_g)^2+(speed/tau_v)^2+(lateral/tau_y)^2,False
4,0.4,Proposed,service,5116,2.1,2,aware,none,0.25,0.55,4,0.6596512882619443,1.370319345585698,0.16558606178500435,1.780124364150511,19.97232960471728,0.4072169043436682,700,412,700,148.71002508233832,0.5885714285714285,0.39094999999989,0.6498999999990929,2.417099027344318,(gap/tau_g)^2+(speed/tau_v)^2+(lateral/tau_y)^2,False
4,0.4,Proposed,service,5117,2.1,2,aware,none,0.25,0.55,4,0.6887124460524267,1.3925666017193392,0.16575333575912285,1.8717923138456378,20.141108800937715,0.4133497252367697,700,398,700,148.6327880365221,0.5685714285714286,0.427350000002491,1.2812000000010926,2.5195074071900456,(gap/tau_g)^2+(speed/tau_v)^2+(lateral/tau_y)^2,False
4,0.4,Proposed,service,5118,2.1,2,aware,none,0.25,0.55,4,0.6870386567958486,1.3745686646017388,0.16623706517863654,1.7835538129778654,19.65464635695296,0.4771692367999688,700,403,700,148.46465187416726,0.5757142857142857,0.40939999999878296,1.3075999999969667,2.4940189710917036,(gap/tau_g)^2+(speed/tau_v)^2+(lateral/tau_y)^2,False
4,0.4,Proposed,service,5119,2.1,2,aware,none,0.25,0.55,4,0.6828224983247653,1.38364082331283,0.16665114038196513,1.9666247169379056,19.759748299126798,0.36911689984818763,700,391,700,148.3006081268209,0.5585714285714286,0.45159999999810907,1.2129999999999086,2.4999641353622657,(gap/tau_g)^2+(speed/tau_v)^2+(lateral/tau_y)^2,False
4,0.4,Proposed,service,5120,2.1,2,aware,none,0.25,0.55,4,0.6617480603712895,1.386842676154751,0.16645486431310919,1.80963879065834,19.844274474557132,0.442786654139397,700,389,700,148.38322674889235,0.5557142857142857,0.4141500000010012,0.8694000000062374,2.4524802408692823,(gap/tau_g)^2+(speed/tau_v)^2+(lateral/tau_y)^2,False
4,0.4,Proposed,service,5121,2.1,2,aware,none,0.25,0.55,4,0.6698016496780184,1.3839173790298707,0.16566233636602654,1.7957317776946238,19.790055740308823,0.45844069164753154,700,415,700,148.6962106059138,0.5928571428571429,0.4023999999986927,1.1123000000026195,2.460829033925736,(gap/tau_g)^2+(speed/tau_v)^2+(lateral/tau_y)^2,False
4,0.4,Proposed,service,5122,2.1,2,aware,none,0.25,0.55,4,0.6817917991290676,1.3807186074162268,0.1657370893331323,1.8835230452044203,19.879808491916954,0.45331535504657705,700,445,700,148.64436725639573,0.6357142857142857,0.4138999999980797,0.7143999999996709,2.485746726804996,(gap/tau_g)^2+(speed/tau_v)^2+(lateral/tau_y)^2,False
4,0.4,Proposed,service,5123,2.1,2,aware,none,0.25,0.55,4,0.6762147002731316,1.388138636512942,0.1662328875967591,1.8188022377262345,19.889366144712824,0.4606778579174644,700,417,700,148.47258038752017,0.5957142857142858,0.41724999999814827,0.9551999999999339,2.486879203352228,(gap/tau_g)^2+(speed/tau_v)^2+(lateral/tau_y)^2,False
4,0.4,Proposed,service,5124,2.1,2,aware,none,0.25,0.55,4,0.6927377257298475,1.3794491016037158,0.166544796827948,1.891247133381545,20.045939849289624,0.43853359741317355,700,434,700,148.35535440591718,0.62,0.377549999996063,0.9045000000043046,2.517416165267325,(gap/tau_g)^2+(speed/tau_v)^2+(lateral/tau_y)^2,False
4,0.4,Proposed,service,5125,2.1,2,aware,none,0.25,0.55,4,0.6911212740049282,1.372168488756905,0.16636790630798126,1.8283723592628822,19.69657417384642,0.4142626666237422,700,440,700,148.422642917498,0.6285714285714286,0.40204999999815527,0.8752999999970257,2.501745998988898,(gap/tau_g)^2+(speed/tau_v)^2+(lateral/tau_y)^2,False
4,0.4,Proposed,service,5126,2.1,2,aware,none,0.25,0.55,4,0.6910940473630435,1.384419298618274,0.1663240159683922,1.9294509064073166,19.745047252646742,0.43386300622802454,700,425,700,148.42594859923037,0.6071428571428571,0.3834000000004778,1.2852999999992676,2.5185438593748226,(gap/tau_g)^2+(speed/tau_v)^2+(lateral/tau_y)^2,False
4,0.4,Proposed,service,5127,2.1,2,aware,none,0.25,0.55,4,0.6868059657690105,1.3734075361453386,0.16589426418454709,1.8642496981714785,20.100570821399586,0.4443465011788521,700,405,700,148.5919381878408,0.5785714285714286,0.3872499999957313,1.3105000000024347,2.488976339615508,(gap/tau_g)^2+(speed/tau_v)^2+(lateral/tau_y)^2,False
4,0.4,Proposed,service,5128,2.1,2,aware,none,0.25,0.55,4,0.6950011624060461,1.3852390155277023,0.1664618330892297,1.8587274203022475,19.59260807200541,0.440506994437991,700,395,700,148.39873917226245,0.5642857142857143,0.40329999999855204,1.6401000000030308,2.5304765764235504,(gap/tau_g)^2+(speed/tau_v)^2+(lateral/tau_y)^2,False
4,0.4,Proposed,service,5129,2.1,2,aware,none,0.25,0.55,4,0.6687446629577553,1.3882239581745788,0.1663126819124055,1.8166377117710935,19.97124247098362,0.34664946680315933,700,404,700,148.43397807007756,0.5771428571428572,0.3836499999998466,1.4780999999999267,2.4698022940568007,(gap/tau_g)^2+(speed/tau_v)^2+(lateral/tau_y)^2,False
4,0.4,Proposed,service,5130,2.1,2,aware,none,0.25,0.55,4,0.6833608803040343,1.38657748297849,0.16610727270260922,1.757383287981024,19.95146589233744,0.47649253212118303,700,458,700,148.51422225626004,0.6542857142857142,0.40144999999824904,1.2103999999979465,2.500897934265802,(gap/tau_g)^2+(speed/tau_v)^2+(lateral/tau_y)^2,False
5,0.5,CACC,service,5101,2.1,2,periodic,none,0.25,0.55,5,0.9370671947347365,1.2749028294652616,0.1659270205878016,0.3547616846917974,20.694912972050403,0.49670168858096064,1755,900,1755,372.29056430442506,0.5128205128205128,0.2154499999988957,0.6553999999994176,3.078626146997833,(gap/tau_g)^2+(speed/tau_v)^2+(lateral/tau_y)^2,False
5,0.5,CACC,service,5102,2.1,2,periodic,none,0.25,0.55,5,0.9242541146850141,1.2823454403595973,0.16613161265625548,0.36620814155849934,20.5825841277902,0.49689414071976845,1755,868,1755,372.1367634831311,0.4945868945868946,0.21130000000013638,0.49159999999659476,3.0476363906702444,(gap/tau_g)^2+(speed/tau_v)^2+(lateral/tau_y)^2,False
5,0.5,CACC,service,5103,2.1,2,periodic,none,0.25,0.55,5,0.9297589837483764,1.2816992281292356,0.16664807446018823,0.34770900588114256,20.58187759466459,0.4955893860027041,1755,912,1755,371.65569269414544,0.5196581196581197,0.20825000000002092,0.588799999995615,3.0692319013994913,(gap/tau_g)^2+(speed/tau_v)^2+(lateral/tau_y)^2,False
5,0.5,CACC,service,5104,2.1,2,periodic,none,0.25,0.55,5,0.9228614834496242,1.2759460196192731,0.16590528564011245,0.3547888288564276,20.68750188226842,0.49647076116871725,1755,934,1755,372.37408558094893,0.5321937321937322,0.2137500000003456,1.2781000000003928,3.032831750744691,(gap/tau_g)^2+(speed/tau_v)^2+(lateral/tau_y)^2,False
5,0.5,CACC,service,5105,2.1,2,periodic,none,0.25,0.55,5,0.9209549498169006,1.282142053885728,0.16582429724802175,0.363623165227857,20.82087602537024,0.4977272050640096,1755,921,1755,372.4321785850005,0.5247863247863248,0.21000000000270802,0.9042000000007988,3.0339974112519106,(gap/tau_g)^2+(speed/tau_v)^2+(lateral/tau_y)^2,False
5,0.5,CACC,service,5106,2.1,2,periodic,none,0.25,0.55,5,0.9301158230616929,1.2913187103295245,0.16680458511927745,0.3540193415966467,20.71635317405162,0.4930907540441235,1755,908,1755,371.5006214648517,0.5173789173789174,0.23994999999743527,1.1774000000031037,3.084344605407721,(gap/tau_g)^2+(speed/tau_v)^2+(lateral/tau_y)^2,False
5,0.5,CACC,service,5107,2.1,2,periodic,none,0.25,0.55,5,0.938499712181215,1.2683358479614975,0.1658510643269262,0.3437288389253887,20.56100502146124,0.4959349595390765,1755,844,1755,372.3959834807724,0.4809116809116809,0.21490000000312648,0.4004999999978054,3.0742515101840686,(gap/tau_g)^2+(speed/tau_v)^2+(lateral/tau_y)^2,False
5,0.5,CACC,service,5108,2.1,2,periodic,none,0.25,0.55,5,0.9249179368821712,1.2856239670882317,0.165978387744888,0.40838378991117524,20.42295416174884,0.4961659726205807,1755,892,1755,372.28064781684907,0.5082621082621083,0.2135000000009768,0.6363000000035868,3.052841950827756,(gap/tau_g)^2+(speed/tau_v)^2+(lateral/tau_y)^2,False
5,0.5,CACC,service,5109,2.1,2,periodic,none,0.25,0.55,5,0.9295095111306542,1.2795255461546453,0.16565195383895875,0.43880863319663516,20.195486912167517,0.49817106931385036,1755,880,1755,372.5709795371895,0.5014245014245015,0.20834999999763681,0.6073000000057505,3.057291577147311,(gap/tau_g)^2+(speed/tau_v)^2+(lateral/tau_y)^2,False
5,0.5,CACC,service,5110,2.1,2,periodic,none,0.25,0.55,5,0.9268145367328199,1.2816058150911696,0.1659990948527599,0.35824952250711495,20.579548573368797,0.49668996918805075,1755,900,1755,372.260356592335,0.5128205128205128,0.21405000000029872,1.0428000000004545,3.0539943356394703,(gap/tau_g)^2+(speed/tau_v)^2+(lateral/tau_y)^2,False
5,0.5,CACC,service,5111,2.1,2,periodic,none,0.25,0.55,5,0.9374295700045167,1.2778962038573316,0.16525709545252654,0.4066793935798265,20.43842901126815,0.49989299843379453,1755,856,1755,372.9371251284741,0.4877492877492878,0.21649999999695524,0.316800000000228,3.078185742220853,(gap/tau_g)^2+(speed/tau_v)^2+(lateral/tau_y)^2,False
5,0.5,CACC,service,5112,2.1,2,periodic,none,0.25,0.55,5,0.9263337671544825,1.263243269259326,0.1657196617815472,0.37043863489994494,20.708474258123395,0.49835128290543074,1755,871,1755,372.53080100235286,0.4962962962962963,0.21064999999964584,1.2656999999975937,3.0262513275129344,(gap/tau_g)^2+(speed/tau_v)^2+(lateral/tau_y)^2,False
5,0.5,CACC,service,5113,2.1,2,periodic,none,0.25,0.55,5,0.9322782793043842,1.2821304909573406,0.16624389023357902,0.3932891484343575,20.617351072192335,0.4953710997808981,1755,877,1755,372.0372737791327,0.4997150997150997,0.20835000000118953,1.165600000000211,3.07477187911495,(gap/tau_g)^2+(speed/tau_v)^2+(lateral/tau_y)^2,False
5,0.5,CACC,service,5114,2.1,2,periodic,none,0.25,0.55,5,0.9204495428040282,1.2686397706599553,0.16508165222449073,0.35843296257219187,20.310546507425435,0.5023507222378749,1755,850,1755,373.1424132889862,0.4843304843304843,0.21174999999473698,0.8556999999953518,3.008627133441841,(gap/tau_g)^2+(speed/tau_v)^2+(lateral/tau_y)^2,False
5,0.5,CACC,service,5115,2.1,2,periodic,none,0.25,0.55,5,0.9412868792161967,1.274921679460077,0.16567835741423484,0.3483874399850296,20.25279068920773,0.49902366881601157,1755,878,1755,372.542745857394,0.5002849002849002,0.20854999999997403,0.9495999999984406,3.0906799944613352,(gap/tau_g)^2+(speed/tau_v)^2+(lateral/tau_y)^2,False
5,0.5,CACC,service,5116,2.1,2,periodic,none,0.25,0.55,5,0.9152950155694031,1.264233701146846,0.16535287731479623,0.3356981548802672,20.7686396742575,0.49966090397022356,1755,884,1755,372.8328659218226,0.5037037037037037,0.22829999999984807,0.6448999999975058,2.988351764679189,(gap/tau_g)^2+(speed/tau_v)^2+(lateral/tau_y)^2,False
5,0.5,CACC,service,5117,2.1,2,periodic,none,0.25,0.55,5,0.9344409652543932,1.2855687190444665,0.16552887623768547,0.36460133734055833,20.816832458976805,0.4973173906642643,1755,892,1755,372.6618987127971,0.5082621082621083,0.2284500000051537,0.5884999999992147,3.080522693181001,(gap/tau_g)^2+(speed/tau_v)^2+(lateral/tau_y)^2,False
5,0.5,CACC,service,5118,2.1,2,periodic,none,0.25,0.55,5,0.9377456364308008,1.2699541970504913,0.16601635928957814,0.3774217800191643,20.519833296450237,0.4969987294047674,1755,881,1755,372.22308272009525,0.501994301994302,0.2112500000031048,1.0502999999957296,3.0752034916151816,(gap/tau_g)^2+(speed/tau_v)^2+(lateral/tau_y)^2,False
5,0.5,CACC,service,5119,2.1,2,periodic,none,0.25,0.55,5,0.9423587407432992,1.267325633019575,0.1664607739948972,0.3711319046096604,20.759394025455897,0.4940064505583016,1755,865,1755,371.83476329530396,0.4928774928774929,0.21644999999637093,1.1805000000038035,3.0909135541707813,(gap/tau_g)^2+(speed/tau_v)^2+(lateral/tau_y)^2,False
5,0.5,CACC,service,5120,2.1,2,periodic,none,0.25,0.55,5,0.9254044147897917,1.2717395940162797,0.16622214263001894,0.35607766170715666,20.58492513548147,0.49529263254945954,1755,867,1755,372.04761417879587,0.49401709401709404,0.20830000000060522,0.5000000000023874,3.0383505737663876,(gap/tau_g)^2+(speed/tau_v)^2+(lateral/tau_y)^2,False
5,0.5,CACC,service,5121,2.1,2,periodic,none,0.25,0.55,5,0.9288691783657107,1.2725020806344707,0.16540628554459874,0.3422758472108378,20.351270902086036,0.4991653351364549,1755,894,1755,372.8265473646109,0.5094017094017094,0.20735000000016157,0.9512000000029275,3.0439978551858315,(gap/tau_g)^2+(speed/tau_v)^2+(lateral/tau_y)^2,False
5,0.5,CACC,service,5122,2.1,2,periodic,none,0.25,0.55,5,0.9348408893155662,1.2710316666525794,0.16551181831078954,0.34555129447890975,20.758376867843957,0.49889520070811455,1755,905,1755,372.69903594281527,0.5156695156695157,0.2139499999991301,1.016599999999812,3.0627485802250276,(gap/tau_g)^2+(speed/tau_v)^2+(lateral/tau_y)^2,False
5,0.5,CACC,service,5123,2.1,2,periodic,none,0.25,0.55,5,0.9369530210207729,1.2738089480746233,0.16600024482098671,0.3394719237300568,20.62280298407068,0.4960196248133981,1755,882,1755,372.2672917653599,0.5025641025641026,0.2117499999982897,0.6313999999960629,3.0774309517577136,(gap/tau_g)^2+(speed/tau_v)^2+(lateral/tau_y)^2,False
5,0.5,CACC,service,5124,2.1,2,periodic,none,0.25,0.55,5,0.9379572533215336,1.2742032137594685,0.16629865869783642,0.34896854594608784,20.679754295457705,0.49638281031912335,1755,890,1755,371.9827059774492,0.5071225071225072,0.2097499999997865,0.41840000000092914,3.0837698455113873,(gap/tau_g)^2+(speed/tau_v)^2+(lateral/tau_y)^2,False
5,0.5,CACC,service,5125,2.1,2,periodic,none,0.25,0.55,5,0.9300128943084092,1.2724626689355405,0.16606065011011195,0.3316485126366716,20.89965773704469,0.496667973606981,1755,912,1755,372.18093694113685,0.5196581196581197,0.21425000000263594,1.3936000000001059,3.0531488007760066,(gap/tau_g)^2+(speed/tau_v)^2+(lateral/tau_y)^2,False
5,0.5,CACC,service,5126,2.1,2,periodic,none,0.25,0.55,5,0.9479145861517454,1.272407866344762,0.16606707624419803,0.354917577795552,20.778791318558866,0.49556007190986995,1755,893,1755,372.1589915853133,0.5088319088319089,0.20705000000020846,0.47010000000113905,3.112896476225246,(gap/tau_g)^2+(speed/tau_v)^2+(lateral/tau_y)^2,False
5,0.5,CACC,service,5127,2.1,2,periodic,none,0.25,0.55,5,0.9420686127850185,1.2624733908109176,0.16567005331738183,0.39239180844324123,20.82235528904677,0.4989673075494202,1755,851,1755,372.56787150320565,0.4849002849002849,0.22064999999926727,0.4977999999979943,3.0771131747677556,(gap/tau_g)^2+(speed/tau_v)^2+(lateral/tau_y)^2,False
5,0.5,CACC,service,5128,2.1,2,periodic,none,0.25,0.55,5,0.9437589081287513,1.2798755935017696,0.16618173267386985,0.3655736803668986,20.819095935089422,0.4955926507352836,1755,901,1755,372.0952108987985,0.5133903133903134,0.21245000000291725,0.9583000000006336,3.1095977616252304,(gap/tau_g)^2+(speed/tau_v)^2+(lateral/tau_y)^2,False
5,0.5,CACC,service,5129,2.1,2,periodic,none,0.25,0.55,5,0.9327902016074902,1.2705072181373298,0.16607370443986869,0.388265404634982,20.612224811231123,0.49666576075522306,1755,888,1755,372.1783941892615,0.505982905982906,0.20815000000240502,0.4010999999977116,3.0599175975343567,(gap/tau_g)^2+(speed/tau_v)^2+(lateral/tau_y)^2,False
5,0.5,CACC,service,5130,2.1,2,periodic,none,0.25,0.55,5,0.9319550606690322,1.27889511080704,0.16586225559034817,0.32137443916774716,20.74360739467339,0.4972213566117878,1755,961,1755,372.3722493110216,0.5475783475783476,0.21805000000085784,0.5921000000057575,3.0663045944317684,(gap/tau_g)^2+(speed/tau_v)^2+(lateral/tau_y)^2,False
5,0.5,Switching DMPC,service,5101,2.1,2,periodic,none,0.25,0.55,5,0.6862212172272503,1.380311576594488,0.16615643690712892,1.844007125932028,19.88227155526797,0.46974384845004147,1755,900,1755,372.2781831724167,0.5128205128205128,0.29264999999867314,1.0022000000020626,2.499425262955616,(gap/tau_g)^2+(speed/tau_v)^2+(lateral/tau_y)^2,False
5,0.5,Switching DMPC,service,5102,2.1,2,periodic,none,0.25,0.55,5,0.6791961369709776,1.3824658762567918,0.16636489450987366,1.8590219050801668,19.846667707709784,0.4163856361701832,1755,868,1755,372.1168817396561,0.4945868945868946,0.28739999999771726,0.8001000000064096,2.4871420959430814,(gap/tau_g)^2+(speed/tau_v)^2+(lateral/tau_y)^2,False
5,0.5,Switching DMPC,service,5103,2.1,2,periodic,none,0.25,0.55,5,0.6738190880789168,1.386797700128344,0.16688445989505538,1.8031235738034144,19.751209150317976,0.44474894393691744,1755,912,1755,371.631942183171,0.5196581196581197,0.25089999999750034,0.5212999999955059,2.4846573650079464,(gap/tau_g)^2+(speed/tau_v)^2+(lateral/tau_y)^2,False
5,0.5,Switching DMPC,service,5104,2.1,2,periodic,none,0.25,0.55,5,0.6756082089828975,1.3808336463289659,0.16612427045499223,1.9143581063835204,20.068567000332138,0.483163066682491,1755,934,1755,372.3491871264029,0.5321937321937322,0.29125000000007617,1.3920000000027244,2.4741991078188605,(gap/tau_g)^2+(speed/tau_v)^2+(lateral/tau_y)^2,False
5,0.5,Switching DMPC,service,5105,2.1,2,periodic,none,0.25,0.55,5,0.6820994337493592,1.3833423936432274,0.1660691954241799,1.760836660518159,20.03259513331068,0.4757201460401711,1755,921,1755,372.39600219918793,0.5247863247863248,0.2557000000003029,0.6452000000010116,2.492947675004302,(gap/tau_g)^2+(speed/tau_v)^2+(lateral/tau_y)^2,False
5,0.5,Switching DMPC,service,5106,2.1,2,periodic,none,0.25,0.55,5,0.6757534775702573,1.3991637550906137,0.16705421836201154,1.7699788130853722,20.09662316558751,0.4723684522644228,1755,908,1755,371.46660783506445,0.5173789173789174,0.251050000002806,0.6441000000023678,2.5082928734809116,(gap/tau_g)^2+(speed/tau_v)^2+(lateral/tau_y)^2,False
5,0.5,Switching DMPC,service,5107,2.1,2,periodic,none,0.25,0.55,5,0.6814535758743868,1.3800392890412971,0.16609476105655674,1.7645791816994427,19.93982086141051,0.4468996772303543,1755,844,1755,372.3615017742066,0.4809116809116809,0.2744999999997333,0.9329999999962979,2.486937344622321,(gap/tau_g)^2+(speed/tau_v)^2+(lateral/tau_y)^2,False
5,0.5,Switching DMPC,service,5108,2.1,2,periodic,none,0.25,0.55,5,0.6775025718511608,1.3887741452026807,0.1662343179250249,1.8133321927436312,19.952555697313244,0.4790111417658811,1755,892,1755,372.2362604276253,0.5082621082621083,0.3244499999972561,0.9468999999953098,2.490890878226224,(gap/tau_g)^2+(speed/tau_v)^2+(lateral/tau_y)^2,False
5,0.5,Switching DMPC,service,5109,2.1,2,periodic,none,0.25,0.55,5,0.6847041799225329,1.3840487437072106,0.16588175995365095,1.7686994579292314,19.900347950684285,0.46102863976150454,1755,880,1755,372.5326007575781,0.5014245014245015,0.24705000000224686,0.6509999999977367,2.4987187129019417,(gap/tau_g)^2+(speed/tau_v)^2+(lateral/tau_y)^2,False
5,0.5,Switching DMPC,service,5110,2.1,2,periodic,none,0.25,0.55,5,0.6741599134722415,1.390451409490997,0.16621055509985674,1.801360100728888,19.893888440212592,0.44805911362646866,1755,900,1755,372.2344407858524,0.5128205128205128,0.2502999999975941,2.079599999994741,2.485039437226018,(gap/tau_g)^2+(speed/tau_v)^2+(lateral/tau_y)^2,False
5,0.5,Switching DMPC,service,5111,2.1,2,periodic,none,0.25,0.55,5,0.6877190083837388,1.384460351161681,0.165513645910423,1.7453508689155437,19.653075881112237,0.48117688905319134,1755,856,1755,372.9065267736765,0.4877492877492878,0.2690000000029613,1.024700000002099,2.5036060975304317,(gap/tau_g)^2+(speed/tau_v)^2+(lateral/tau_y)^2,False
5,0.5,Switching DMPC,service,5112,2.1,2,periodic,none,0.25,0.55,5,0.6770371064142008,1.3686899039738538,0.165965638163981,1.8280961492196004,19.719642253044682,0.4491333675883493,1755,871,1755,372.4795622581117,0.4962962962962963,0.26964999999989914,0.5868000000006646,2.4592827148349334,(gap/tau_g)^2+(speed/tau_v)^2+(lateral/tau_y)^2,False
5,0.5,Switching DMPC,service,5113,2.1,2,periodic,none,0.25,0.55,5,0.6874424063936103,1.389034323030024,0.1664719980374679,1.8567706630664689,20.008221804496856,0.4862476347333502,1755,877,1755,372.0052170874536,0.4997150997150997,0.26029999999721554,0.7323000000027946,2.5173562497903834,(gap/tau_g)^2+(speed/tau_v)^2+(lateral/tau_y)^2,False
5,0.5,Switching DMPC,service,5114,2.1,2,periodic,none,0.25,0.55,5,0.6764491121541532,1.3721239903044102,0.16532990060545688,1.8763170186639082,19.595599649471005,0.4676165449377758,1755,850,1755,373.1051979477761,0.4843304843304843,0.30034999999983825,1.5517000000002668,2.45740459749691,(gap/tau_g)^2+(speed/tau_v)^2+(lateral/tau_y)^2,False
5,0.5,Switching DMPC,service,5115,2.1,2,periodic,none,0.25,0.55,5,0.6874218686458684,1.3818405782602006,0.16591508652104642,1.8849922093683367,20.11597724922607,0.4511762297098689,1755,878,1755,372.5139505019833,0.5002849002849002,0.42045000000001664,1.3660000000044192,2.502508415444834,(gap/tau_g)^2+(speed/tau_v)^2+(lateral/tau_y)^2,False
5,0.5,Switching DMPC,service,5116,2.1,2,periodic,none,0.25,0.55,5,0.6697936833988678,1.3676324781436608,0.16558104228702394,1.8223889246828662,19.88060539209763,0.4610599297373156,1755,884,1755,372.8117669214084,0.5037037037037037,0.2577999999999747,1.513700000003837,2.43727526891778,(gap/tau_g)^2+(speed/tau_v)^2+(lateral/tau_y)^2,False
5,0.5,Switching DMPC,service,5117,2.1,2,periodic,none,0.25,0.55,5,0.6850551831015039,1.3908888199813116,0.1657741677471472,1.8439340335450578,20.007018676433937,0.4801479129674967,1755,892,1755,372.64025913937047,0.5082621082621083,0.28885000000045125,1.2015000000005216,2.508365434430307,(gap/tau_g)^2+(speed/tau_v)^2+(lateral/tau_y)^2,False
5,0.5,Switching DMPC,service,5118,2.1,2,periodic,none,0.25,0.55,5,0.6842250918089506,1.377165234941455,0.1662618541926238,1.8389859254762877,19.810141576352414,0.46395564273247625,1755,881,1755,372.18756535989877,0.501994301994302,0.2955000000000041,1.070699999999647,2.4910115583274464,(gap/tau_g)^2+(speed/tau_v)^2+(lateral/tau_y)^2,False
5,0.5,Switching DMPC,service,5119,2.1,2,periodic,none,0.25,0.55,5,0.6884728044038385,1.3765302725559048,0.16666727855361413,1.8930194602606936,19.93833243534648,0.43739401908705033,1755,865,1755,371.8106136992791,0.4928774928774929,0.26649999999506235,0.7118999999988773,2.5038598226922613,(gap/tau_g)^2+(speed/tau_v)^2+(lateral/tau_y)^2,False
5,0.5,Switching DMPC,service,5120,2.1,2,periodic,none,0.25,0.55,5,0.6802731267309684,1.3753725856264614,0.16646652062785433,1.8650862098334233,19.874084087113097,0.4216801619017504,1755,867,1755,372.0086180132122,0.49401709401709404,0.24525000000252817,0.9577000000007274,2.4806099221613156,(gap/tau_g)^2+(speed/tau_v)^2+(lateral/tau_y)^2,False
5,0.5,Switching DMPC,service,5121,2.1,2,periodic,none,0.25,0.55,5,0.6753976016939949,1.3795644665546851,0.16565074140621855,1.7922876983968805,19.72514363153433,0.48842650749718786,1755,894,1755,372.79659638335886,0.5094017094017094,0.2655000000011398,0.5341000000029794,2.4679781759630974,(gap/tau_g)^2+(speed/tau_v)^2+(lateral/tau_y)^2,False
5,0.5,Switching DMPC,service,5122,2.1,2,periodic,none,0.25,0.55,5,0.6815938757355695,1.3776947744136816,0.1657565321975038,1.8860530375718767,19.878131208345607,0.45989270914193325,1755,905,1755,372.67237297170647,0.5156695156695157,0.2742500000003645,0.9170000000011669,2.4811725275995085,(gap/tau_g)^2+(speed/tau_v)^2+(lateral/tau_y)^2,False
5,0.5,Switching DMPC,service,5123,2.1,2,periodic,none,0.25,0.55,5,0.6856261891874929,1.3809778672613646,0.16624913470767522,1.8307286462573278,19.981302749271855,0.4377632296471178,1755,882,1755,372.2282284457893,0.5025641025641026,0.2695499999987305,1.1038999999968269,2.4996831008846767,(gap/tau_g)^2+(speed/tau_v)^2+(lateral/tau_y)^2,False
5,0.5,Switching DMPC,service,5124,2.1,2,periodic,none,0.25,0.55,5,0.6873428335789802,1.3832050679971946,0.16653021168005383,1.9111032867381383,19.793456654585327,0.4300270665242386,1755,890,1755,371.94712146273633,0.5071225071225072,0.26390000000020564,2.345300000001771,2.5093525752906896,(gap/tau_g)^2+(speed/tau_v)^2+(lateral/tau_y)^2,False
5,0.5,Switching DMPC,service,5125,2.1,2,periodic,none,0.25,0.55,5,0.6825950956771555,1.376552355341352,0.16631153251122555,1.7380097889273438,20.074709977292805,0.4885539209885804,1755,912,1755,372.14436196957803,0.5196581196581197,0.28319999999837364,0.6155999999961637,2.486602798658723,(gap/tau_g)^2+(speed/tau_v)^2+(lateral/tau_y)^2,False
5,0.5,Switching DMPC,service,5126,2.1,2,periodic,none,0.25,0.55,5,0.6923643451648237,1.377132910707885,0.16631641946252643,1.880841061096138,19.904887913049308,0.47205164946307343,1755,893,1755,372.13440228429124,0.5088319088319089,0.27960000000248897,0.8140999999994847,2.5113387666025027,(gap/tau_g)^2+(speed/tau_v)^2+(lateral/tau_y)^2,False
5,0.5,Switching DMPC,service,5127,2.1,2,periodic,none,0.25,0.55,5,0.6884221396565617,1.3711708661020003,0.1658834656175219,1.888847123096235,20.078709352373167,0.4593732154498086,1755,851,1755,372.5447904278195,0.4849002849002849,0.28705000000073255,0.9608999999954904,2.4897060760777956,(gap/tau_g)^2+(speed/tau_v)^2+(lateral/tau_y)^2,False
5,0.5,Switching DMPC,service,5128,2.1,2,periodic,none,0.25,0.55,5,0.6915417286375899,1.3857469871258004,0.16640409881109022,1.7264563748637596,20.089934060858077,0.48020033379434923,1755,901,1755,372.07565946021987,0.5133903133903134,0.2574000000024057,1.009100000004537,2.522186902601638,(gap/tau_g)^2+(speed/tau_v)^2+(lateral/tau_y)^2,False
5,0.5,Switching DMPC,service,5129,2.1,2,periodic,none,0.25,0.55,5,0.6782616911374028,1.3783538197895773,0.16631327091145698,1.8072691584578207,20.23690782999909,0.4235929089424575,1755,888,1755,372.15030106958847,0.505982905982906,0.2915000000029977,1.2812000000010926,2.478665519047427,(gap/tau_g)^2+(speed/tau_v)^2+(lateral/tau_y)^2,False
5,0.5,Switching DMPC,service,5130,2.1,2,periodic,none,0.25,0.55,5,0.6834463653141978,1.3850732901695528,0.1661290530061575,1.7868558977427975,20.128545192327067,0.45224354333133376,1755,961,1755,372.3316353344243,0.5475783475783476,0.25829999999871234,1.514899999996544,2.49915946735553,(gap/tau_g)^2+(speed/tau_v)^2+(lateral/tau_y)^2,False
5,0.5,Robust DMPC,service,5101,2.1,2,periodic,none,0.25,0.55,5,0.6862543851260208,1.3802844571487944,0.16615640184793923,1.8438978813320932,19.88289299880271,0.46974303467697787,1755,900,1755,372.2781991108416,0.5128205128205128,0.42955000000333143,1.1393999999995685,2.4994677030703403,(gap/tau_g)^2+(speed/tau_v)^2+(lateral/tau_y)^2,False
5,0.5,Robust DMPC,service,5102,2.1,2,periodic,none,0.25,0.55,5,0.6793075710917263,1.3823508907029798,0.16636485549914917,1.8579787594922037,19.846949420596914,0.41644050029694535,1755,868,1755,372.1168698204384,0.4945868945868946,0.4210499999999229,1.3006000000004292,2.487248696946284,(gap/tau_g)^2+(speed/tau_v)^2+(lateral/tau_y)^2,False
5,0.5,Robust DMPC,service,5103,2.1,2,periodic,none,0.25,0.55,5,0.6739049462165018,1.3867366523799312,0.16688431770995682,1.8020161202071256,19.751216091952543,0.4447491654650092,1755,912,1755,371.6320241601332,0.5196581196581197,0.40309999999976753,1.0668999999978723,2.4847755039699613,(gap/tau_g)^2+(speed/tau_v)^2+(lateral/tau_y)^2,False
5,0.5,Robust DMPC,service,5104,2.1,2,periodic,none,0.25,0.55,5,0.6756912055745085,1.380794927912931,0.16612421456777593,1.9112957732304576,20.06952624191552,0.4831623626348893,1755,934,1755,372.3492129337762,0.5321937321937322,0.3719000000010908,1.85140000000672,2.4743434731331306,(gap/tau_g)^2+(speed/tau_v)^2+(lateral/tau_y)^2,False
5,0.5,Robust DMPC,service,5105,2.1,2,periodic,none,0.25,0.55,5,0.6822164546351868,1.3832649817923333,0.16606911940764307,1.7592941425257147,20.03257531271204,0.4766789993187922,1755,921,1755,372.3960344823589,0.5247863247863248,0.41874999999791385,1.0503999999968983,2.493121602677928,(gap/tau_g)^2+(speed/tau_v)^2+(lateral/tau_y)^2,False
5,0.5,Robust DMPC,service,5106,2.1,2,periodic,none,0.25,0.55,5,0.6757784632519621,1.3991531573255287,0.16705421959116382,1.7695955776722525,20.09629995422886,0.4732435441962022,1755,908,1755,371.4666008638928,0.5173789173789174,0.4178000000045756,0.9348999999971852,2.508337786867106,(gap/tau_g)^2+(speed/tau_v)^2+(lateral/tau_y)^2,False
5,0.5,Robust DMPC,service,5107,2.1,2,periodic,none,0.25,0.55,5,0.6815220183000659,1.3799864954740835,0.16609476362429204,1.7647607605611941,19.94006492271916,0.4468996772303543,1755,844,1755,372.36149474974343,0.4809116809116809,0.3944499999981588,0.6892000000036091,2.4870288639227214,(gap/tau_g)^2+(speed/tau_v)^2+(lateral/tau_y)^2,False
5,0.5,Robust DMPC,service,5108,2.1,2,periodic,none,0.25,0.55,5,0.6774837555648786,1.3887662465724369,0.16623449385904915,1.8092587695685423,19.952593075785735,0.4790284432807409,1755,892,1755,372.2360208090719,0.5082621082621083,0.40509999999827073,1.1620000000007735,2.4908358214078175,(gap/tau_g)^2+(speed/tau_v)^2+(lateral/tau_y)^2,False
5,0.5,Robust DMPC,service,5109,2.1,2,periodic,none,0.25,0.55,5,0.6847282638575359,1.3840315492138648,0.1658819022785063,1.7680608123670214,19.901690159795713,0.4610277495610726,1755,880,1755,372.532600858776,0.5014245014245015,0.3968000000043048,1.3732999999973572,2.498754243278711,(gap/tau_g)^2+(speed/tau_v)^2+(lateral/tau_y)^2,False
5,0.5,Robust DMPC,service,5110,2.1,2,periodic,none,0.25,0.55,5,0.6742032641755877,1.3904268618679443,0.16621054495211085,1.8006237960727478,19.893932176382094,0.44805983697283647,1755,900,1755,372.2344386319453,0.5128205128205128,0.41679999999999495,1.1223000000057937,2.485108439887724,(gap/tau_g)^2+(speed/tau_v)^2+(lateral/tau_y)^2,False
5,0.5,Robust DMPC,service,5111,2.1,2,periodic,none,0.25,0.55,5,0.6877192064129851,1.3844513746119835,0.16551354681088684,1.7427813566383918,19.66248936043604,0.4811868231556302,1755,856,1755,372.90661915654294,0.4877492877492878,0.4712999999973988,1.2173000000004208,2.5035930803780664,(gap/tau_g)^2+(speed/tau_v)^2+(lateral/tau_y)^2,False
5,0.5,Robust DMPC,service,5112,2.1,2,periodic,none,0.25,0.55,5,0.6771948776361897,1.3685997604175584,0.1659655970475239,1.8273908868384687,19.719886504112182,0.44913386945137157,1755,871,1755,372.47954792940067,0.4962962962962963,0.4880000000042628,1.3818999999983816,2.4595363192082043,(gap/tau_g)^2+(speed/tau_v)^2+(lateral/tau_y)^2,False
5,0.5,Robust DMPC,service,5113,2.1,2,periodic,none,0.25,0.55,5,0.6875295300555464,1.3889690610901886,0.16647201032206904,1.8542006692039168,20.007435248111534,0.48591147673737634,1755,877,1755,372.00517566520006,0.4997150997150997,0.47010000000113905,1.628300000000138,2.5174768177239013,(gap/tau_g)^2+(speed/tau_v)^2+(lateral/tau_y)^2,False
5,0.5,Robust DMPC,service,5114,2.1,2,periodic,none,0.25,0.55,5,0.6764604565268914,1.372108505653573,0.16532976093604623,1.8741852339901566,19.626908242381248,0.46761623947134634,1755,850,1755,373.1052671849181,0.4843304843304843,0.46435000000144555,1.3018000000002417,2.457409047747036,(gap/tau_g)^2+(speed/tau_v)^2+(lateral/tau_y)^2,False
5,0.5,Robust DMPC,service,5115,2.1,2,periodic,none,0.25,0.55,5,0.6874820833730021,1.3818080040901737,0.1659150539936579,1.8841964167243617,20.117238397191265,0.4511762297098689,1755,878,1755,372.5139717395646,0.5002849002849002,0.4422999999995625,0.8566999999999325,2.502609396491918,(gap/tau_g)^2+(speed/tau_v)^2+(lateral/tau_y)^2,False
5,0.5,Robust DMPC,service,5116,2.1,2,periodic,none,0.25,0.55,5,0.669893964341086,1.3675724658455788,0.16558101680867848,1.822179405093393,19.880774899191387,0.4610599601466485,1755,884,1755,372.81176423115323,0.5037037037037037,0.4370999999991909,2.4506999999971413,2.4374301458592464,(gap/tau_g)^2+(speed/tau_v)^2+(lateral/tau_y)^2,False
5,0.5,Robust DMPC,service,5117,2.1,2,periodic,none,0.25,0.55,5,0.6851927779111187,1.3907825410652652,0.1657741724433678,1.842903877965431,20.00734449771803,0.47990348296375984,1755,892,1755,372.64023826297586,0.5082621082621083,0.44370000000171217,1.3484000000048013,2.5085498206414054,(gap/tau_g)^2+(speed/tau_v)^2+(lateral/tau_y)^2,False
5,0.5,Robust DMPC,service,5118,2.1,2,periodic,none,0.25,0.55,5,0.6842546657548599,1.377159593349326,0.16626187318826854,1.8389466320265464,19.81013496851508,0.46395744660138605,1755,881,1755,372.1875304185216,0.501994301994302,0.41454999999857023,0.8724000000057686,2.4910757373525625,(gap/tau_g)^2+(speed/tau_v)^2+(lateral/tau_y)^2,False
5,0.5,Robust DMPC,service,5119,2.1,2,periodic,none,0.25,0.55,5,0.6886008154973146,1.376454318468368,0.16666748471414292,1.8902721346150502,19.93865615013314,0.43740576802404063,1755,865,1755,371.8104468313301,0.4928774928774929,0.40184999999937077,0.9222999999991544,2.5040682447207456,(gap/tau_g)^2+(speed/tau_v)^2+(lateral/tau_y)^2,False
5,0.5,Robust DMPC,service,5120,2.1,2,periodic,none,0.25,0.55,5,0.6803126193791053,1.3753550680901026,0.16646649228328794,1.8645096870315367,19.87410413766397,0.4216809979447914,1755,867,1755,372.0085645841887,0.49401709401709404,0.42229999999676693,1.548599999999567,2.480680627132625,(gap/tau_g)^2+(speed/tau_v)^2+(lateral/tau_y)^2,False
5,0.5,Robust DMPC,service,5121,2.1,2,periodic,none,0.25,0.55,5,0.6753951336762195,1.3795639995512186,0.16565060817180055,1.7922080730813073,19.725167225985686,0.4884265681752066,1755,894,1755,372.79659918128374,0.5094017094017094,0.398350000001102,0.9245999999976107,2.4679704883142106,(gap/tau_g)^2+(speed/tau_v)^2+(lateral/tau_y)^2,False
5,0.5,Robust DMPC,service,5122,2.1,2,periodic,none,0.25,0.55,5,0.6816065163168612,1.3776830682639907,0.16575651497671412,1.8859691752046361,19.878743565190867,0.45989258931833343,1755,905,1755,372.67238196456475,0.5156695156695157,0.41500000000027626,1.0745999999954847,2.4811865623487934,(gap/tau_g)^2+(speed/tau_v)^2+(lateral/tau_y)^2,False
5,0.5,Robust DMPC,service,5123,2.1,2,periodic,none,0.25,0.55,5,0.685633482503114,1.3809704352353125,0.1662490258347111,1.8307243819293708,19.98132749329646,0.43776236933072077,1755,882,1755,372.2282182274246,0.5025641025641026,0.4654500000000894,1.0947999999970648,2.4996895025975743,(gap/tau_g)^2+(speed/tau_v)^2+(lateral/tau_y)^2,False
5,0.5,Robust DMPC,service,5124,2.1,2,periodic,none,0.25,0.55,5,0.6873793395527743,1.3831553242186465,0.16653044462515862,1.9107496490207687,19.793428940557504,0.42958579505699024,1755,890,1755,371.9470274775821,0.5071225071225072,0.517550000001421,2.234899999997708,2.5093735249208606,(gap/tau_g)^2+(speed/tau_v)^2+(lateral/tau_y)^2,False
5,0.5,Robust DMPC,service,5125,2.1,2,periodic,none,0.25,0.55,5,0.6825937028840128,1.3765446892237765,0.16631152682089656,1.7378743703548698,20.074709977292805,0.4885539209885804,1755,912,1755,372.1443496508889,0.5196581196581197,0.40925000000058276,1.6400000000018622,2.48658860288245,(gap/tau_g)^2+(speed/tau_v)^2+(lateral/tau_y)^2,False
5,0.5,Robust DMPC,service,5126,2.1,2,periodic,none,0.25,0.55,5,0.6923698462087456,1.3771418442033845,0.16631640214396057,1.8808452056689373,19.904900748996724,0.47205192763432413,1755,893,1755,372.13439136141454,0.5088319088319089,0.46814999999966744,1.178799999998148,2.5113647185025614,(gap/tau_g)^2+(speed/tau_v)^2+(lateral/tau_y)^2,False
5,0.5,Robust DMPC,service,5127,2.1,2,periodic,none,0.25,0.55,5,0.6884571579891904,1.3711510503544697,0.16588340184258546,1.8881688712430038,20.079066834905014,0.4593741070501107,1755,851,1755,372.54483846588766,0.4849002849002849,0.40954999999698316,0.8854999999954316,2.4897635394005038,(gap/tau_g)^2+(speed/tau_v)^2+(lateral/tau_y)^2,False
5,0.5,Robust DMPC,service,5128,2.1,2,periodic,none,0.25,0.55,5,0.6915992224429741,1.3857365965854493,0.16640402289204348,1.7258388569852197,20.090296368347467,0.48054942497113573,1755,901,1755,372.0756644289087,0.5133903133903134,0.3832999999993092,1.9330000000010727,2.5223129509942663,(gap/tau_g)^2+(speed/tau_v)^2+(lateral/tau_y)^2,False
5,0.5,Robust DMPC,service,5129,2.1,2,periodic,none,0.25,0.55,5,0.6783208253992072,1.3783428015903116,0.16631323070689177,1.8072689208779693,20.23683897099219,0.42359401541701425,1755,888,1755,372.1502389550216,0.505982905982906,0.4314499999971133,0.7903999999996358,2.4787923020987592,(gap/tau_g)^2+(speed/tau_v)^2+(lateral/tau_y)^2,False
5,0.5,Robust DMPC,service,5130,2.1,2,periodic,none,0.25,0.55,5,0.6834311537964656,1.3850899912127907,0.16612891470363514,1.786823149095212,20.12857361686018,0.4522435487753387,1755,961,1755,372.3316349729475,0.5475783475783476,0.39590000000089276,0.6766999999996415,2.4991449588927375,(gap/tau_g)^2+(speed/tau_v)^2+(lateral/tau_y)^2,False
5,0.5,Zheng et al. (2024),service,5101,2.1,2,periodic,none,0.25,0.55,5,0.34767919051725243,1.6006383128205717,0.1660892285834755,0.3777290609452773,18.892455744801467,0.49670168858096064,1755,900,1755,372.51319976194594,0.5128205128205128,0.249600000000072,0.6895000000000095,2.211704831225647,(gap/tau_g)^2+(speed/tau_v)^2+(lateral/tau_y)^2,False
5,0.5,Zheng et al. (2024),service,5102,2.1,2,periodic,none,0.25,0.55,5,0.3702627880930914,1.5986418575686823,0.16630397200898833,0.38831238459046763,18.875308632089826,0.49689414071976845,1755,868,1755,372.33604537503726,0.4945868945868946,0.2267500000030509,0.6502999999966619,2.239054905210673,(gap/tau_g)^2+(speed/tau_v)^2+(lateral/tau_y)^2,False
5,0.5,Zheng et al. (2024),service,5103,2.1,2,periodic,none,0.25,0.55,5,0.3464374197067588,1.6077536641427141,0.16682334704772778,0.37708671645931674,18.982551645589965,0.4955893860027041,1755,912,1755,371.8593613790708,0.5196581196581197,0.21454999999903634,2.0415000000042482,2.227929801640234,(gap/tau_g)^2+(speed/tau_v)^2+(lateral/tau_y)^2,False
5,0.5,Zheng et al. (2024),service,5104,2.1,2,periodic,none,0.25,0.55,5,0.36265356955093037,1.601514498841535,0.16603036890656,0.3971102144098505,19.13355740369441,0.49647076116871725,1755,934,1755,372.58069641622575,0.5321937321937322,0.2513499999992064,0.502500000003181,2.2315574425145863,(gap/tau_g)^2+(speed/tau_v)^2+(lateral/tau_y)^2,False
5,0.5,Zheng et al. (2024),service,5105,2.1,2,periodic,none,0.25,0.55,5,0.3565253440685019,1.6064749430206042,0.16597016169948184,0.37497415589140537,19.122429604176737,0.4977272050640096,1755,921,1755,372.6293060838195,0.5247863247863248,0.21654999999753954,0.610099999995839,2.231341443070283,(gap/tau_g)^2+(speed/tau_v)^2+(lateral/tau_y)^2,False
5,0.5,Zheng et al. (2024),service,5106,2.1,2,periodic,none,0.25,0.55,5,0.3583587403755825,1.6197777773845177,0.16695110360804633,0.37035085192788536,18.927664844181066,0.4930907540441235,1755,908,1755,371.7182136339073,0.5173789173789174,0.2172000000015828,0.4709999999974457,2.263733020881532,(gap/tau_g)^2+(speed/tau_v)^2+(lateral/tau_y)^2,False
5,0.5,Zheng et al. (2024),service,5107,2.1,2,periodic,none,0.25,0.55,5,0.3590243475626161,1.594795648930511,0.16605208400876392,0.3742990518169501,19.036080211929317,0.4959349595390765,1755,844,1755,372.5611770062498,0.4809116809116809,0.27009999999805245,1.0122999999992999,2.2161245905236657,(gap/tau_g)^2+(speed/tau_v)^2+(lateral/tau_y)^2,False
5,0.5,Zheng et al. (2024),service,5108,2.1,2,periodic,none,0.25,0.55,5,0.3475531486342833,1.611623054551014,0.1661342534540378,0.3659210546316073,18.84498978931449,0.4961659726205807,1755,892,1755,372.4826185936872,0.5082621082621083,0.2820000000021139,0.92740000000191,2.229925995954317,(gap/tau_g)^2+(speed/tau_v)^2+(lateral/tau_y)^2,False
5,0.5,Zheng et al. (2024),service,5109,2.1,2,periodic,none,0.25,0.55,5,0.3603242898278933,1.606766024652609,0.16577181522312887,0.3657486106623073,18.82383553011553,0.49817106931385036,1755,880,1755,372.79166740327184,0.5014245014245015,0.21685000000104537,0.47020000000230766,2.2350150225163756,(gap/tau_g)^2+(speed/tau_v)^2+(lateral/tau_y)^2,False
5,0.5,Zheng et al. (2024),service,5110,2.1,2,periodic,none,0.25,0.55,5,0.3540722731261929,1.6126900066401626,0.1661153429722177,0.3779140012696605,18.649137270092126,0.49668996918805075,1755,900,1755,372.4755084119054,0.5128205128205128,0.23030000000190398,1.4383999999978414,2.2396556448594316,(gap/tau_g)^2+(speed/tau_v)^2+(lateral/tau_y)^2,False
5,0.5,Zheng et al. (2024),service,5111,2.1,2,periodic,none,0.25,0.55,5,0.36929587242423767,1.6065072475754547,0.16541210544853535,0.37675571784719647,18.96502248172223,0.49989299843379453,1755,856,1755,373.1485036902516,0.4877492877492878,0.27935000000312016,1.1645999999956302,2.2432495868447804,(gap/tau_g)^2+(speed/tau_v)^2+(lateral/tau_y)^2,False
5,0.5,Zheng et al. (2024),service,5112,2.1,2,periodic,none,0.25,0.55,5,0.36195666347913974,1.5828557261118839,0.16587679628386218,0.3692472151805067,19.054668923891036,0.49835128290543074,1755,871,1755,372.7091986432791,0.4962962962962963,0.2211000000009733,0.587200000005339,2.199070884210764,(gap/tau_g)^2+(speed/tau_v)^2+(lateral/tau_y)^2,False
5,0.5,Zheng et al. (2024),service,5113,2.1,2,periodic,none,0.25,0.55,5,0.3492198626670994,1.6144594735969287,0.16638627592771138,0.38309815425204974,18.73439322053912,0.4953710997808981,1755,877,1755,372.248946513614,0.4997150997150997,0.257399999998853,1.1672000000046978,2.2387542670482397,(gap/tau_g)^2+(speed/tau_v)^2+(lateral/tau_y)^2,False
5,0.5,Zheng et al. (2024),service,5114,2.1,2,periodic,none,0.25,0.55,5,0.35485308805245797,1.5947209253525971,0.1652495707710852,0.3798369529768565,18.928895025166113,0.5023507222378749,1755,850,1755,373.3205584926949,0.4843304843304843,0.24300000000110344,0.6987000000009402,2.2040623335746465,(gap/tau_g)^2+(speed/tau_v)^2+(lateral/tau_y)^2,False
5,0.5,Zheng et al. (2024),service,5115,2.1,2,periodic,none,0.25,0.55,5,0.3750709156970101,1.5947985881208102,0.16582767598727935,0.3880864342160431,18.840806184183485,0.49902366881601157,1755,878,1755,372.7478182194999,0.5002849002849002,0.2439500000015471,1.224399999998127,2.2352091676500727,(gap/tau_g)^2+(speed/tau_v)^2+(lateral/tau_y)^2,False
5,0.5,Zheng et al. (2024),service,5116,2.1,2,periodic,none,0.25,0.55,5,0.3705865111446978,1.5827723811410273,0.16546115784849313,0.37726551295306193,18.918333626445303,0.49966090397022356,1755,884,1755,373.0601082248853,0.5037037037037037,0.2138499999979615,0.5348000000040543,2.206731994449653,(gap/tau_g)^2+(speed/tau_v)^2+(lateral/tau_y)^2,False
5,0.5,Zheng et al. (2024),service,5117,2.1,2,periodic,none,0.25,0.55,5,0.35201836930110497,1.6163395708805617,0.16571245206452043,0.372855052146697,18.99962302835015,0.4973173906642643,1755,892,1755,372.8593552848793,0.5082621082621083,0.21294999999810216,0.36120000000039454,2.2397477022963224,(gap/tau_g)^2+(speed/tau_v)^2+(lateral/tau_y)^2,False
5,0.5,Zheng et al. (2024),service,5118,2.1,2,periodic,none,0.25,0.55,5,0.35475755868776904,1.6016736859264864,0.1661896355259867,0.3919279025052444,19.034220279037456,0.4969987294047674,1755,881,1755,372.42460973174184,0.501994301994302,0.22479999999802658,0.8992999999932749,2.223069834660131,(gap/tau_g)^2+(speed/tau_v)^2+(lateral/tau_y)^2,False
5,0.5,Zheng et al. (2024),service,5119,2.1,2,periodic,none,0.25,0.55,5,0.36013074592533434,1.5890141119342704,0.16660825657218856,0.3894654568252646,18.995407360821602,0.4940064505583016,1755,865,1755,372.0356247694738,0.4928774928774929,0.2171500000009985,1.4263999999997168,2.21277304572028,(gap/tau_g)^2+(speed/tau_v)^2+(lateral/tau_y)^2,False
5,0.5,Zheng et al. (2024),service,5120,2.1,2,periodic,none,0.25,0.55,5,0.36898991326694874,1.5910075486856174,0.1663436554806718,0.38334925710568446,19.10514683401606,0.49529263254945954,1755,867,1755,372.2697569754363,0.49401709401709404,0.2439000000009628,0.7364000000009696,2.2252882124021967,(gap/tau_g)^2+(speed/tau_v)^2+(lateral/tau_y)^2,False
5,0.5,Zheng et al. (2024),service,5121,2.1,2,periodic,none,0.25,0.55,5,0.35908334546094517,1.5979196367505393,0.1655487217784541,0.3673612319039923,18.80914522893783,0.4991653351364549,1755,894,1755,373.03465764399914,0.5094017094017094,0.26000000000081513,1.956599999999753,2.217115803709529,(gap/tau_g)^2+(speed/tau_v)^2+(lateral/tau_y)^2,False
5,0.5,Zheng et al. (2024),service,5122,2.1,2,periodic,none,0.25,0.55,5,0.36321476219063487,1.5953504025038867,0.16565588144342439,0.38563116338963094,19.28310334294393,0.49889520070811455,1755,905,1755,372.91281262891135,0.5156695156695157,0.27325000000288924,0.8549000000002138,2.2191223441888446,(gap/tau_g)^2+(speed/tau_v)^2+(lateral/tau_y)^2,False
5,0.5,Zheng et al. (2024),service,5123,2.1,2,periodic,none,0.25,0.55,5,0.3636102888369284,1.6026587548003701,0.16615567570522713,0.37530286551684267,18.94866391884929,0.4960196248133981,1755,882,1755,372.47136530901986,0.5025641025641026,0.23399999999895726,1.9246000000023855,2.235703935587517,(gap/tau_g)^2+(speed/tau_v)^2+(lateral/tau_y)^2,False
5,0.5,Zheng et al. (2024),service,5124,2.1,2,periodic,none,0.25,0.55,5,0.35837639953189077,1.6033098458343382,0.1664696285616583,0.3869490101792265,18.835504596066002,0.49638281031912335,1755,890,1755,372.1608718734288,0.5071225071225072,0.2348999999988166,0.8714000000011879,2.2326617768384285,(gap/tau_g)^2+(speed/tau_v)^2+(lateral/tau_y)^2,False
5,0.5,Zheng et al. (2024),service,5125,2.1,2,periodic,none,0.25,0.55,5,0.3603190943318378,1.5927877637769163,0.1662387724223384,0.3593702103091688,19.251694927184566,0.496667973606981,1755,912,1755,372.3599992210862,0.5196581196581197,0.2441000000033,0.7724999999965121,2.2160657665588204,(gap/tau_g)^2+(speed/tau_v)^2+(lateral/tau_y)^2,False
5,0.5,Zheng et al. (2024),service,5126,2.1,2,periodic,none,0.25,0.55,5,0.3573873824442514,1.5983869244295634,0.16620346088928994,0.3881197055251593,18.94218232657166,0.49556007190986995,1755,893,1755,372.383726689585,0.5088319088319089,0.22910000000209152,0.7225999999960209,2.2211479282902644,(gap/tau_g)^2+(speed/tau_v)^2+(lateral/tau_y)^2,False
5,0.5,Zheng et al. (2024),service,5127,2.1,2,periodic,none,0.25,0.55,5,0.3627360395864398,1.587372912333376,0.16585274802913033,0.392463240322192,19.138167886277273,0.4989673075494202,1755,851,1755,372.7175658209683,0.4849002849002849,0.29045000000138543,0.5223000000000866,2.207181933970783,(gap/tau_g)^2+(speed/tau_v)^2+(lateral/tau_y)^2,False
5,0.5,Zheng et al. (2024),service,5128,2.1,2,periodic,none,0.25,0.55,5,0.36171492630136065,1.6075250181456355,0.16632466461357034,0.3648637025976454,19.054466495023256,0.4955926507352836,1755,901,1755,372.2957889948211,0.5133903133903134,0.21464999999665224,0.4503000000042334,2.2426347691863806,(gap/tau_g)^2+(speed/tau_v)^2+(lateral/tau_y)^2,False
5,0.5,Zheng et al. (2024),service,5129,2.1,2,periodic,none,0.25,0.55,5,0.3517453923412677,1.5951233954330337,0.16624139848230005,0.39529148285598814,19.143616279603144,0.49666576075522306,1755,888,1755,372.3735483926451,0.505982905982906,0.21634999999875504,0.9425000000007344,2.2090330805333735,(gap/tau_g)^2+(speed/tau_v)^2+(lateral/tau_y)^2,False
5,0.5,Zheng et al. (2024),service,5130,2.1,2,periodic,none,0.25,0.55,5,0.36912204053413833,1.603979929539137,0.16602108267097448,0.3694762181459453,18.996402302697412,0.4972213566117878,1755,961,1755,372.573523442728,0.5475783475783476,0.21069999999667743,0.5434000000050787,2.243927515615585,(gap/tau_g)^2+(speed/tau_v)^2+(lateral/tau_y)^2,False
5,0.5,Proposed,service,5101,2.1,2,aware,none,0.25,0.55,5,0.6832557796718101,1.3846422302784822,0.1661693081098577,1.853165292792983,19.977509837337585,0.45076946502266735,700,415,700,148.48140232855752,0.5928571428571429,0.4060999999992987,0.7614000000017995,2.498421681011985,(gap/tau_g)^2+(speed/tau_v)^2+(lateral/tau_y)^2,False
5,0.5,Proposed,service,5102,2.1,2,aware,none,0.25,0.55,5,0.6759244780525414,1.3872213154948716,0.1663760060754894,1.8591241173413684,19.745545136754487,0.45214669927158935,700,393,700,148.4219670126142,0.5614285714285714,0.4137499999998795,1.096300000000383,2.4860727017451776,(gap/tau_g)^2+(speed/tau_v)^2+(lateral/tau_y)^2,False
5,0.5,Proposed,service,5103,2.1,2,aware,none,0.25,0.55,5,0.6753398170031251,1.387962597050818,0.16687397447243754,1.8595368118014761,19.667348070353754,0.39102588757293666,700,398,700,148.23287384364508,0.5685714285714286,0.39515000000278633,0.7481000000026938,2.4898664881725554,(gap/tau_g)^2+(speed/tau_v)^2+(lateral/tau_y)^2,False
5,0.5,Proposed,service,5104,2.1,2,aware,none,0.25,0.55,5,0.6725400520619149,1.3838341749104983,0.1661242157138573,1.8400818297163979,19.62141684790977,0.44986704959331636,700,405,700,148.51693970907203,0.5785714285714286,0.5779499999967186,1.7234999999971023,2.4710775568375616,(gap/tau_g)^2+(speed/tau_v)^2+(lateral/tau_y)^2,False
5,0.5,Proposed,service,5105,2.1,2,aware,none,0.25,0.55,5,0.6652607100717811,1.394394729999556,0.16609384066312904,1.819181017151424,19.76459111478526,0.44069655252921225,700,381,700,148.52554249393515,0.5442857142857143,0.4877000000043097,1.6913999999985663,2.468481932305825,(gap/tau_g)^2+(speed/tau_v)^2+(lateral/tau_y)^2,False
5,0.5,Proposed,service,5106,2.1,2,aware,none,0.25,0.55,5,0.6832873303679221,1.3941844168199384,0.16709789280355777,1.776895865219455,19.782835578691234,0.457654857990176,700,387,700,148.15521054590278,0.5528571428571428,0.40304999999918323,1.639400000001956,2.5197636145139737,(gap/tau_g)^2+(speed/tau_v)^2+(lateral/tau_y)^2,False
5,0.5,Proposed,service,5107,2.1,2,aware,none,0.25,0.55,5,0.6912161896100272,1.3730333396773784,0.16615478843914816,1.7004456059004662,20.11035328803743,0.4636911040044923,700,356,700,148.50675259808244,0.5085714285714286,0.4289999999969041,1.3103999999941607,2.5014189114226157,(gap/tau_g)^2+(speed/tau_v)^2+(lateral/tau_y)^2,False
5,0.5,Proposed,service,5108,2.1,2,aware,none,0.25,0.55,5,0.6739442073613051,1.3951239469409222,0.16624905740101625,1.7525574105357682,19.594888454342403,0.4504816791204218,700,398,700,148.46493646165015,0.5685714285714286,0.4114000000008389,1.4041999999960808,2.491483146994274,(gap/tau_g)^2+(speed/tau_v)^2+(lateral/tau_y)^2,False
5,0.5,Proposed,service,5109,2.1,2,aware,none,0.25,0.55,5,0.6750269844970413,1.3914100150290782,0.165903350539847,1.7001771198505167,19.406651808892924,0.47657211156187196,700,391,700,148.59186123530208,0.5585714285714286,0.46899999999538977,1.1708999999981984,2.4859290468528403,(gap/tau_g)^2+(speed/tau_v)^2+(lateral/tau_y)^2,False
5,0.5,Proposed,service,5110,2.1,2,aware,none,0.25,0.55,5,0.68499404169289,1.3834716786033348,0.16620025720166384,1.9192785862951294,19.381397925880336,0.3994275557347716,700,378,700,148.47311070642817,0.54,0.3870500000004995,0.8070000000017785,2.501253896001168,(gap/tau_g)^2+(speed/tau_v)^2+(lateral/tau_y)^2,False
5,0.5,Proposed,service,5111,2.1,2,aware,none,0.25,0.55,5,0.6823370686419908,1.3910777854556398,0.16552203441528615,1.7614151649203322,19.889218782295565,0.4131499015660277,700,368,700,148.7421460198993,0.5257142857142857,0.3928499999972246,0.7122000000023831,2.4999378585067067,(gap/tau_g)^2+(speed/tau_v)^2+(lateral/tau_y)^2,False
5,0.5,Proposed,service,5112,2.1,2,aware,none,0.25,0.55,5,0.679873341457488,1.368075850125674,0.16597485894437655,1.7787040444390445,19.424121534622984,0.3971596095623333,700,369,700,148.57572860877198,0.5271428571428571,0.40779999999784877,0.9246000000047161,2.465343632579161,(gap/tau_g)^2+(speed/tau_v)^2+(lateral/tau_y)^2,False
5,0.5,Proposed,service,5113,2.1,2,aware,none,0.25,0.55,5,0.685751702752612,1.3942431877745907,0.1664837885404523,1.8499723315089946,19.605377694807757,0.4611495480569572,700,373,700,148.37793447292094,0.5328571428571428,0.3984500000022706,1.3840000000016062,2.5207237834593523,(gap/tau_g)^2+(speed/tau_v)^2+(lateral/tau_y)^2,False
5,0.5,Proposed,service,5114,2.1,2,aware,none,0.25,0.55,5,0.6659639906659471,1.3791423172479262,0.16533278052286488,1.8282782889970277,19.319671375728085,0.43507189363760257,700,377,700,148.82035324937962,0.5385714285714286,0.4079499999996017,1.8202999999985536,2.4422572111203458,(gap/tau_g)^2+(speed/tau_v)^2+(lateral/tau_y)^2,False
5,0.5,Proposed,service,5115,2.1,2,aware,none,0.25,0.55,5,0.6828664363355601,1.3876691860977377,0.16590482222250513,1.8447150216694994,19.867084092273394,0.4790598454599281,700,386,700,148.5838898252813,0.5514285714285714,0.3756000000016968,0.6743000000000166,2.499561836044202,(gap/tau_g)^2+(speed/tau_v)^2+(lateral/tau_y)^2,False
5,0.5,Proposed,service,5116,2.1,2,aware,none,0.25,0.55,5,0.6688269186200916,1.3649183534251428,0.16560891123230548,1.842030534338116,19.923803051990745,0.46409463749757573,700,393,700,148.7050289758975,0.5614285714285714,0.39970000000266737,0.7868000000001985,2.4314214187230365,(gap/tau_g)^2+(speed/tau_v)^2+(lateral/tau_y)^2,False
5,0.5,Proposed,service,5117,2.1,2,aware,none,0.25,0.55,5,0.6819447150134477,1.3959743811747138,0.1657605615377642,1.8751637906129235,20.068453403796504,0.390356070634974,700,394,700,148.63802250207937,0.5628571428571428,0.5060999999990656,1.6797000000039475,2.5079245347587,(gap/tau_g)^2+(speed/tau_v)^2+(lateral/tau_y)^2,False
5,0.5,Proposed,service,5118,2.1,2,aware,none,0.25,0.55,5,0.6876446543072213,1.3754309229686472,0.16628877016814336,1.8047896464068023,19.58947780006249,0.4325863824644579,700,370,700,148.44675913404348,0.5285714285714286,0.5798999999981902,1.412300000005473,2.497139589382968,(gap/tau_g)^2+(speed/tau_v)^2+(lateral/tau_y)^2,False
5,0.5,Proposed,service,5119,2.1,2,aware,none,0.25,0.55,5,0.6795993977378635,1.3820981906173548,0.16669502251274498,1.7812227792208604,19.922777565642818,0.4519966768712378,700,366,700,148.29493374259187,0.5228571428571429,0.4140499999998326,0.7373999999984449,2.4903464198986924,(gap/tau_g)^2+(speed/tau_v)^2+(lateral/tau_y)^2,False
5,0.5,Proposed,service,5120,2.1,2,aware,none,0.25,0.55,5,0.6766278495672904,1.3795283663979836,0.16645066288159482,1.8913357376870215,19.680133491519932,0.40503439986820733,700,368,700,148.38310097940806,0.5257142857142857,0.4133500000023105,2.125899999995795,2.4775257586646884,(gap/tau_g)^2+(speed/tau_v)^2+(lateral/tau_y)^2,False
5,0.5,Proposed,service,5121,2.1,2,aware,none,0.25,0.55,5,0.6749529941232929,1.3836876922977814,0.16566834356647872,1.8112743918949443,19.737681285278654,0.45311422620823816,700,380,700,148.69173491648047,0.5428571428571428,0.4545999999976402,0.937999999997885,2.4728696555175373,(gap/tau_g)^2+(speed/tau_v)^2+(lateral/tau_y)^2,False
5,0.5,Proposed,service,5122,2.1,2,aware,none,0.25,0.55,5,0.6772706012004831,1.3828985595887306,0.16575777220416307,1.9297118113451455,19.647464024289945,0.44885355900709456,700,418,700,148.64362723445583,0.5971428571428572,0.44520000000147775,1.7723000000060551,2.478068169348769,(gap/tau_g)^2+(speed/tau_v)^2+(lateral/tau_y)^2,False
5,0.5,Proposed,service,5123,2.1,2,aware,none,0.25,0.55,5,0.6845082520056572,1.3838144119845546,0.16626365053982872,1.8074204470061408,19.059263314580733,0.4234209141815938,700,388,700,148.4634011054023,0.5542857142857143,0.47634999999601746,1.037399999994193,2.5010819566169853,(gap/tau_g)^2+(speed/tau_v)^2+(lateral/tau_y)^2,False
5,0.5,Proposed,service,5124,2.1,2,aware,none,0.25,0.55,5,0.6954415274969938,1.3805499890374577,0.1665623046242605,1.8589066266305632,19.657702610261644,0.43939437584822805,700,391,700,148.34674696462395,0.5585714285714286,0.38999999999944635,0.6938000000005218,2.525784835980703,(gap/tau_g)^2+(speed/tau_v)^2+(lateral/tau_y)^2,False
5,0.5,Proposed,service,5125,2.1,2,aware,none,0.25,0.55,5,0.6754680890746619,1.3815146753496694,0.16635277322078976,1.8491136786830982,19.452381024601365,0.3972302895557671,700,402,700,148.42977539938212,0.5742857142857143,0.39355000000185214,0.770400000000393,2.4767216660384386,(gap/tau_g)^2+(speed/tau_v)^2+(lateral/tau_y)^2,False
5,0.5,Proposed,service,5126,2.1,2,aware,none,0.25,0.55,5,0.6920863143154582,1.3769518732117358,0.16633764300413711,1.8624683866630334,19.84877581287082,0.40717976035137293,700,385,700,148.42564710924958,0.55,0.7501499999982286,1.5494999999958736,2.510576582840109,(gap/tau_g)^2+(speed/tau_v)^2+(lateral/tau_y)^2,False
5,0.5,Proposed,service,5127,2.1,2,aware,none,0.25,0.55,5,0.6950306191711634,1.3655214491304801,0.1659279451521227,1.8784415438173283,19.840338175101955,0.41302702142196146,700,374,700,148.58459471903694,0.5342857142857143,0.41484999999852334,0.9861999999998261,2.4984402935872656,(gap/tau_g)^2+(speed/tau_v)^2+(lateral/tau_y)^2,False
5,0.5,Proposed,service,5128,2.1,2,aware,none,0.25,0.55,5,0.6952488314669059,1.3820409435074903,0.16642231848768405,1.7876742076216163,20.008785031528824,0.44967133007383686,700,393,700,148.40629710383118,0.5614285714285714,0.39594999999792435,1.5447000000037292,2.526244573623856,(gap/tau_g)^2+(speed/tau_v)^2+(lateral/tau_y)^2,False
5,0.5,Proposed,service,5129,2.1,2,aware,none,0.25,0.55,5,0.6672369224718985,1.3879219807218122,0.1663107386593904,1.7531559480663232,19.809506042189895,0.409725374277749,700,385,700,148.43822217158998,0.55,0.38449999999912166,0.6968000000000529,2.465777411785644,(gap/tau_g)^2+(speed/tau_v)^2+(lateral/tau_y)^2,False
5,0.5,Proposed,service,5130,2.1,2,aware,none,0.25,0.55,5,0.6815900030253521,1.3910719767604751,0.16610936442863353,1.7880280768854218,19.502587031507133,0.4804015664441764,700,435,700,148.50740685570594,0.6214285714285714,0.4047000000007017,1.1797999999956232,2.5029875858640884,(gap/tau_g)^2+(speed/tau_v)^2+(lateral/tau_y)^2,False
