friction,curvature_m_inv,h_min_s,follower_brake_mps2,predecessor_brake_mps2,status
0.4,0.0,2.240516450261487,3.139463595420992,3.976867808889027,PASS_OPERATIONAL
0.4,0.00025,2.2484176606574686,3.1273151975359346,3.9651278703297774,PASS_OPERATIONAL
0.4,0.0005,2.260977704330947,3.10894366002237,3.9480743487100143,PASS_OPERATIONAL
0.4,0.00075,2.2784918405862786,3.0842429363299226,3.925636185682063,PASS_OPERATIONAL
0.4,0.001,2.3013845065040166,3.053066605614064,3.8977179397632997,PASS_OPERATIONAL
0.4,0.00125,2.3302359692575085,3.0152233263389174,3.8641976791342936,PASS_OPERATIONAL
0.4,0.0015,2.3658212313096834,2.9704705491319734,3.8249241707718027,PASS_OPERATIONAL
0.4,0.00175,2.409166334239266,2.918505973140675,3.7797132063789975,PASS_OPERATIONAL
0.4,0.002,2.4616302645629045,2.858955978940204,3.7283428417391873,PASS_OPERATIONAL
0.4,0.0022500000000000003,2.5250257826952915,2.7913598854951434,3.6705472362090386,PASS_OPERATIONAL
0.4,0.0025,2.6018013888896356,2.7151482659017843,3.6060086491051333,PASS_OPERATIONAL
0.4,0.00275,2.6953227195374607,2.6296125471007645,3.534346957137558,PASS_OPERATIONAL
0.4,0.003,2.810322066502325,2.5338613889692594,3.4551057642345646,PASS_EXTENDED
0.4,0.0032500000000000003,2.9536452163434768,2.426756238995067,3.3677337176091937,PASS_EXTENDED
0.4,0.0035,3.1355527648422337,2.3068126082385687,3.271558907225278,PASS_EXTENDED
0.4,0.00375,3.372124235537972,2.172041856987079,3.1657529984654666,PASS_EXTENDED
0.4,0.004,3.690038683904097,2.0196827639081247,3.0492796215347235,PASS_EXTENDED
0.4,0.00425,4.137033679436083,1.8457111322032556,2.920817685920166,OUTSIDE_EXTENDED_RANGE
0.4,0.0045000000000000005,4.807959465122909,1.6438498452211658,2.778642910355914,OUTSIDE_EXTENDED_RANGE
0.4,0.00475,5.9231991496469805,1.4032631225906325,2.6204357873193285,OUTSIDE_EXTENDED_RANGE
0.4,0.005,8.15070537836482,1.1018187191442703,2.4429508248360663,OUTSIDE_EXTENDED_RANGE
0.4,0.00525,15.194232223367152,0.6753293887897122,2.241399978985711,OUTSIDE_EXTENDED_RANGE
0.4,0.0055,inf,-0.15,2.0081725459716693,NO_POSITIVE_BRAKE_BOUND
0.4,0.00575,inf,-0.15,1.7297252385601702,NO_POSITIVE_BRAKE_BOUND
0.4,0.006,inf,-0.15,1.37680833878856,NO_POSITIVE_BRAKE_BOUND
0.4,0.00625,inf,-0.15,0.8508848164665473,NO_POSITIVE_BRAKE_BOUND
0.4,0.006500000000000001,inf,-0.15,0.1,NO_POSITIVE_BRAKE_BOUND
0.4,0.00675,inf,-0.15,0.1,NO_POSITIVE_BRAKE_BOUND
0.4,0.007,inf,-0.15,0.1,NO_POSITIVE_BRAKE_BOUND
0.4,0.00725,inf,-0.15,0.1,NO_POSITIVE_BRAKE_BOUND
0.4,0.0075,inf,-0.15,0.1,NO_POSITIVE_BRAKE_BOUND
0.4,0.00775,inf,-0.15,0.1,NO_POSITIVE_BRAKE_BOUND
0.4,0.008,inf,-0.15,0.1,NO_POSITIVE_BRAKE_BOUND
0.4,0.00825,inf,-0.15,0.1,NO_POSITIVE_BRAKE_BOUND
0.4,0.0085,inf,-0.15,0.1,NO_POSITIVE_BRAKE_BOUND
0.4,0.00875,inf,-0.15,0.1,NO_POSITIVE_BRAKE_BOUND
0.4,0.009000000000000001,inf,-0.15,0.1,NO_POSITIVE_BRAKE_BOUND
0.4,0.00925,inf,-0.15,0.1,NO_POSITIVE_BRAKE_BOUND
0.4,0.0095,inf,-0.15,0.1,NO_POSITIVE_BRAKE_BOUND
0.4,0.00975,inf,-0.15,0.1,NO_POSITIVE_BRAKE_BOUND
0.4,0.01,inf,-0.15,0.1,NO_POSITIVE_BRAKE_BOUND
0.4,0.01025,inf,-0.15,0.1,NO_POSITIVE_BRAKE_BOUND
0.4,0.0105,inf,-0.15,0.1,NO_POSITIVE_BRAKE_BOUND
0.4,0.010750000000000001,inf,-0.15,0.1,NO_POSITIVE_BRAKE_BOUND
0.4,0.011,inf,-0.15,0.1,NO_POSITIVE_BRAKE_BOUND
0.4,0.01125,inf,-0.15,0.1,NO_POSITIVE_BRAKE_BOUND
0.4,0.0115,inf,-0.15,0.1,NO_POSITIVE_BRAKE_BOUND
0.4,0.01175,inf,-0.15,0.1,NO_POSITIVE_BRAKE_BOUND
0.4,0.012,inf,-0.15,0.1,NO_POSITIVE_BRAKE_BOUND
0.4,0.01225,inf,-0.15,0.1,NO_POSITIVE_BRAKE_BOUND
0.4,0.0125,inf,-0.15,0.1,NO_POSITIVE_BRAKE_BOUND
0.4,0.012750000000000001,inf,-0.15,0.1,NO_POSITIVE_BRAKE_BOUND
0.4,0.013000000000000001,inf,-0.15,0.1,NO_POSITIVE_BRAKE_BOUND
0.4,0.01325,inf,-0.15,0.1,NO_POSITIVE_BRAKE_BOUND
0.4,0.0135,inf,-0.15,0.1,NO_POSITIVE_BRAKE_BOUND
0.4,0.01375,inf,-0.15,0.1,NO_POSITIVE_BRAKE_BOUND
0.4,0.014,inf,-0.15,0.1,NO_POSITIVE_BRAKE_BOUND
0.41250000000000003,0.0,2.191386504826345,3.24267191122646,4.098506181088328,PASS_OPERATIONAL
0.41250000000000003,0.00025,2.1985367312172874,3.230894386937427,4.08712441824952,PASS_OPERATIONAL
0.41250000000000003,0.0005,2.209891393844036,3.213088718845371,4.070594900742402,PASS_OPERATIONAL
0.41250000000000003,0.00075,2.225700608450796,3.189158475248667,4.048852985083335,PASS_OPERATIONAL
0.41250000000000003,0.001,2.2463225646674547,3.1589707813193217,4.021811982056453,PASS_OPERATIONAL
0.41250000000000003,0.00125,2.272244502148051,3.1223524653106978,3.989361366625833,PASS_OPERATIONAL
0.41250000000000003,0.0015,2.3041130531519554,3.07908476191397,3.9513644011702613,PASS_OPERATIONAL
0.41250000000000003,0.00175,2.342777665720739,3.028896169871706,3.907655046587278,PASS_OPERATIONAL
0.41250000000000003,0.002,2.389352930900889,2.971452872433765,3.8580339873132554,PASS_OPERATIONAL
0.41250000000000003,0.0022500000000000003,2.445309087773217,2.906345845552332,3.8022635290591573,PASS_OPERATIONAL
0.41250000000000003,0.0025,2.5126058245349414,2.8330733375539063,3.74006103248305,PASS_OPERATIONAL
0.41250000000000003,0.00275,2.5938947619786967,2.7510166948201116,3.671090406948775,PASS_OPERATIONAL
0.41250000000000003,0.003,2.6928347875111864,2.659406326401541,3.5949509813159852,PASS_OPERATIONAL
0.41250000000000003,0.0032500000000000003,2.8146003776626123,2.5572725512635412,3.511162752171401,PASS_EXTENDED
0.41250000000000003,0.0035,2.966735724394804,2.443372349591358,3.4191465129761243,PASS_EXTENDED
0.41250000000000003,0.00375,3.1606639805122936,2.3160758985126564,3.3181965633257344,PASS_EXTENDED
0.41250000000000003,0.004,3.4145250352275003,2.1731821382803806,3.207442350004512,PASS_EXTENDED
0.41250000000000003,0.00425,3.7589480080657083,2.011600072822214,3.0857930420244406,PASS_EXTENDED
0.41250000000000003,0.0045000000000000005,4.250070601122993,1.8267521895333774,2.9518547497727794,OUTSIDE_EXTENDED_RANGE
0.41250000000000003,0.00475,5.003404696745459,1.6113285552743992,2.8038018105256097,OUTSIDE_EXTENDED_RANGE
0.41250000000000003,0.005,6.3028733129310535,1.3522323579343518,2.6391664459427564,OUTSIDE_EXTENDED_RANGE
0.41250000000000003,0.00525,9.108232962528099,1.0208204608841616,2.45447266762678,OUTSIDE_EXTENDED_RANGE
0.41250000000000003,0.0055,21.105730299414816,0.5168086403346938,2.244544272753903,OUTSIDE_EXTENDED_RANGE
0.41250000000000003,0.00575,inf,-0.15,2.0010397223102854,NO_POSITIVE_BRAKE_BOUND
0.41250000000000003,0.006,inf,-0.15,1.7087843878536257,NO_POSITIVE_BRAKE_BOUND
0.41250000000000003,0.00625,inf,-0.15,1.333602723814099,NO_POSITIVE_BRAKE_BOUND
0.41250000000000003,0.006500000000000001,inf,-0.15,0.7439855950264449,NO_POSITIVE_BRAKE_BOUND
0.41250000000000003,0.00675,inf,-0.15,0.1,NO_POSITIVE_BRAKE_BOUND
0.41250000000000003,0.007,inf,-0.15,0.1,NO_POSITIVE_BRAKE_BOUND
0.41250000000000003,0.00725,inf,-0.15,0.1,NO_POSITIVE_BRAKE_BOUND
0.41250000000000003,0.0075,inf,-0.15,0.1,NO_POSITIVE_BRAKE_BOUND
0.41250000000000003,0.00775,inf,-0.15,0.1,NO_POSITIVE_BRAKE_BOUND
0.41250000000000003,0.008,inf,-0.15,0.1,NO_POSITIVE_BRAKE_BOUND
0.41250000000000003,0.00825,inf,-0.15,0.1,NO_POSITIVE_BRAKE_BOUND
0.41250000000000003,0.0085,inf,-0.15,0.1,NO_POSITIVE_BRAKE_BOUND
0.41250000000000003,0.00875,inf,-0.15,0.1,NO_POSITIVE_BRAKE_BOUND
0.41250000000000003,0.009000000000000001,inf,-0.15,0.1,NO_POSITIVE_BRAKE_BOUND
0.41250000000000003,0.00925,inf,-0.15,0.1,NO_POSITIVE_BRAKE_BOUND
0.41250000000000003,0.0095,inf,-0.15,0.1,NO_POSITIVE_BRAKE_BOUND
0.41250000000000003,0.00975,inf,-0.15,0.1,NO_POSITIVE_BRAKE_BOUND
0.41250000000000003,0.01,inf,-0.15,0.1,NO_POSITIVE_BRAKE_BOUND
0.41250000000000003,0.01025,inf,-0.15,0.1,NO_POSITIVE_BRAKE_BOUND
0.41250000000000003,0.0105,inf,-0.15,0.1,NO_POSITIVE_BRAKE_BOUND
0.41250000000000003,0.010750000000000001,inf,-0.15,0.1,NO_POSITIVE_BRAKE_BOUND
0.41250000000000003,0.011,inf,-0.15,0.1,NO_POSITIVE_BRAKE_BOUND
0.41250000000000003,0.01125,inf,-0.15,0.1,NO_POSITIVE_BRAKE_BOUND
0.41250000000000003,0.0115,inf,-0.15,0.1,NO_POSITIVE_BRAKE_BOUND
0.41250000000000003,0.01175,inf,-0.15,0.1,NO_POSITIVE_BRAKE_BOUND
0.41250000000000003,0.012,inf,-0.15,0.1,NO_POSITIVE_BRAKE_BOUND
0.41250000000000003,0.01225,inf,-0.15,0.1,NO_POSITIVE_BRAKE_BOUND
0.41250000000000003,0.0125,inf,-0.15,0.1,NO_POSITIVE_BRAKE_BOUND
0.41250000000000003,0.012750000000000001,inf,-0.15,0.1,NO_POSITIVE_BRAKE_BOUND
0.41250000000000003,0.013000000000000001,inf,-0.15,0.1,NO_POSITIVE_BRAKE_BOUND
0.41250000000000003,0.01325,inf,-0.15,0.1,NO_POSITIVE_BRAKE_BOUND
0.41250000000000003,0.0135,inf,-0.15,0.1,NO_POSITIVE_BRAKE_BOUND
0.41250000000000003,0.01375,inf,-0.15,0.1,NO_POSITIVE_BRAKE_BOUND
0.41250000000000003,0.014,inf,-0.15,0.1,NO_POSITIVE_BRAKE_BOUND
0.42500000000000004,0.0,2.1456271403117104,3.3458682339155756,4.220130418543357,PASS_OPERATIONAL
0.42500000000000004,0.00025,2.1521191448480113,3.334439534171888,4.20908555669096,PASS_OPERATIONAL
0.42500000000000004,0.0005,2.162418623153284,3.3171656641268243,4.193048601153699,PASS_OPERATIONAL
0.42500000000000004,0.00075,2.176738605298497,3.29395867200813,4.1719605699719455,PASS_OPERATIONAL
0.42500000000000004,0.001,2.195383126272837,3.2646975917788095,4.145742479225074,PASS_OPERATIONAL
0.42500000000000004,0.00125,2.218763873314801,3.229225158065086,4.1142938140856415,PASS_OPERATIONAL
0.42500000000000004,0.0015,2.2474240683272053,3.1873433163670777,4.0774905073684655,PASS_OPERATIONAL
0.42500000000000004,0.00175,2.2820722996140947,3.1388072109048903,4.035182326069054,PASS_OPERATIONAL
0.42500000000000004,0.002,2.3236304945558857,3.083317189281003,3.987189529133646,PASS_OPERATIONAL
0.42500000000000004,0.0022500000000000003,2.3733025908286267,3.020508151590215,3.9332986087971618,PASS_OPERATIONAL
0.42500000000000004,0.0025,2.4326743791623424,2.9499352491463435,3.8732568565903724,PASS_OPERATIONAL
0.42500000000000004,0.00275,2.5038616921654904,2.8710544310389388,3.8067653931974514,PASS_OPERATIONAL
0.42500000000000004,0.003,2.5897360128381006,2.783195513173304,3.733470152265773,PASS_OPERATIONAL
0.42500000000000004,0.0032500000000000003,2.694278596318666,2.685524057118896,3.6529500851273236,PASS_OPERATIONAL
0.42500000000000004,0.0035,2.823156936816836,2.5769859103596415,3.5647015109827653,PASS_EXTENDED
0.42500000000000004,0.00375,2.984705136871151,2.45622377183925,3.468116997048389,PASS_EXTENDED
0.42500000000000004,0.004,3.191682269246346,2.32144639013271,3.3624562746811266,PASS_EXTENDED
0.42500000000000004,0.00425,3.464641428616649,2.1702126813074707,3.246805217265005,PASS_EXTENDED
0.42500000000000004,0.0045000000000000005,3.8389529546469885,1.9990512396171485,3.1200163078046868,PASS_EXTENDED
0.42500000000000004,0.00475,4.381181163799583,1.8027289344146065,2.9806192417961554,OUTSIDE_EXTENDED_RANGE
0.42500000000000004,0.005,5.23379163022353,1.572664816178703,2.826680990839643,OUTSIDE_EXTENDED_RANGE
0.42500000000000004,0.00525,6.770774620936712,1.2928071816081323,2.6555751853949157,OUTSIDE_EXTENDED_RANGE
0.42500000000000004,0.0055,10.445014432541038,0.924944544848712,2.4635763417766428,OUTSIDE_EXTENDED_RANGE
0.42500000000000004,0.00575,41.60554608596245,0.284757061472269,2.2450815861887996,OUTSIDE_EXTENDED_RANGE
0.42500000000000004,0.006,inf,-0.15,1.9909283942567089,NO_POSITIVE_BRAKE_BOUND
0.42500000000000004,0.00625,inf,-0.15,1.6840450327583032,NO_POSITIVE_BRAKE_BOUND
0.42500000000000004,0.006500000000000001,inf,-0.15,1.2841201088598464,NO_POSITIVE_BRAKE_BOUND
0.42500000000000004,0.00675,inf,-0.15,0.6044159904347358,NO_POSITIVE_BRAKE_BOUND
0.42500000000000004,0.007,inf,-0.15,0.1,NO_POSITIVE_BRAKE_BOUND
0.42500000000000004,0.00725,inf,-0.15,0.1,NO_POSITIVE_BRAKE_BOUND
0.42500000000000004,0.0075,inf,-0.15,0.1,NO_POSITIVE_BRAKE_BOUND
0.42500000000000004,0.00775,inf,-0.15,0.1,NO_POSITIVE_BRAKE_BOUND
0.42500000000000004,0.008,inf,-0.15,0.1,NO_POSITIVE_BRAKE_BOUND
0.42500000000000004,0.00825,inf,-0.15,0.1,NO_POSITIVE_BRAKE_BOUND
0.42500000000000004,0.0085,inf,-0.15,0.1,NO_POSITIVE_BRAKE_BOUND
0.42500000000000004,0.00875,inf,-0.15,0.1,NO_POSITIVE_BRAKE_BOUND
0.42500000000000004,0.009000000000000001,inf,-0.15,0.1,NO_POSITIVE_BRAKE_BOUND
0.42500000000000004,0.00925,inf,-0.15,0.1,NO_POSITIVE_BRAKE_BOUND
0.42500000000000004,0.0095,inf,-0.15,0.1,NO_POSITIVE_BRAKE_BOUND
0.42500000000000004,0.00975,inf,-0.15,0.1,NO_POSITIVE_BRAKE_BOUND
0.42500000000000004,0.01,inf,-0.15,0.1,NO_POSITIVE_BRAKE_BOUND
0.42500000000000004,0.01025,inf,-0.15,0.1,NO_POSITIVE_BRAKE_BOUND
0.42500000000000004,0.0105,inf,-0.15,0.1,NO_POSITIVE_BRAKE_BOUND
0.42500000000000004,0.010750000000000001,inf,-0.15,0.1,NO_POSITIVE_BRAKE_BOUND
0.42500000000000004,0.011,inf,-0.15,0.1,NO_POSITIVE_BRAKE_BOUND
0.42500000000000004,0.01125,inf,-0.15,0.1,NO_POSITIVE_BRAKE_BOUND
0.42500000000000004,0.0115,inf,-0.15,0.1,NO_POSITIVE_BRAKE_BOUND
0.42500000000000004,0.01175,inf,-0.15,0.1,NO_POSITIVE_BRAKE_BOUND
0.42500000000000004,0.012,inf,-0.15,0.1,NO_POSITIVE_BRAKE_BOUND
0.42500000000000004,0.01225,inf,-0.15,0.1,NO_POSITIVE_BRAKE_BOUND
0.42500000000000004,0.0125,inf,-0.15,0.1,NO_POSITIVE_BRAKE_BOUND
0.42500000000000004,0.012750000000000001,inf,-0.15,0.1,NO_POSITIVE_BRAKE_BOUND
0.42500000000000004,0.013000000000000001,inf,-0.15,0.1,NO_POSITIVE_BRAKE_BOUND
0.42500000000000004,0.01325,inf,-0.15,0.1,NO_POSITIVE_BRAKE_BOUND
0.42500000000000004,0.0135,inf,-0.15,0.1,NO_POSITIVE_BRAKE_BOUND
0.42500000000000004,0.01375,inf,-0.15,0.1,NO_POSITIVE_BRAKE_BOUND
0.42500000000000004,0.014,inf,-0.15,0.1,NO_POSITIVE_BRAKE_BOUND
0.4375,0.0,2.1029075504997365,3.449053595130948,4.341741737118617,PASS_OPERATIONAL
0.4375,0.00025,2.1088202253081056,3.4379535865204556,4.33101434774382,PASS_OPERATIONAL
0.4375,0.0005,2.1181920229088793,3.421180451086867,4.315441275835076,PASS_OPERATIONAL
0.4375,0.00075,2.131205312184958,3.3986537456090304,4.294968555545329,PASS_OPERATIONAL
0.4375,0.001,2.148119555912914,3.370263017875937,4.269524014418679,PASS_OPERATIONAL
0.4375,0.00125,2.169284625698184,3.335864991738062,4.239015960879357,PASS_OPERATIONAL
0.4375,0.0015,2.195159759884963,3.2952797394442443,4.203331455636269,PASS_OPERATIONAL
0.4375,0.00175,2.226340170779892,3.2482855886792388,4.162334087444564,PASS_OPERATIONAL
0.4375,0.002,2.2635943568978427,3.1946124017926203,4.115861144762611,PASS_OPERATIONAL
0.4375,0.0022500000000000003,2.3079168238528536,3.1339327050085846,4.0637200358771635,PASS_OPERATIONAL
0.4375,0.0025,2.3606035867563597,3.0658499064205404,4.0056837563241166,PASS_OPERATIONAL
0.4375,0.00275,2.4233622879996046,2.9898824734414826,3.941485126720402,PASS_OPERATIONAL
0.4375,0.003,2.49847647488973,2.905442355899551,3.8708094152335604,PASS_OPERATIONAL
0.4375,0.0032500000000000003,2.5890574178864822,2.8118049818016377,3.793284798930901,PASS_OPERATIONAL
0.4375,0.0035,2.6994427629474353,2.708066518999339,3.708469877775629,PASS_OPERATIONAL
0.4375,0.00375,2.8358523102317696,2.5930811910377356,3.615837084452871,PASS_EXTENDED
0.4375,0.004,3.0075176395514998,2.4653660032632145,3.514750246037631,PASS_EXTENDED
0.4375,0.00425,3.228740636066962,2.322949445141368,3.404433593524624,PASS_EXTENDED
0.4375,0.0045000000000000005,3.5229181180074933,2.1631176585346887,3.283927888318776,PASS_EXTENDED
0.4375,0.00475,3.931157338633594,1.9819574017848014,3.1520264603725283,PASS_EXTENDED
0.4375,0.005,4.5331148804094035,1.7734516215972267,3.0071786192826306,OUTSIDE_EXTENDED_RANGE
0.4375,0.00525,5.507065057622616,1.5274339435652897,2.847337406802096,OUTSIDE_EXTENDED_RANGE
0.4375,0.0055,7.359072354752911,1.22389877582921,2.669706485576527,OUTSIDE_EXTENDED_RANGE
0.4375,0.00575,12.456884897720832,0.8097425562227605,2.4702897101439025,OUTSIDE_EXTENDED_RANGE
0.4375,0.006,inf,-0.15,2.243013880219646,NO_POSITIVE_BRAKE_BOUND
0.4375,0.00625,inf,-0.15,1.9777904474179386,NO_POSITIVE_BRAKE_BOUND
0.4375,0.006500000000000001,inf,-0.15,1.6553259243046332,NO_POSITIVE_BRAKE_BOUND
0.4375,0.00675,inf,-0.15,1.2275343852912262,NO_POSITIVE_BRAKE_BOUND
0.4375,0.007,inf,-0.15,0.3880662111634473,NO_POSITIVE_BRAKE_BOUND
0.4375,0.00725,inf,-0.15,0.1,NO_POSITIVE_BRAKE_BOUND
0.4375,0.0075,inf,-0.15,0.1,NO_POSITIVE_BRAKE_BOUND
0.4375,0.00775,inf,-0.15,0.1,NO_POSITIVE_BRAKE_BOUND
0.4375,0.008,inf,-0.15,0.1,NO_POSITIVE_BRAKE_BOUND
0.4375,0.00825,inf,-0.15,0.1,NO_POSITIVE_BRAKE_BOUND
0.4375,0.0085,inf,-0.15,0.1,NO_POSITIVE_BRAKE_BOUND
0.4375,0.00875,inf,-0.15,0.1,NO_POSITIVE_BRAKE_BOUND
0.4375,0.009000000000000001,inf,-0.15,0.1,NO_POSITIVE_BRAKE_BOUND
0.4375,0.00925,inf,-0.15,0.1,NO_POSITIVE_BRAKE_BOUND
0.4375,0.0095,inf,-0.15,0.1,NO_POSITIVE_BRAKE_BOUND
0.4375,0.00975,inf,-0.15,0.1,NO_POSITIVE_BRAKE_BOUND
0.4375,0.01,inf,-0.15,0.1,NO_POSITIVE_BRAKE_BOUND
0.4375,0.01025,inf,-0.15,0.1,NO_POSITIVE_BRAKE_BOUND
0.4375,0.0105,inf,-0.15,0.1,NO_POSITIVE_BRAKE_BOUND
0.4375,0.010750000000000001,inf,-0.15,0.1,NO_POSITIVE_BRAKE_BOUND
0.4375,0.011,inf,-0.15,0.1,NO_POSITIVE_BRAKE_BOUND
0.4375,0.01125,inf,-0.15,0.1,NO_POSITIVE_BRAKE_BOUND
0.4375,0.0115,inf,-0.15,0.1,NO_POSITIVE_BRAKE_BOUND
0.4375,0.01175,inf,-0.15,0.1,NO_POSITIVE_BRAKE_BOUND
0.4375,0.012,inf,-0.15,0.1,NO_POSITIVE_BRAKE_BOUND
0.4375,0.01225,inf,-0.15,0.1,NO_POSITIVE_BRAKE_BOUND
0.4375,0.0125,inf,-0.15,0.1,NO_POSITIVE_BRAKE_BOUND
0.4375,0.012750000000000001,inf,-0.15,0.1,NO_POSITIVE_BRAKE_BOUND
0.4375,0.013000000000000001,inf,-0.15,0.1,NO_POSITIVE_BRAKE_BOUND
0.4375,0.01325,inf,-0.15,0.1,NO_POSITIVE_BRAKE_BOUND
0.4375,0.0135,inf,-0.15,0.1,NO_POSITIVE_BRAKE_BOUND
0.4375,0.01375,inf,-0.15,0.1,NO_POSITIVE_BRAKE_BOUND
0.4375,0.014,inf,-0.15,0.1,NO_POSITIVE_BRAKE_BOUND
0.45,0.0,2.062938431537951,3.552228911399186,4.463341217006183,PASS_OPERATIONAL
0.45,0.00025,2.0683392118716313,3.5414391598399675,4.4529135096421335,PASS_OPERATIONAL
0.45,0.0005,2.0768921344617253,3.525138357395542,4.437778090408153,PASS_OPERATIONAL
0.45,0.00075,2.0887540666372106,3.5032527339345143,4.417885453972233,PASS_OPERATIONAL
0.45,0.001,2.104147551712791,3.4756811562518846,4.393169472362464,PASS_OPERATIONAL
0.45,0.00125,2.123371536076644,3.4422927041654052,4.363546262916001,PASS_OPERATIONAL
0.45,0.0015,2.146816537140226,3.4029233899424294,4.328912702625227,PASS_OPERATIONAL
0.45,0.00175,2.1749857510266883,3.3573718186129056,4.2891445247956055,PASS_OPERATIONAL
0.45,0.002,2.208524353949223,3.30539350146984,4.2440939112941205,PASS_OPERATIONAL
0.45,0.0022500000000000003,2.248260415591617,3.2466934131298926,4.193586463533536,PASS_OPERATIONAL
0.45,0.0025,2.295262691843936,3.1809162031489175,4.1374173943283346,PASS_OPERATIONAL
0.45,0.00275,2.3509235876771957,3.107633202004179,4.0753467258121026,PASS_OPERATIONAL
0.45,0.003,2.4170806803189326,3.0263249396118153,4.0070931979702,PASS_OPERATIONAL
0.45,0.0032500000000000003,2.4961990925832356,2.936357218793703,3.932326475866194,PASS_OPERATIONAL
0.45,0.0035,2.591653149459932,2.836947665895739,3.850657071824216,PASS_OPERATIONAL
0.45,0.00375,2.7081763613954135,2.7271177508749975,3.7616231395413977,PASS_OPERATIONAL
0.45,0.004,2.852609904985791,2.605621792409111,3.664672895852437,PASS_EXTENDED
0.45,0.00425,3.0352095811106756,2.470837860303457,3.559140787193404,PASS_EXTENDED
0.45,0.0045000000000000005,3.272068198229129,2.3205921221440016,3.444214468245869,PASS_EXTENDED
0.45,0.00475,3.5899554510697462,2.1518589215675235,3.318887871055002,PASS_EXTENDED
0.45,0.005,4.03698180791955,1.9602081111587077,3.1818924601655074,OUTSIDE_EXTENDED_RANGE
0.45,0.00525,4.709457433714421,1.738675929533704,3.031592815932152,OUTSIDE_EXTENDED_RANGE
0.45,0.0055,5.834247417794193,1.4750876831728197,2.8658208607256195,OUTSIDE_EXTENDED_RANGE
0.45,0.00575,8.119446040573411,1.143993008481885,2.6815977458978777,OUTSIDE_EXTENDED_RANGE
0.45,0.006,15.898234980524418,0.6670805044792106,2.474633045846242,OUTSIDE_EXTENDED_RANGE
0.45,0.00625,inf,-0.15,2.2383335979273675,NO_POSITIVE_BRAKE_BOUND
0.45,0.006500000000000001,inf,-0.15,1.9615618019354075,NO_POSITIVE_BRAKE_BOUND
0.45,0.00675,inf,-0.15,1.6224018528709832,NO_POSITIVE_BRAKE_BOUND
0.45,0.007,inf,-0.15,1.1627115100651744,NO_POSITIVE_BRAKE_BOUND
0.45,0.00725,inf,-0.15,0.1,NO_POSITIVE_BRAKE_BOUND
0.45,0.0075,inf,-0.15,0.1,NO_POSITIVE_BRAKE_BOUND
0.45,0.00775,inf,-0.15,0.1,NO_POSITIVE_BRAKE_BOUND
0.45,0.008,inf,-0.15,0.1,NO_POSITIVE_BRAKE_BOUND
0.45,0.00825,inf,-0.15,0.1,NO_POSITIVE_BRAKE_BOUND
0.45,0.0085,inf,-0.15,0.1,NO_POSITIVE_BRAKE_BOUND
0.45,0.00875,inf,-0.15,0.1,NO_POSITIVE_BRAKE_BOUND
0.45,0.009000000000000001,inf,-0.15,0.1,NO_POSITIVE_BRAKE_BOUND
0.45,0.00925,inf,-0.15,0.1,NO_POSITIVE_BRAKE_BOUND
0.45,0.0095,inf,-0.15,0.1,NO_POSITIVE_BRAKE_BOUND
0.45,0.00975,inf,-0.15,0.1,NO_POSITIVE_BRAKE_BOUND
0.45,0.01,inf,-0.15,0.1,NO_POSITIVE_BRAKE_BOUND
0.45,0.01025,inf,-0.15,0.1,NO_POSITIVE_BRAKE_BOUND
0.45,0.0105,inf,-0.15,0.1,NO_POSITIVE_BRAKE_BOUND
0.45,0.010750000000000001,inf,-0.15,0.1,NO_POSITIVE_BRAKE_BOUND
0.45,0.011,inf,-0.15,0.1,NO_POSITIVE_BRAKE_BOUND
0.45,0.01125,inf,-0.15,0.1,NO_POSITIVE_BRAKE_BOUND
0.45,0.0115,inf,-0.15,0.1,NO_POSITIVE_BRAKE_BOUND
0.45,0.01175,inf,-0.15,0.1,NO_POSITIVE_BRAKE_BOUND
0.45,0.012,inf,-0.15,0.1,NO_POSITIVE_BRAKE_BOUND
0.45,0.01225,inf,-0.15,0.1,NO_POSITIVE_BRAKE_BOUND
0.45,0.0125,inf,-0.15,0.1,NO_POSITIVE_BRAKE_BOUND
0.45,0.012750000000000001,inf,-0.15,0.1,NO_POSITIVE_BRAKE_BOUND
0.45,0.013000000000000001,inf,-0.15,0.1,NO_POSITIVE_BRAKE_BOUND
0.45,0.01325,inf,-0.15,0.1,NO_POSITIVE_BRAKE_BOUND
0.45,0.0135,inf,-0.15,0.1,NO_POSITIVE_BRAKE_BOUND
0.45,0.01375,inf,-0.15,0.1,NO_POSITIVE_BRAKE_BOUND
0.45,0.014,inf,-0.15,0.1,NO_POSITIVE_BRAKE_BOUND
0.4625,0.0,2.02546571842853,3.6553949997634945,4.584929821149832,PASS_OPERATIONAL
0.4625,0.00025,2.030412520308114,3.644898583970987,4.574785463800367,PASS_OPERATIONAL
0.4625,0.0005,2.0382398732978175,3.6290440772535324,4.560063641500989,PASS_OPERATIONAL
0.4625,0.00075,2.0490833153414636,3.607763660719631,4.540718829000443,PASS_OPERATIONAL
0.4625,0.001,2.063134626685291,3.5809644917400383,4.516690281538775,PASS_OPERATIONAL
0.4625,0.00125,2.0806505308650047,3.54852660720793,4.487901054107654,PASS_OPERATIONAL
0.4625,0.0015,2.101964919815268,3.510300097891565,4.454256718550144,PASS_OPERATIONAL
0.4625,0.00175,2.127505733960551,3.4661013904238085,4.415643726518567,PASS_OPERATIONAL
0.4625,0.002,2.1578181780277466,3.415708406730001,4.371927348427062,PASS_OPERATIONAL
0.4625,0.0022500000000000003,2.193596786997295,3.3588542766300513,4.322949095009205,PASS_OPERATIONAL
0.4625,0.0025,2.235730156459365,3.295219143135165,4.26852349647199,PASS_OPERATIONAL
0.4625,0.00275,2.2853642347214858,3.2244193975593793,4.208434070913036,PASS_OPERATIONAL
0.4625,0.003,2.343993509544414,3.1459933728430043,4.142428253196223,PASS_OPERATIONAL
0.4625,0.0032500000000000003,2.4135952687716062,3.0593820392444715,4.070210969487524,PASS_OPERATIONAL
0.4625,0.0035,2.4968324180399386,2.963902463248488,3.991436417961762,PASS_OPERATIONAL
0.4625,0.00375,2.5973692382644207,2.85871047863117,3.9056974315674475,PASS_OPERATIONAL
0.4625,0.004,2.7203807679354317,2.742746731849334,3.8125115190446297,PASS_OPERATIONAL
0.4625,0.00425,2.8734101044820837,2.6146560874410767,3.7113022457610865,PASS_EXTENDED
0.4625,0.0045000000000000005,3.067887138408577,2.4726623163924484,3.601373920940045,PASS_EXTENDED
0.4625,0.00475,3.3219948457814246,2.3143633430614496,3.4818764097818637,PASS_EXTENDED
0.4625,0.005,3.66653150658918,2.1363749614236514,3.3517549201375965,PASS_EXTENDED
0.4625,0.00525,4.15824009556559,1.9336575915022607,3.209676086514328,OUTSIDE_EXTENDED_RANGE
0.4625,0.0055,4.914926562153519,1.6980914938998566,3.053915022176344,OUTSIDE_EXTENDED_RANGE
0.4625,0.00575,6.23105546460711,1.4149121693644666,2.8821746613466,OUTSIDE_EXTENDED_RANGE
0.4625,0.006,9.141052030244708,1.050896641108219,2.6912798048530124,OUTSIDE_EXTENDED_RANGE
0.4625,0.00625,23.580509085157118,0.4785301140160263,2.4766193428142977,OUTSIDE_EXTENDED_RANGE
0.4625,0.006500000000000001,inf,-0.15,2.2310235256887863,NO_POSITIVE_BRAKE_BOUND
0.4625,0.00675,inf,-0.15,1.9421607764359403,NO_POSITIVE_BRAKE_BOUND
0.4625,0.007,inf,-0.15,1.5849931576404879,NO_POSITIVE_BRAKE_BOUND
0.4625,0.00725,inf,-0.15,1.088031539496116,NO_POSITIVE_BRAKE_BOUND
0.4625,0.0075,inf,-0.15,0.1,NO_POSITIVE_BRAKE_BOUND
0.4625,0.00775,inf,-0.15,0.1,NO_POSITIVE_BRAKE_BOUND
0.4625,0.008,inf,-0.15,0.1,NO_POSITIVE_BRAKE_BOUND
0.4625,0.00825,inf,-0.15,0.1,NO_POSITIVE_BRAKE_BOUND
0.4625,0.0085,inf,-0.15,0.1,NO_POSITIVE_BRAKE_BOUND
0.4625,0.00875,inf,-0.15,0.1,NO_POSITIVE_BRAKE_BOUND
0.4625,0.009000000000000001,inf,-0.15,0.1,NO_POSITIVE_BRAKE_BOUND
0.4625,0.00925,inf,-0.15,0.1,NO_POSITIVE_BRAKE_BOUND
0.4625,0.0095,inf,-0.15,0.1,NO_POSITIVE_BRAKE_BOUND
0.4625,0.00975,inf,-0.15,0.1,NO_POSITIVE_BRAKE_BOUND
0.4625,0.01,inf,-0.15,0.1,NO_POSITIVE_BRAKE_BOUND
0.4625,0.01025,inf,-0.15,0.1,NO_POSITIVE_BRAKE_BOUND
0.4625,0.0105,inf,-0.15,0.1,NO_POSITIVE_BRAKE_BOUND
0.4625,0.010750000000000001,inf,-0.15,0.1,NO_POSITIVE_BRAKE_BOUND
0.4625,0.011,inf,-0.15,0.1,NO_POSITIVE_BRAKE_BOUND
0.4625,0.01125,inf,-0.15,0.1,NO_POSITIVE_BRAKE_BOUND
0.4625,0.0115,inf,-0.15,0.1,NO_POSITIVE_BRAKE_BOUND
0.4625,0.01175,inf,-0.15,0.1,NO_POSITIVE_BRAKE_BOUND
0.4625,0.012,inf,-0.15,0.1,NO_POSITIVE_BRAKE_BOUND
0.4625,0.01225,inf,-0.15,0.1,NO_POSITIVE_BRAKE_BOUND
0.4625,0.0125,inf,-0.15,0.1,NO_POSITIVE_BRAKE_BOUND
0.4625,0.012750000000000001,inf,-0.15,0.1,NO_POSITIVE_BRAKE_BOUND
0.4625,0.013000000000000001,inf,-0.15,0.1,NO_POSITIVE_BRAKE_BOUND
0.4625,0.01325,inf,-0.15,0.1,NO_POSITIVE_BRAKE_BOUND
0.4625,0.0135,inf,-0.15,0.1,NO_POSITIVE_BRAKE_BOUND
0.4625,0.01375,inf,-0.15,0.1,NO_POSITIVE_BRAKE_BOUND
0.4625,0.014,inf,-0.15,0.1,NO_POSITIVE_BRAKE_BOUND
0.47500000000000003,0.0,1.9902654163005604,3.7585525909343995,4.706508410744114,PASS_OPERATIONAL
0.47500000000000003,0.00025,1.9948082027087335,3.748333940864996,4.696632374321037,PASS_OPERATIONAL
0.47500000000000003,0.0005,2.0019903683145013,3.732901800161833,4.682302033242271,PASS_OPERATIONAL
0.47500000000000003,0.00075,2.011929517030201,3.712193674804515,4.663475425139951,PASS_OPERATIONAL
0.47500000000000003,0.001,2.024791652552798,3.686124123448042,4.640096615784322,PASS_OPERATIONAL
0.47500000000000003,0.00125,2.040798280914866,3.6545829358945516,4.612094845884365,PASS_OPERATIONAL
0.47500000000000003,0.0015,2.0602363315219057,3.617432687985282,4.579383418357515,PASS_OPERATIONAL
0.47500000000000003,0.00175,2.0834717577518345,3.5745055400280994,4.541858283630428,PASS_OPERATIONAL
0.47500000000000003,0.002,2.11096808314251,3.525599093168351,4.499396266291121,PASS_OPERATIONAL
0.47500000000000003,0.0022500000000000003,2.1433117634798444,3.47047104483657,4.45185285788206,PASS_OPERATIONAL
0.47500000000000003,0.0025,2.18124716136353,3.408832279849671,4.399059476008242,PASS_OPERATIONAL
0.47500000000000003,0.00275,2.22572538685491,3.340337880850507,4.340820056623041,PASS_OPERATIONAL
0.47500000000000003,0.003,2.2779736118712623,3.2645753126413837,4.276906800475234,PASS_OPERATIONAL
0.47500000000000003,0.0032500000000000003,2.339595380753953,3.181048682577306,4.207054830393217,PASS_OPERATIONAL
0.47500000000000003,0.0035,2.4127191613751253,3.089157421691636,4.130955424295369,PASS_OPERATIONAL
0.47500000000000003,0.00375,2.500224347936149,2.98816682094818,4.048247355252234,PASS_OPERATIONAL
0.47500000000000003,0.004,2.606096131008979,2.8771663162931773,3.9585056714557587,PASS_OPERATIONAL
0.47500000000000003,0.00425,2.7360038801039313,2.7550086976978236,3.861226947135237,PASS_OPERATIONAL
0.47500000000000003,0.0045000000000000005,2.898286757599791,2.620218380868195,3.755809564495429,PASS_EXTENDED
0.47500000000000003,0.00475,3.1057267386146594,2.470846988761459,3.6415268301477344,PASS_EXTENDED
0.47500000000000003,0.005,3.3789602141172144,2.304233631115833,3.5174894730278625,PASS_EXTENDED
0.47500000000000003,0.00525,3.7536339341195606,2.1165791869025896,3.382591902849981,PASS_EXTENDED
0.47500000000000003,0.0055,4.297247008000431,1.9021194949856128,3.2354326967511615,OUTSIDE_EXTENDED_RANGE
0.47500000000000003,0.00575,5.1558179522376,1.6513057346547266,3.07419234143595,OUTSIDE_EXTENDED_RANGE
0.47500000000000003,0.006,6.720704858187929,1.3459628987712247,2.8964361721048197,OUTSIDE_EXTENDED_RANGE
0.47500000000000003,0.00625,10.593743884232882,0.9412389088096164,2.698777354498892,OUTSIDE_EXTENDED_RANGE
0.47500000000000003,0.006500000000000001,72.19302237134524,0.17155004975898266,2.476254511759264,OUTSIDE_EXTENDED_RANGE
0.47500000000000003,0.00675,inf,-0.15,2.2210564735188587,NO_POSITIVE_BRAKE_BOUND
0.47500000000000003,0.007,inf,-0.15,1.9194858932831163,NO_POSITIVE_BRAKE_BOUND
0.47500000000000003,0.00725,inf,-0.15,1.542751039041822,NO_POSITIVE_BRAKE_BOUND
0.47500000000000003,0.0075,inf,-0.15,1.0010468901540344,NO_POSITIVE_BRAKE_BOUND
0.47500000000000003,0.00775,inf,-0.15,0.1,NO_POSITIVE_BRAKE_BOUND
0.47500000000000003,0.008,inf,-0.15,0.1,NO_POSITIVE_BRAKE_BOUND
0.47500000000000003,0.00825,inf,-0.15,0.1,NO_POSITIVE_BRAKE_BOUND
0.47500000000000003,0.0085,inf,-0.15,0.1,NO_POSITIVE_BRAKE_BOUND
0.47500000000000003,0.00875,inf,-0.15,0.1,NO_POSITIVE_BRAKE_BOUND
0.47500000000000003,0.009000000000000001,inf,-0.15,0.1,NO_POSITIVE_BRAKE_BOUND
0.47500000000000003,0.00925,inf,-0.15,0.1,NO_POSITIVE_BRAKE_BOUND
0.47500000000000003,0.0095,inf,-0.15,0.1,NO_POSITIVE_BRAKE_BOUND
0.47500000000000003,0.00975,inf,-0.15,0.1,NO_POSITIVE_BRAKE_BOUND
0.47500000000000003,0.01,inf,-0.15,0.1,NO_POSITIVE_BRAKE_BOUND
0.47500000000000003,0.01025,inf,-0.15,0.1,NO_POSITIVE_BRAKE_BOUND
0.47500000000000003,0.0105,inf,-0.15,0.1,NO_POSITIVE_BRAKE_BOUND
0.47500000000000003,0.010750000000000001,inf,-0.15,0.1,NO_POSITIVE_BRAKE_BOUND
0.47500000000000003,0.011,inf,-0.15,0.1,NO_POSITIVE_BRAKE_BOUND
0.47500000000000003,0.01125,inf,-0.15,0.1,NO_POSITIVE_BRAKE_BOUND
0.47500000000000003,0.0115,inf,-0.15,0.1,NO_POSITIVE_BRAKE_BOUND
0.47500000000000003,0.01175,inf,-0.15,0.1,NO_POSITIVE_BRAKE_BOUND
0.47500000000000003,0.012,inf,-0.15,0.1,NO_POSITIVE_BRAKE_BOUND
0.47500000000000003,0.01225,inf,-0.15,0.1,NO_POSITIVE_BRAKE_BOUND
0.47500000000000003,0.0125,inf,-0.15,0.1,NO_POSITIVE_BRAKE_BOUND
0.47500000000000003,0.012750000000000001,inf,-0.15,0.1,NO_POSITIVE_BRAKE_BOUND
0.47500000000000003,0.013000000000000001,inf,-0.15,0.1,NO_POSITIVE_BRAKE_BOUND
0.47500000000000003,0.01325,inf,-0.15,0.1,NO_POSITIVE_BRAKE_BOUND
0.47500000000000003,0.0135,inf,-0.15,0.1,NO_POSITIVE_BRAKE_BOUND
0.47500000000000003,0.01375,inf,-0.15,0.1,NO_POSITIVE_BRAKE_BOUND
0.47500000000000003,0.014,inf,-0.15,0.1,NO_POSITIVE_BRAKE_BOUND
0.48750000000000004,0.0,1.9571393105150081,3.8617023404067514,4.828077758336528,PASS_OPERATIONAL
0.48750000000000004,0.00025,1.9613213652872747,3.85174709675974,4.818456181345395,PASS_OPERATIONAL
0.48750000000000004,0.0005,1.9679278930482584,3.8367152772207107,4.804496941701266,PASS_OPERATIONAL
0.48750000000000004,0.00075,1.9770613435375113,3.8165491669239406,4.786161276191481,PASS_OPERATIONAL
0.48750000000000004,0.001,1.9888660087665366,3.791169953506827,4.7633975630731475,PASS_OPERATIONAL
0.48750000000000004,0.00125,2.0035338554789512,3.760476138275876,4.736140576910559,PASS_OPERATIONAL
0.48750000000000004,0.0015,2.0213126282188476,3.724341411185262,4.70431051942379,PASS_OPERATIONAL
0.48750000000000004,0.00175,2.0425168843147037,3.682611880901196,4.667811791490163,PASS_OPERATIONAL
0.48750000000000004,0.002,2.06754292342801,3.635102509262464,4.626531460011802,PASS_OPERATIONAL
0.48750000000000004,0.0022500000000000003,2.096889017361175,3.5815925418546177,4.5803373586457266,PASS_OPERATIONAL
0.48750000000000004,0.0025,2.1311830142172443,3.5218196453563735,4.529075742056865,PASS_OPERATIONAL
0.48750000000000004,0.00275,2.1712204244130833,3.4554723455360192,4.472568387489963,PASS_OPERATIONAL
0.48750000000000004,0.003,2.218017734288595,3.382180187593069,4.410609002272946,PASS_OPERATIONAL
0.48750000000000004,0.0032500000000000003,2.2728883604837957,3.3015007804757923,4.342958747204193,PASS_OPERATIONAL
0.48750000000000004,0.0035,2.337553130932145,3.2129024836330013,4.269340617325067,PASS_OPERATIONAL
0.48750000000000004,0.00375,2.414304928848451,3.1157408513268483,4.189432323547679,PASS_OPERATIONAL
0.48750000000000004,0.004,2.5062610782175287,3.0092258891103376,4.102857175478107,PASS_OPERATIONAL
0.48750000000000004,0.00425,2.6177632317775377,2.8923753623813426,4.0091722523414814,PASS_OPERATIONAL
0.48750000000000004,0.0045000000000000005,2.755036222456688,2.763946154208242,3.9078528231112832,PASS_OPERATIONAL
0.48750000000000004,0.00475,2.927325680461574,2.622329571033178,3.79827146641192,PASS_EXTENDED
0.48750000000000004,0.005,3.148978147271465,2.465384298344128,3.679669516711923,PASS_EXTENDED
0.48750000000000004,0.00525,3.443527524444341,2.290154405447533,3.5511170874481457,PASS_EXTENDED
0.48750000000000004,0.0055,3.852504429358215,2.09235740541623,3.4114555329154843,PASS_EXTENDED
0.48750000000000004,0.00575,4.456972343842835,1.865359685422184,3.259211869197217,OUTSIDE_EXTENDED_RANGE
0.48750000000000004,0.006,5.440696275060744,1.5978207306314358,3.092466343215337,OUTSIDE_EXTENDED_RANGE
0.48750000000000004,0.00625,7.339081192406986,1.2669596564563872,2.908637265450377,OUTSIDE_EXTENDED_RANGE
0.48750000000000004,0.006500000000000001,12.85243971637935,0.8093574654032794,2.704109263313767,OUTSIDE_EXTENDED_RANGE
0.48750000000000004,0.00675,inf,-0.15,2.473537468521736,NO_POSITIVE_BRAKE_BOUND
0.48750000000000004,0.007,inf,-0.15,2.2083947605883893,NO_POSITIVE_BRAKE_BOUND
0.48750000000000004,0.00725,inf,-0.15,1.8934129784510232,NO_POSITIVE_BRAKE_BOUND
0.48750000000000004,0.0075,inf,-0.15,1.4952365566012702,NO_POSITIVE_BRAKE_BOUND
0.48750000000000004,0.00775,inf,-0.15,0.8977426146800523,NO_POSITIVE_BRAKE_BOUND
0.48750000000000004,0.008,inf,-0.15,0.1,NO_POSITIVE_BRAKE_BOUND
0.48750000000000004,0.00825,inf,-0.15,0.1,NO_POSITIVE_BRAKE_BOUND
0.48750000000000004,0.0085,inf,-0.15,0.1,NO_POSITIVE_BRAKE_BOUND
0.48750000000000004,0.00875,inf,-0.15,0.1,NO_POSITIVE_BRAKE_BOUND
0.48750000000000004,0.009000000000000001,inf,-0.15,0.1,NO_POSITIVE_BRAKE_BOUND
0.48750000000000004,0.00925,inf,-0.15,0.1,NO_POSITIVE_BRAKE_BOUND
0.48750000000000004,0.0095,inf,-0.15,0.1,NO_POSITIVE_BRAKE_BOUND
0.48750000000000004,0.00975,inf,-0.15,0.1,NO_POSITIVE_BRAKE_BOUND
0.48750000000000004,0.01,inf,-0.15,0.1,NO_POSITIVE_BRAKE_BOUND
0.48750000000000004,0.01025,inf,-0.15,0.1,NO_POSITIVE_BRAKE_BOUND
0.48750000000000004,0.0105,inf,-0.15,0.1,NO_POSITIVE_BRAKE_BOUND
0.48750000000000004,0.010750000000000001,inf,-0.15,0.1,NO_POSITIVE_BRAKE_BOUND
0.48750000000000004,0.011,inf,-0.15,0.1,NO_POSITIVE_BRAKE_BOUND
0.48750000000000004,0.01125,inf,-0.15,0.1,NO_POSITIVE_BRAKE_BOUND
0.48750000000000004,0.0115,inf,-0.15,0.1,NO_POSITIVE_BRAKE_BOUND
0.48750000000000004,0.01175,inf,-0.15,0.1,NO_POSITIVE_BRAKE_BOUND
0.48750000000000004,0.012,inf,-0.15,0.1,NO_POSITIVE_BRAKE_BOUND
0.48750000000000004,0.01225,inf,-0.15,0.1,NO_POSITIVE_BRAKE_BOUND
0.48750000000000004,0.0125,inf,-0.15,0.1,NO_POSITIVE_BRAKE_BOUND
0.48750000000000004,0.012750000000000001,inf,-0.15,0.1,NO_POSITIVE_BRAKE_BOUND
0.48750000000000004,0.013000000000000001,inf,-0.15,0.1,NO_POSITIVE_BRAKE_BOUND
0.48750000000000004,0.01325,inf,-0.15,0.1,NO_POSITIVE_BRAKE_BOUND
0.48750000000000004,0.0135,inf,-0.15,0.1,NO_POSITIVE_BRAKE_BOUND
0.48750000000000004,0.01375,inf,-0.15,0.1,NO_POSITIVE_BRAKE_BOUND
0.48750000000000004,0.014,inf,-0.15,0.1,NO_POSITIVE_BRAKE_BOUND
0.5,0.0,1.9259113868303375,3.9648448379009387,4.949638558954677,PASS_OPERATIONAL
0.5,0.00025,1.929770356918354,3.955139729461106,4.940258629339965,PASS_OPERATIONAL
0.5,0.0005,1.935861669915669,3.9404878772097587,4.926651669439177,PASS_OPERATIONAL
0.5,0.00075,1.94427491027364,3.920835868172531,4.908781796889936,PASS_OPERATIONAL
0.5,0.001,1.955135991845592,3.8961108455404427,4.886601267590606,PASS_OPERATIONAL
0.5,0.00125,1.968611974350747,3.8662191175283254,4.860049822480852,PASS_OPERATIONAL
0.5,0.0015,1.9849177215871143,3.831044302993877,4.829053840135466,PASS_OPERATIONAL
0.5,0.00175,2.0043249133791012,3.7904449243200955,4.793525266374944,PASS_OPERATIONAL
0.5,0.002,2.0271741496830655,3.744251324401136,4.753360282860117,PASS_OPERATIONAL
0.5,0.0022500000000000003,2.053891213577632,3.6922617389240937,4.708437664859969,PASS_OPERATIONAL
0.5,0.0025,2.08500904784816,3.634237291714144,4.658616763065305,PASS_OPERATIONAL
0.5,0.00275,2.121197742321577,3.5698955907928385,4.603735024055034,PASS_OPERATIONAL
0.5,0.003,2.1633059855896333,3.4989024719222077,4.543604936771495,PASS_OPERATIONAL
0.5,0.0032500000000000003,2.212419281517563,3.42086124199751,4.478010255138743,PASS_OPERATIONAL
0.5,0.0035,2.269943260971176,3.335298478810674,4.406701295295507,PASS_OPERATIONAL
0.5,0.00375,2.337725542630662,3.2416449814212576,4.329389033004649,PASS_OPERATIONAL
0.5,0.004,2.418238558996528,3.139209721255244,4.245737622052316,PASS_OPERATIONAL
0.5,0.00425,2.5148620603725513,3.027143405262029,4.155354801013099,PASS_OPERATIONAL
0.5,0.0045000000000000005,2.6323350001860204,2.9043861186169635,4.05777942615553,PASS_OPERATIONAL
0.5,0.00475,2.7775086127001156,2.7695896325339975,3.9524650164407724,PASS_OPERATIONAL
0.5,0.005,2.960664985429467,2.620997546011184,3.8387576429209744,PASS_EXTENDED
0.5,0.00525,3.197970330652079,2.4562513106759294,3.715865596907607,PASS_EXTENDED
0.5,0.0055,3.5164032705620616,2.2720567923977346,3.5828167637847392,PASS_EXTENDED
0.5,0.00575,3.9647002524747514,2.0635643278658065,3.4383969952808195,PASS_EXTENDED
0.5,0.006,4.6412634693512755,1.8230863332353204,3.281057949629337,OUTSIDE_EXTENDED_RANGE
0.5,0.00625,5.781504435001322,1.5369994190870362,3.1087735296130217,OUTSIDE_EXTENDED_RANGE
0.5,0.006500000000000001,8.145043461294984,1.1761067522639344,2.9188046968351675,OUTSIDE_EXTENDED_RANGE
0.5,0.00675,16.973437837885996,0.6442580900437869,2.70728881754592,OUTSIDE_EXTENDED_RANGE
0.5,0.007,inf,-0.15,2.4684601179036143,NO_POSITIVE_BRAKE_BOUND
0.5,0.00725,inf,-0.15,2.1929894827494953,NO_POSITIVE_BRAKE_BOUND
0.5,0.0075,inf,-0.15,1.8637913460781013,NO_POSITIVE_BRAKE_BOUND
0.5,0.00775,inf,-0.15,1.4418897655545322,NO_POSITIVE_BRAKE_BOUND
0.5,0.008,inf,-0.15,0.7706188679868732,NO_POSITIVE_BRAKE_BOUND
0.5,0.00825,inf,-0.15,0.1,NO_POSITIVE_BRAKE_BOUND
0.5,0.0085,inf,-0.15,0.1,NO_POSITIVE_BRAKE_BOUND
0.5,0.00875,inf,-0.15,0.1,NO_POSITIVE_BRAKE_BOUND
0.5,0.009000000000000001,inf,-0.15,0.1,NO_POSITIVE_BRAKE_BOUND
0.5,0.00925,inf,-0.15,0.1,NO_POSITIVE_BRAKE_BOUND
0.5,0.0095,inf,-0.15,0.1,NO_POSITIVE_BRAKE_BOUND
0.5,0.00975,inf,-0.15,0.1,NO_POSITIVE_BRAKE_BOUND
0.5,0.01,inf,-0.15,0.1,NO_POSITIVE_BRAKE_BOUND
0.5,0.01025,inf,-0.15,0.1,NO_POSITIVE_BRAKE_BOUND
0.5,0.0105,inf,-0.15,0.1,NO_POSITIVE_BRAKE_BOUND
0.5,0.010750000000000001,inf,-0.15,0.1,NO_POSITIVE_BRAKE_BOUND
0.5,0.011,inf,-0.15,0.1,NO_POSITIVE_BRAKE_BOUND
0.5,0.01125,inf,-0.15,0.1,NO_POSITIVE_BRAKE_BOUND
0.5,0.0115,inf,-0.15,0.1,NO_POSITIVE_BRAKE_BOUND
0.5,0.01175,inf,-0.15,0.1,NO_POSITIVE_BRAKE_BOUND
0.5,0.012,inf,-0.15,0.1,NO_POSITIVE_BRAKE_BOUND
0.5,0.01225,inf,-0.15,0.1,NO_POSITIVE_BRAKE_BOUND
0.5,0.0125,inf,-0.15,0.1,NO_POSITIVE_BRAKE_BOUND
0.5,0.012750000000000001,inf,-0.15,0.1,NO_POSITIVE_BRAKE_BOUND
0.5,0.013000000000000001,inf,-0.15,0.1,NO_POSITIVE_BRAKE_BOUND
0.5,0.01325,inf,-0.15,0.1,NO_POSITIVE_BRAKE_BOUND
0.5,0.0135,inf,-0.15,0.1,NO_POSITIVE_BRAKE_BOUND
0.5,0.01375,inf,-0.15,0.1,NO_POSITIVE_BRAKE_BOUND
0.5,0.014,inf,-0.15,0.1,NO_POSITIVE_BRAKE_BOUND
0.5125,0.0,1.8964248287806045,4.0679806154159825,5.071191439597409,PASS_OPERATIONAL
0.5125,0.00025,1.8999935817629445,4.058513351579747,5.062041291195243,PASS_OPERATIONAL
0.5125,0.0005,1.905622377241314,4.044222634246422,5.048769191902827,PASS_OPERATIONAL
0.5125,0.00075,1.9133898291222151,4.025058933431358,5.031341860662933,PASS_OPERATIONAL
0.5125,0.001,1.9234062223788824,4.0009547584170315,5.009715049931773,PASS_OPERATIONAL
0.5125,0.00125,1.935817511622351,3.9718234353287136,4.983832971051175,PASS_OPERATIONAL
0.5125,0.0015,1.9508108231579682,3.9375574827059006,4.953627550557063,PASS_OPERATIONAL
0.5125,0.00175,1.9686218599119236,3.898026510983469,4.919017493507006,PASS_OPERATIONAL
0.5125,0.002,1.9895447803238506,3.8530745446000627,4.879907122395429,PASS_OPERATIONAL
0.5125,0.0022500000000000003,2.0139453680111084,3.802516628987789,4.8361849507305505,PASS_OPERATIONAL
0.5125,0.0025,2.0422786691691646,3.746134534641353,4.7877219381194696,PASS_OPERATIONAL
0.5125,0.00275,2.075112814484982,3.6836713002584083,4.734369357693294,PASS_OPERATIONAL
0.5125,0.003,2.1131615695729735,3.614824256406266,4.675956185402845,PASS_OPERATIONAL
0.5125,0.0032500000000000003,2.157329455412368,3.5392360241146132,4.612285891953939,PASS_OPERATIONAL
0.5125,0.0035,2.208775366984379,3.4564827628071364,4.54313247872788,PASS_OPERATIONAL
0.5125,0.00375,2.269004068566226,3.3660586047483623,4.468235544144403,PASS_OPERATIONAL
0.5125,0.004,2.3400008284371716,3.26735468197625,4.387294089227674,PASS_OPERATIONAL
0.5125,0.00425,2.424434849725179,3.1596302889635566,4.299958659168749,PASS_OPERATIONAL
0.5125,0.0045000000000000005,2.525976267571992,3.041972273317078,4.205821253138835,PASS_OPERATIONAL
0.5125,0.00475,2.649808309803701,2.9132362061102954,4.104402187533934,PASS_OPERATIONAL
0.5125,0.005,2.803491180850614,2.771958218733628,3.995132717780815,PASS_EXTENDED
0.5125,0.00525,2.998497181062203,2.616217331741126,3.877331623186738,PASS_EXTENDED
0.5125,0.0055,3.2531204053449487,2.4434092499304843,3.750172980384157,PASS_EXTENDED
0.5125,0.00575,3.598464276614084,2.2498498839771197,3.6126406982107575,PASS_EXTENDED
0.5125,0.006,4.0921794988275915,2.030018832584938,3.463462480172264,OUTSIDE_EXTENDED_RANGE
0.5125,0.00625,4.855173874816023,1.7749362254435839,3.30101051687222,OUTSIDE_EXTENDED_RANGE
0.5125,0.006500000000000001,6.195422675073685,1.4680146941313588,3.1231457284634088,OUTSIDE_EXTENDED_RANGE
0.5125,0.00675,9.243155684090988,1.0707613794779876,2.926960409119052,OUTSIDE_EXTENDED_RANGE
0.5125,0.007,27.922481296397265,0.4176617457826395,2.7083238883862863,OUTSIDE_EXTENDED_RANGE
0.5125,0.00725,inf,-0.15,2.4610072324172485,NO_POSITIVE_BRAKE_BOUND
0.5125,0.0075,inf,-0.15,2.1747795278358026,NO_POSITIVE_BRAKE_BOUND
0.5125,0.00775,inf,-0.15,1.830438765032312,NO_POSITIVE_BRAKE_BOUND
0.5125,0.008,inf,-0.15,1.3819827778587943,NO_POSITIVE_BRAKE_BOUND
0.5125,0.00825,inf,-0.15,0.6018910825334018,NO_POSITIVE_BRAKE_BOUND
0.5125,0.0085,inf,-0.15,0.1,NO_POSITIVE_BRAKE_BOUND
0.5125,0.00875,inf,-0.15,0.1,NO_POSITIVE_BRAKE_BOUND
0.5125,0.009000000000000001,inf,-0.15,0.1,NO_POSITIVE_BRAKE_BOUND
0.5125,0.00925,inf,-0.15,0.1,NO_POSITIVE_BRAKE_BOUND
0.5125,0.0095,inf,-0.15,0.1,NO_POSITIVE_BRAKE_BOUND
0.5125,0.00975,inf,-0.15,0.1,NO_POSITIVE_BRAKE_BOUND
0.5125,0.01,inf,-0.15,0.1,NO_POSITIVE_BRAKE_BOUND
0.5125,0.01025,inf,-0.15,0.1,NO_POSITIVE_BRAKE_BOUND
0.5125,0.0105,inf,-0.15,0.1,NO_POSITIVE_BRAKE_BOUND
0.5125,0.010750000000000001,inf,-0.15,0.1,NO_POSITIVE_BRAKE_BOUND
0.5125,0.011,inf,-0.15,0.1,NO_POSITIVE_BRAKE_BOUND
0.5125,0.01125,inf,-0.15,0.1,NO_POSITIVE_BRAKE_BOUND
0.5125,0.0115,inf,-0.15,0.1,NO_POSITIVE_BRAKE_BOUND
0.5125,0.01175,inf,-0.15,0.1,NO_POSITIVE_BRAKE_BOUND
0.5125,0.012,inf,-0.15,0.1,NO_POSITIVE_BRAKE_BOUND
0.5125,0.01225,inf,-0.15,0.1,NO_POSITIVE_BRAKE_BOUND
0.5125,0.0125,inf,-0.15,0.1,NO_POSITIVE_BRAKE_BOUND
0.5125,0.012750000000000001,inf,-0.15,0.1,NO_POSITIVE_BRAKE_BOUND
0.5125,0.013000000000000001,inf,-0.15,0.1,NO_POSITIVE_BRAKE_BOUND
0.5125,0.01325,inf,-0.15,0.1,NO_POSITIVE_BRAKE_BOUND
0.5125,0.0135,inf,-0.15,0.1,NO_POSITIVE_BRAKE_BOUND
0.5125,0.01375,inf,-0.15,0.1,NO_POSITIVE_BRAKE_BOUND
0.5125,0.014,inf,-0.15,0.1,NO_POSITIVE_BRAKE_BOUND
0.525,0.0,1.8685394869864316,4.171110154127062,5.192736967364038,PASS_OPERATIONAL
0.525,0.00025,1.8718468203000465,4.161869330406477,5.1838055888434855,PASS_OPERATIONAL
0.525,0.0005,1.8770592257057532,4.147922288466836,5.170852197052903,PASS_OPERATIONAL
0.525,0.00075,1.8842459229979904,4.129223012382038,5.153845865908086,PASS_OPERATIONAL
0.525,0.001,1.893503847826616,4.105708859696584,5.1327455092778385,PASS_OPERATIONAL
0.525,0.00125,1.9049609879111964,4.077299483606526,5.107499373814864,PASS_OPERATIONAL
0.525,0.0015,1.9187809540173286,4.043895404811618,5.078044384008267,PASS_OPERATIONAL
0.525,0.00175,1.9351690994628836,4.0053761713832845,5.044305319491936,PASS_OPERATIONAL
0.525,0.002,1.9543806332542037,3.9615980228738317,5.00619379849148,PASS_OPERATIONAL
0.525,0.0022500000000000003,1.9767313575671122,3.9123909455516466,4.963607033586929,PASS_OPERATIONAL
0.525,0.0025,2.002611928816367,3.8575549658239257,4.916426316134843,PASS_OPERATIONAL
0.525,0.00275,2.0325069384236247,3.7968554737284217,4.864515172937983,PASS_OPERATIONAL
0.525,0.003,2.0670207083902192,3.7300172903867326,4.807717121955848,PASS_OPERATIONAL
0.525,0.0032500000000000003,2.1069126207560833,3.656717080858519,4.745852931417034,PASS_OPERATIONAL
0.525,0.0035,2.153146258940515,3.5765735482477745,4.678717256301841,PASS_OPERATIONAL
0.525,0.00375,2.206959002142839,3.4891345954910773,4.606074484377312,PASS_OPERATIONAL
0.525,0.004,2.2699626522297294,3.39386025606259,4.527653565620988,PASS_OPERATIONAL
0.525,0.00425,2.344292448808652,3.2900995831080246,4.4431415160406935,PASS_OPERATIONAL
0.525,0.0045000000000000005,2.432833919351312,3.1770586838377235,4.3521751671769415,PASS_OPERATIONAL
0.525,0.00475,2.539579507331633,3.0537553818136622,4.2543305560771465,PASS_OPERATIONAL
0.525,0.005,2.670210865365117,2.9189529687012157,4.149109084571106,PASS_OPERATIONAL
0.525,0.00525,2.8330936272841347,2.77105987930751,4.035919165983501,PASS_EXTENDED
0.525,0.0055,3.041073104909576,2.6079709987053903,3.9140514254996956,PASS_EXTENDED
0.525,0.00575,3.314946222946515,2.426802661769039,3.782644452612315,PASS_EXTENDED
0.525,0.006,3.6907944065079943,2.223418337019415,3.640636291001415,PASS_EXTENDED
0.525,0.00625,4.237420440576856,1.9914975984343295,3.4866936411131517,OUTSIDE_EXTENDED_RANGE
0.525,0.006500000000000001,5.105461035612138,1.720455570843639,3.3191047800834714,OUTSIDE_EXTENDED_RANGE
0.525,0.00675,6.708154493088136,1.3897697352851202,3.1356104236802618,OUTSIDE_EXTENDED_RANGE
0.525,0.007,10.841381942509638,0.9467553736818449,2.933121775772489,OUTSIDE_EXTENDED_RANGE
0.525,0.00725,inf,-0.15,2.7072170299298555,NO_POSITIVE_BRAKE_BOUND
0.525,0.0075,inf,-0.15,2.4511562216824845,NO_POSITIVE_BRAKE_BOUND
0.525,0.00775,inf,-0.15,2.1536902904664696,NO_POSITIVE_BRAKE_BOUND
0.525,0.008,inf,-0.15,1.793134764971841,NO_POSITIVE_BRAKE_BOUND
0.525,0.00825,inf,-0.15,1.3145452434373333,NO_POSITIVE_BRAKE_BOUND
0.525,0.0085,inf,-0.15,0.3070948023400183,NO_POSITIVE_BRAKE_BOUND
0.525,0.00875,inf,-0.15,0.1,NO_POSITIVE_BRAKE_BOUND
0.525,0.009000000000000001,inf,-0.15,0.1,NO_POSITIVE_BRAKE_BOUND
0.525,0.00925,inf,-0.15,0.1,NO_POSITIVE_BRAKE_BOUND
0.525,0.0095,inf,-0.15,0.1,NO_POSITIVE_BRAKE_BOUND
0.525,0.00975,inf,-0.15,0.1,NO_POSITIVE_BRAKE_BOUND
0.525,0.01,inf,-0.15,0.1,NO_POSITIVE_BRAKE_BOUND
0.525,0.01025,inf,-0.15,0.1,NO_POSITIVE_BRAKE_BOUND
0.525,0.0105,inf,-0.15,0.1,NO_POSITIVE_BRAKE_BOUND
0.525,0.010750000000000001,inf,-0.15,0.1,NO_POSITIVE_BRAKE_BOUND
0.525,0.011,inf,-0.15,0.1,NO_POSITIVE_BRAKE_BOUND
0.525,0.01125,inf,-0.15,0.1,NO_POSITIVE_BRAKE_BOUND
0.525,0.0115,inf,-0.15,0.1,NO_POSITIVE_BRAKE_BOUND
0.525,0.01175,inf,-0.15,0.1,NO_POSITIVE_BRAKE_BOUND
0.525,0.012,inf,-0.15,0.1,NO_POSITIVE_BRAKE_BOUND
0.525,0.01225,inf,-0.15,0.1,NO_POSITIVE_BRAKE_BOUND
0.525,0.0125,inf,-0.15,0.1,NO_POSITIVE_BRAKE_BOUND
0.525,0.012750000000000001,inf,-0.15,0.1,NO_POSITIVE_BRAKE_BOUND
0.525,0.013000000000000001,inf,-0.15,0.1,NO_POSITIVE_BRAKE_BOUND
0.525,0.01325,inf,-0.15,0.1,NO_POSITIVE_BRAKE_BOUND
0.525,0.0135,inf,-0.15,0.1,NO_POSITIVE_BRAKE_BOUND
0.525,0.01375,inf,-0.15,0.1,NO_POSITIVE_BRAKE_BOUND
0.525,0.014,inf,-0.15,0.1,NO_POSITIVE_BRAKE_BOUND
0.5375,0.0,1.8421297364325315,4.274233890316491,5.314275656444436,PASS_OPERATIONAL
0.5375,0.00025,1.8452009668981697,4.265208904981167,5.305552810969173,PASS_OPERATIONAL
0.5375,0.0005,1.8500374989715487,4.251589320895919,5.292903119353284,PASS_OPERATIONAL
0.5375,0.00075,1.8567004762355463,4.233332310220729,5.276297792726869,PASS_OPERATIONAL
0.5375,0.001,1.8652753846568402,4.2103796223064105,5.255698610643281,PASS_OPERATIONAL
0.5375,0.00125,1.875874849369138,4.182656630316439,5.231057472041125,PASS_OPERATIONAL
0.5375,0.0015,1.8886424512946478,4.150071071345798,5.2023158165473316,PASS_OPERATIONAL
0.5375,0.00175,1.903757811763993,4.11251142846855,5.169403899374073,PASS_OPERATIONAL
0.5375,0.002,1.9214432945556417,4.069844885043169,5.132239897996623,PASS_OPERATIONAL
0.5375,0.0022500000000000003,1.9419728162244094,4.021914757833026,5.090728822505692,PASS_OPERATIONAL
0.5375,0.0025,1.965683457709957,3.968537283578358,5.0447611935652725,PASS_OPERATIONAL
0.5375,0.00275,1.992990865028393,3.909497589927232,4.9942114416715855,PASS_OPERATIONAL
0.5375,0.003,2.0244098655361222,3.844544620582551,4.938935968060443,PASS_OPERATIONAL
0.5375,0.0032500000000000003,2.060582392543415,3.773384697659025,4.87877078996148,PASS_OPERATIONAL
0.5375,0.0035,2.10231584531471,3.6956732781952497,4.813528669244418,PASS_OPERATIONAL
0.5375,0.00375,2.1506366554226735,3.6110042749543645,4.742995591360071,PASS_OPERATIONAL
0.5375,0.004,2.206866512675057,3.5188960283203716,4.666926417163852,PASS_OPERATIONAL
0.5375,0.00425,2.272733210105181,3.4187725752455846,4.585039468164027,PASS_OPERATIONAL
0.5375,0.0045000000000000005,2.350535892486076,3.3099381552023437,4.497009717408987,PASS_OPERATIONAL
0.5375,0.00475,2.443398602728278,3.1915417248068296,4.4024601301800645,PASS_OPERATIONAL
0.5375,0.005,2.555672595212628,3.0625262452196402,4.300950509276331,PASS_OPERATIONAL
0.5375,0.00525,2.6936005492964075,2.9215539016310617,4.191962913295899,PASS_OPERATIONAL
0.5375,0.0055,2.8664666839664674,2.766891595830226,4.074882272343303,PASS_EXTENDED
0.5375,0.00575,3.0887078713838827,2.5962273230424677,3.948970117705393,PASS_EXTENDED
0.5375,0.006,3.384083432810804,2.406358181989566,3.8133281766885436,PASS_EXTENDED
0.5375,0.00625,3.7947343027960305,2.192619157316228,3.6668465934756798,PASS_EXTENDED
0.5375,0.006500000000000001,4.403591109256528,1.9477265299902653,3.5081279887629018,OUTSIDE_EXTENDED_RANGE
0.5375,0.00675,5.401365307075951,1.6590725219915876,3.3353719178773034,OUTSIDE_EXTENDED_RANGE
0.5375,0.007,7.360133047923977,1.3007670046651179,3.1461910312698813,OUTSIDE_EXTENDED_RANGE
0.5375,0.00725,13.431286824554066,0.7967846273704464,2.937301789339488,OUTSIDE_EXTENDED_RANGE
0.5375,0.0075,inf,-0.15,2.7039655107910052,NO_POSITIVE_BRAKE_BOUND
0.5375,0.00775,inf,-0.15,2.438876784225509,NO_POSITIVE_BRAKE_BOUND
0.5375,0.008,inf,-0.15,2.1296320196008574,NO_POSITIVE_BRAKE_BOUND
0.5375,0.00825,inf,-0.15,1.7516116223219838,NO_POSITIVE_BRAKE_BOUND
0.5375,0.0085,inf,-0.15,1.2382394562608765,NO_POSITIVE_BRAKE_BOUND
0.5375,0.00875,inf,-0.15,0.1,NO_POSITIVE_BRAKE_BOUND
0.5375,0.009000000000000001,inf,-0.15,0.1,NO_POSITIVE_BRAKE_BOUND
0.5375,0.00925,inf,-0.15,0.1,NO_POSITIVE_BRAKE_BOUND
0.5375,0.0095,inf,-0.15,0.1,NO_POSITIVE_BRAKE_BOUND
0.5375,0.00975,inf,-0.15,0.1,NO_POSITIVE_BRAKE_BOUND
0.5375,0.01,inf,-0.15,0.1,NO_POSITIVE_BRAKE_BOUND
0.5375,0.01025,inf,-0.15,0.1,NO_POSITIVE_BRAKE_BOUND
0.5375,0.0105,inf,-0.15,0.1,NO_POSITIVE_BRAKE_BOUND
0.5375,0.010750000000000001,inf,-0.15,0.1,NO_POSITIVE_BRAKE_BOUND
0.5375,0.011,inf,-0.15,0.1,NO_POSITIVE_BRAKE_BOUND
0.5375,0.01125,inf,-0.15,0.1,NO_POSITIVE_BRAKE_BOUND
0.5375,0.0115,inf,-0.15,0.1,NO_POSITIVE_BRAKE_BOUND
0.5375,0.01175,inf,-0.15,0.1,NO_POSITIVE_BRAKE_BOUND
0.5375,0.012,inf,-0.15,0.1,NO_POSITIVE_BRAKE_BOUND
0.5375,0.01225,inf,-0.15,0.1,NO_POSITIVE_BRAKE_BOUND
0.5375,0.0125,inf,-0.15,0.1,NO_POSITIVE_BRAKE_BOUND
0.5375,0.012750000000000001,inf,-0.15,0.1,NO_POSITIVE_BRAKE_BOUND
0.5375,0.013000000000000001,inf,-0.15,0.1,NO_POSITIVE_BRAKE_BOUND
0.5375,0.01325,inf,-0.15,0.1,NO_POSITIVE_BRAKE_BOUND
0.5375,0.0135,inf,-0.15,0.1,NO_POSITIVE_BRAKE_BOUND
0.5375,0.01375,inf,-0.15,0.1,NO_POSITIVE_BRAKE_BOUND
0.5375,0.014,inf,-0.15,0.1,NO_POSITIVE_BRAKE_BOUND
0.55,0.0,1.8170826543378311,4.37735222049268,5.435807974152088,PASS_OPERATIONAL
0.55,0.00025,1.8199401105081603,4.368533200807537,5.427284128280095,PASS_OPERATIONAL
0.55,0.0005,1.824436474875161,4.355225983455214,5.414924169038069,PASS_OPERATIONAL
0.55,0.00075,1.8306259215982987,4.3373906397816535,5.398701251686588,PASS_OPERATIONAL
0.55,0.001,1.8385840775727162,4.314972907286225,5.378579759691522,PASS_OPERATIONAL
0.55,0.00125,1.8484103775430836,4.2879033437424035,5.354514905966583,PASS_OPERATIONAL
0.55,0.0015,1.860231266063939,4.256096212158787,5.326452219950452,PASS_OPERATIONAL
0.55,0.00175,1.874204443821354,4.219448053244254,5.294326906407124,PASS_OPERATIONAL
0.55,0.002,1.8905244345007715,4.177835887138051,5.258063057643344,PASS_OPERATIONAL
0.55,0.0022500000000000003,1.909429857066564,4.131114966781435,5.217572695665886,PASS_OPERATIONAL
0.55,0.0025,1.9312129418165684,4.0791159795399325,5.1727546143121295,PASS_OPERATIONAL
0.55,0.00275,1.9562320497082812,4.02164155876317,5.123492983116927,PASS_OPERATIONAL
0.55,0.003,1.9849282791524083,3.9584619187720373,5.06965566398971,PASS_OPERATIONAL
0.55,0.0032500000000000003,2.017847730556322,3.889309359036518,5.011092177777262,PASS_OPERATIONAL
0.55,0.0035,2.0556717415898205,3.8138712863563073,4.947631239216222,PASS_OPERATIONAL
0.55,0.00375,2.0992585661796967,3.7317812623072943,4.87907775381663,PASS_OPERATIONAL
0.55,0.004,2.1497018265006114,3.6426073720858594,4.805209136204788,PASS_OPERATIONAL
0.55,0.00425,2.208414118488434,3.545836888446243,4.725770762437867,PASS_OPERATIONAL
0.55,0.0045000000000000005,2.2772493205600344,3.44085569885508,4.640470302801793,PASS_OPERATIONAL
0.55,0.00475,2.3586862169154355,3.326920147314288,4.548970587385919,PASS_OPERATIONAL
0.55,0.005,2.4561125665137387,3.2031175774792047,4.450880519736782,PASS_OPERATIONAL
0.55,0.00525,2.574280262015032,3.0683094914566573,4.345743350630724,PASS_OPERATIONAL
0.55,0.0055,2.7200656254793953,2.9210469214911075,4.233021315529961,PASS_OPERATIONAL
0.55,0.00575,2.9038048152465694,2.7594393140259874,4.112075159144581,PASS_EXTENDED
0.55,0.006,3.1417891526459916,2.5809411869903034,3.9821363015001174,PASS_EXTENDED
0.55,0.00625,3.4613082611643042,2.381982845202551,3.842268127356057,PASS_EXTENDED
0.55,0.006500000000000001,3.9119491828188164,2.157277444695372,3.6913106943600704,PASS_EXTENDED
0.55,0.00675,4.5947951000421545,1.8983691078514173,3.527799230209525,OUTSIDE_EXTENDED_RANGE
0.55,0.007,5.755876418710447,1.59005675597091,3.34983936751111,OUTSIDE_EXTENDED_RANGE
0.55,0.00725,8.219284564216563,1.1988786983268749,3.154907127790469,OUTSIDE_EXTENDED_RANGE
0.55,0.0075,18.586953035407934,0.6055426449910106,2.9395092000247174,OUTSIDE_EXTENDED_RANGE
0.55,0.00775,inf,-0.15,2.698561280290501,NO_POSITIVE_BRAKE_BOUND
0.55,0.008,inf,-0.15,2.4241304289185246,NO_POSITIVE_BRAKE_BOUND
0.55,0.00825,inf,-0.15,2.1024977070211603,NO_POSITIVE_BRAKE_BOUND
0.55,0.0085,inf,-0.15,1.7055420192025514,NO_POSITIVE_BRAKE_BOUND
0.55,0.00875,inf,-0.15,1.15113585088941,NO_POSITIVE_BRAKE_BOUND
0.55,0.009000000000000001,inf,-0.15,0.1,NO_POSITIVE_BRAKE_BOUND
0.55,0.00925,inf,-0.15,0.1,NO_POSITIVE_BRAKE_BOUND
0.55,0.0095,inf,-0.15,0.1,NO_POSITIVE_BRAKE_BOUND
0.55,0.00975,inf,-0.15,0.1,NO_POSITIVE_BRAKE_BOUND
0.55,0.01,inf,-0.15,0.1,NO_POSITIVE_BRAKE_BOUND
0.55,0.01025,inf,-0.15,0.1,NO_POSITIVE_BRAKE_BOUND
0.55,0.0105,inf,-0.15,0.1,NO_POSITIVE_BRAKE_BOUND
0.55,0.010750000000000001,inf,-0.15,0.1,NO_POSITIVE_BRAKE_BOUND
0.55,0.011,inf,-0.15,0.1,NO_POSITIVE_BRAKE_BOUND
0.55,0.01125,inf,-0.15,0.1,NO_POSITIVE_BRAKE_BOUND
0.55,0.0115,inf,-0.15,0.1,NO_POSITIVE_BRAKE_BOUND
0.55,0.01175,inf,-0.15,0.1,NO_POSITIVE_BRAKE_BOUND
0.55,0.012,inf,-0.15,0.1,NO_POSITIVE_BRAKE_BOUND
0.55,0.01225,inf,-0.15,0.1,NO_POSITIVE_BRAKE_BOUND
0.55,0.0125,inf,-0.15,0.1,NO_POSITIVE_BRAKE_BOUND
0.55,0.012750000000000001,inf,-0.15,0.1,NO_POSITIVE_BRAKE_BOUND
0.55,0.013000000000000001,inf,-0.15,0.1,NO_POSITIVE_BRAKE_BOUND
0.55,0.01325,inf,-0.15,0.1,NO_POSITIVE_BRAKE_BOUND
0.55,0.0135,inf,-0.15,0.1,NO_POSITIVE_BRAKE_BOUND
0.55,0.01375,inf,-0.15,0.1,NO_POSITIVE_BRAKE_BOUND
0.55,0.014,inf,-0.15,0.1,NO_POSITIVE_BRAKE_BOUND
0.5625,0.0,1.7932964642472204,4.480465505823902,5.557334346149598,PASS_OPERATIONAL
0.5625,0.00025,1.7959598994492398,4.471843242584607,5.549000606722673,PASS_OPERATIONAL
0.5625,0.0005,1.8001476603309912,4.45883432488357,5.53691735740613,PASS_OPERATIONAL
0.5625,0.00075,1.8059078851448223,4.44140146646152,5.521059525891969,PASS_OPERATIONAL
0.5625,0.001,1.813307679605487,4.419494034904193,5.501393867148003,PASS_OPERATIONAL
0.5625,0.00125,1.8224351085450268,4.3930472989641,5.477878608304957,PASS_OPERATIONAL
0.5625,0.0015,1.8334018943343973,4.361981438683563,5.450462992682415,PASS_OPERATIONAL
0.5625,0.00175,1.8463469802192745,4.32620028173729,5.419086711011962,PASS_OPERATIONAL
0.5625,0.002,1.8614411782761762,4.285589717075397,5.383679204424135,PASS_OPERATIONAL
0.5625,0.0022500000000000003,1.8788932058475967,4.240015721045313,5.344158819492795,PASS_OPERATIONAL
0.5625,0.0025,1.8989575318662122,4.189321910232635,5.30043179030973,PASS_OPERATIONAL
0.5625,0.00275,1.9219446218594205,4.133326507169982,5.252391015835664,PASS_OPERATIONAL
0.5625,0.003,1.9482344131446228,4.071818566710914,5.1999145921538785,PASS_OPERATIONAL
0.5625,0.0032500000000000003,1.9782942102072039,4.004553257598824,5.142864048064756,PASS_OPERATIONAL
0.5625,0.0035,2.0127027299608846,3.9312459184696285,5.08108221775791,PASS_OPERATIONAL
0.5625,0.00375,2.052182856028194,3.8515644991209386,5.0143906647380065,PASS_OPERATIONAL
0.5625,0.004,2.0976469648168834,3.7651198386543676,4.942586544819211,PASS_OPERATIONAL
0.5625,0.00425,2.150260786549355,3.671452993067559,4.865438759995144,PASS_OPERATIONAL
0.5625,0.0045000000000000005,2.211535243402266,3.5700184572425178,4.782683205093428,PASS_OPERATIONAL
0.5625,0.00475,2.2834616517853985,3.460161545280904,4.694016838896443,PASS_OPERATIONAL
0.5625,0.005,2.3687162006271554,3.3410872462064023,4.599090210883092,PASS_OPERATIONAL
0.5625,0.00525,2.4709790247215815,3.211816273240553,4.4974979281477845,PASS_OPERATIONAL
0.5625,0.0055,2.5954507116569028,3.0711212125943046,4.388766328825116,PASS_OPERATIONAL
0.5625,0.00575,2.7497257770749077,2.9174304872686196,4.27233729596063,PASS_OPERATIONAL
0.5625,0.006,2.9453502675844754,2.7486777052692495,4.147546626298956,PASS_EXTENDED
0.5625,0.00625,3.2007882766476192,2.5620526913437724,4.013594532608618,PASS_EXTENDED
0.5625,0.006500000000000001,3.5475677994620463,2.353561838466348,3.8695044677071366,PASS_EXTENDED
0.5625,0.00675,4.044522278053258,2.117180776697131,3.7140640546708723,OUTSIDE_EXTENDED_RANGE
0.5625,0.007,4.816436627825809,1.8430103326939877,3.5457375615772113,OUTSIDE_EXTENDED_RANGE
0.5625,0.00725,6.187891439250469,1.5124579438364745,3.362531070819719,OUTSIDE_EXTENDED_RANGE
0.5625,0.0075,9.410420080827665,1.0809091601840513,3.161774636655034,OUTSIDE_EXTENDED_RANGE
0.5625,0.00775,37.04427688915728,0.32560805609766963,2.9397486078989563,OUTSIDE_EXTENDED_RANGE
0.5625,0.008,inf,-0.15,2.690990868232472,NO_POSITIVE_BRAKE_BOUND
0.5625,0.00825,inf,-0.15,2.406869847924685,NO_POSITIVE_BRAKE_BOUND
0.5625,0.0085,inf,-0.15,2.072160390045409,NO_POSITIVE_BRAKE_BOUND
0.5625,0.00875,inf,-0.15,1.6545217932419145,NO_POSITIVE_BRAKE_BOUND
0.5625,0.009000000000000001,inf,-0.15,1.0502698038262888,NO_POSITIVE_BRAKE_BOUND
0.5625,0.00925,inf,-0.15,0.1,NO_POSITIVE_BRAKE_BOUND
0.5625,0.0095,inf,-0.15,0.1,NO_POSITIVE_BRAKE_BOUND
0.5625,0.00975,inf,-0.15,0.1,NO_POSITIVE_BRAKE_BOUND
0.5625,0.01,inf,-0.15,0.1,NO_POSITIVE_BRAKE_BOUND
0.5625,0.01025,inf,-0.15,0.1,NO_POSITIVE_BRAKE_BOUND
0.5625,0.0105,inf,-0.15,0.1,NO_POSITIVE_BRAKE_BOUND
0.5625,0.010750000000000001,inf,-0.15,0.1,NO_POSITIVE_BRAKE_BOUND
0.5625,0.011,inf,-0.15,0.1,NO_POSITIVE_BRAKE_BOUND
0.5625,0.01125,inf,-0.15,0.1,NO_POSITIVE_BRAKE_BOUND
0.5625,0.0115,inf,-0.15,0.1,NO_POSITIVE_BRAKE_BOUND
0.5625,0.01175,inf,-0.15,0.1,NO_POSITIVE_BRAKE_BOUND
0.5625,0.012,inf,-0.15,0.1,NO_POSITIVE_BRAKE_BOUND
0.5625,0.01225,inf,-0.15,0.1,NO_POSITIVE_BRAKE_BOUND
0.5625,0.0125,inf,-0.15,0.1,NO_POSITIVE_BRAKE_BOUND
0.5625,0.012750000000000001,inf,-0.15,0.1,NO_POSITIVE_BRAKE_BOUND
0.5625,0.013000000000000001,inf,-0.15,0.1,NO_POSITIVE_BRAKE_BOUND
0.5625,0.01325,inf,-0.15,0.1,NO_POSITIVE_BRAKE_BOUND
0.5625,0.0135,inf,-0.15,0.1,NO_POSITIVE_BRAKE_BOUND
0.5625,0.01375,inf,-0.15,0.1,NO_POSITIVE_BRAKE_BOUND
0.5625,0.014,inf,-0.15,0.1,NO_POSITIVE_BRAKE_BOUND
0.575,0.0,1.7706792022279776,4.583574075991628,5.678855160990133,PASS_OPERATIONAL
0.575,0.00025,1.7731661425592788,4.575139965260288,5.670703218957751,PASS_OPERATIONAL
0.575,0.0005,1.7770732861695357,4.562416213207403,5.658884518759698,PASS_OPERATIONAL
0.575,0.00075,1.7824435260153197,4.545367947083593,5.643375607417041,PASS_OPERATIONAL
0.575,0.001,1.789336576795179,4.523947846018395,5.62414540446812,PASS_OPERATIONAL
0.575,0.00125,1.7978306660668568,4.4980954694261595,5.601154884867926,PASS_OPERATIONAL
0.575,0.0015,1.8080248180553335,4.467736375682353,5.574356672496435,PASS_OPERATIONAL
0.575,0.00175,1.820041857496979,4.432781000058806,5.543694534129027,PASS_OPERATIONAL
0.575,0.002,1.8340323093615833,4.393123250639365,5.509102760801115,PASS_OPERATIONAL
0.575,0.0022500000000000003,1.8501794359319979,4.348638767816326,5.470505419949434,PASS_OPERATIONAL
0.575,0.0025,1.868705743456363,4.299182775847717,5.4278154573245345,PASS_OPERATIONAL
0.575,0.00275,1.8898814183681591,4.244587432205667,5.380933622164385,PASS_OPERATIONAL
0.575,0.003,1.9140353361950704,4.184658549701464,5.329747182121354,PASS_OPERATIONAL
0.575,0.0032500000000000003,1.9415695533375426,4.119171524136737,5.2741283854294,PASS_OPERATIONAL
0.575,0.0035,1.9729785884690436,4.047866241234944,5.213932616070165,PASS_OPERATIONAL
0.575,0.00375,2.008875400655223,3.970440652757906,5.148996172241195,PASS_OPERATIONAL
0.575,0.004,2.050026899307885,3.886542590299277,5.079133577813136,PASS_OPERATIONAL
0.575,0.00425,2.0974032889445997,3.795759205843661,5.004134308612096,PASS_OPERATIONAL
0.575,0.0045000000000000005,2.152247933350959,3.6976031570966352,4.9237587772302875,PASS_OPERATIONAL
0.575,0.00475,2.2161783997916435,3.5914942356363455,4.837733367097208,PASS_OPERATIONAL
0.575,0.005,2.2913361991572048,3.476734466831008,4.745744231800352,PASS_OPERATIONAL
0.575,0.00525,2.3806149996170944,3.3524736097935124,4.647429468359706,PASS_OPERATIONAL
0.575,0.0055,2.4880199719608975,3.217660107329717,4.5423691162381195,PASS_OPERATIONAL
0.575,0.00575,2.619255783171842,3.070969190554296,4.430072199502711,PASS_OPERATIONAL
0.575,0.006,2.782734000363796,2.910693576838426,4.309959671268389,PASS_OPERATIONAL
0.575,0.00625,2.991398658597242,2.7345697309824204,4.181341557295376,PASS_EXTENDED
0.575,0.006500000000000001,3.2662748429758492,2.5394859381115933,4.043385686653823,PASS_EXTENDED
0.575,0.00675,3.6440203997476512,2.320955565464503,3.8950738771341786,PASS_EXTENDED
0.575,0.007,4.19508558532176,2.072071762680044,3.7351387985751314,OUTSIDE_EXTENDED_RANGE
0.575,0.00725,5.075778705660044,1.781134160875415,3.561969920393048,OUTSIDE_EXTENDED_RANGE
0.575,0.0075,6.726109345807315,1.4250079659798556,3.3734676823372256,OUTSIDE_EXTENDED_RANGE
0.575,0.00775,11.194582498732125,0.9416573433545893,3.166805976534258,OUTSIDE_EXTENDED_RANGE
0.575,0.008,inf,-0.15,2.938020511008728,NO_POSITIVE_BRAKE_BOUND
0.575,0.00825,inf,-0.15,2.6812352153390133,NO_POSITIVE_BRAKE_BOUND
0.575,0.0085,inf,-0.15,2.3870381163649723,NO_POSITIVE_BRAKE_BOUND
0.575,0.00875,inf,-0.15,2.0384696921299126,NO_POSITIVE_BRAKE_BOUND
0.575,0.009000000000000001,inf,-0.15,1.598045206829966,NO_POSITIVE_BRAKE_BOUND
0.575,0.00925,inf,-0.15,0.9306427805659018,NO_POSITIVE_BRAKE_BOUND
0.575,0.0095,inf,-0.15,0.1,NO_POSITIVE_BRAKE_BOUND
0.575,0.00975,inf,-0.15,0.1,NO_POSITIVE_BRAKE_BOUND
0.575,0.01,inf,-0.15,0.1,NO_POSITIVE_BRAKE_BOUND
0.575,0.01025,inf,-0.15,0.1,NO_POSITIVE_BRAKE_BOUND
0.575,0.0105,inf,-0.15,0.1,NO_POSITIVE_BRAKE_BOUND
0.575,0.010750000000000001,inf,-0.15,0.1,NO_POSITIVE_BRAKE_BOUND
0.575,0.011,inf,-0.15,0.1,NO_POSITIVE_BRAKE_BOUND
0.575,0.01125,inf,-0.15,0.1,NO_POSITIVE_BRAKE_BOUND
0.575,0.0115,inf,-0.15,0.1,NO_POSITIVE_BRAKE_BOUND
0.575,0.01175,inf,-0.15,0.1,NO_POSITIVE_BRAKE_BOUND
0.575,0.012,inf,-0.15,0.1,NO_POSITIVE_BRAKE_BOUND
0.575,0.01225,inf,-0.15,0.1,NO_POSITIVE_BRAKE_BOUND
0.575,0.0125,inf,-0.15,0.1,NO_POSITIVE_BRAKE_BOUND
0.575,0.012750000000000001,inf,-0.15,0.1,NO_POSITIVE_BRAKE_BOUND
0.575,0.013000000000000001,inf,-0.15,0.1,NO_POSITIVE_BRAKE_BOUND
0.575,0.01325,inf,-0.15,0.1,NO_POSITIVE_BRAKE_BOUND
0.575,0.0135,inf,-0.15,0.1,NO_POSITIVE_BRAKE_BOUND
0.575,0.01375,inf,-0.15,0.1,NO_POSITIVE_BRAKE_BOUND
0.575,0.014,inf,-0.15,0.1,NO_POSITIVE_BRAKE_BOUND
0.5875,0.0,1.7491475691884095,4.686678232550208,5.800370774077031,PASS_OPERATIONAL
0.5875,0.00025,1.751473607907649,4.678424223659826,5.7923928543584875,PASS_OPERATIONAL
0.5875,0.0005,1.7551250184016092,4.665973355286032,5.780827329496256,PASS_OPERATIONAL
0.5875,0.00075,1.760140120537657,4.649292963637978,5.765652228962837,PASS_OPERATIONAL
0.5875,0.001,1.7665721965911971,4.628338755218701,5.746838452120936,PASS_OPERATIONAL
0.5875,0.00125,1.774490932716682,4.603054206005335,5.724349484336083,PASS_OPERATIONAL
0.5875,0.0015,1.7839843597084892,4.573369774602133,5.698141033624606,PASS_OPERATIONAL
0.5875,0.00175,1.7951613961461712,4.539201902970803,5.6681605791815635,PASS_OPERATIONAL
0.5875,0.002,1.8081551354703462,4.500451769755816,5.63434682067826,PASS_OPERATIONAL
0.5875,0.0022500000000000003,1.8231270700868616,4.457003750337631,5.596629014255153,PASS_OPERATIONAL
0.5875,0.0025,1.8402725161562326,4.408723523665918,5.554926177497874,PASS_OPERATIONAL
0.5875,0.00275,1.8598276010597874,4.355455747382833,5.509146141153108,PASS_OPERATIONAL
0.5875,0.003,1.8820783149045868,4.297021197928451,5.4591844196250205,PASS_OPERATIONAL
0.5875,0.0032500000000000003,1.9073723282721626,4.233213238575669,5.404922864995453,PASS_OPERATIONAL
0.5875,0.0035,1.9361345728384216,4.163793431728622,5.346228059887558,PASS_OPERATIONAL
0.5875,0.00375,1.9688880209788593,4.088486046364315,5.282949392185068,PASS_OPERATIONAL
0.5875,0.004,2.006281769430248,4.006971117968587,5.214916738359635,PASS_OPERATIONAL
0.5875,0.00425,2.049129572274087,3.9188755821264682,5.141937660419015,PASS_OPERATIONAL
0.5875,0.0045000000000000005,2.0984636244928208,3.823761800463763,5.063793992054018,PASS_OPERATIONAL
0.5875,0.00475,2.1556111037121903,3.7211124896630174,4.980237649167463,PASS_OPERATIONAL
0.5875,0.005,2.22230553288476,3.610310583612078,4.890985443721528,PASS_OPERATIONAL
0.5875,0.00525,2.3008529535391706,3.4906117864481243,4.795712600271823,PASS_OPERATIONAL
0.5875,0.0055,2.394387229894082,3.361106291587454,4.6940445600311245,PASS_OPERATIONAL
0.5875,0.00575,2.5072758802454307,3.220663928490203,4.585546489286625,PASS_OPERATIONAL
0.5875,0.006,2.6457917014697654,3.067853005285513,4.469709657214261,PASS_OPERATIONAL
0.5875,0.00625,2.819279422030801,2.900815518058246,4.345933461790418,PASS_EXTENDED
0.5875,0.006500000000000001,3.0423063929060823,2.717065992199169,4.213501273653816,PASS_EXTENDED
0.5875,0.00675,3.338935851950915,2.513147423411819,4.071547278775814,PASS_EXTENDED
0.5875,0.007,3.7520899762487705,2.283995832129752,3.9190098375824554,PASS_EXTENDED
0.5875,0.00725,4.367006312685188,2.0216380774947287,3.75456396637842,OUTSIDE_EXTENDED_RANGE
0.5875,0.0075,5.382826724580052,1.7120909981053583,3.57652020301214,OUTSIDE_EXTENDED_RANGE
0.5875,0.00775,7.416586129840881,1.3259568244447424,3.382666744028636,OUTSIDE_EXTENDED_RANGE
0.5875,0.008,14.24247264046728,0.7715253261983654,3.1700101751544025,OUTSIDE_EXTENDED_RANGE
0.5875,0.00825,inf,-0.15,2.934321310570057,NO_POSITIVE_BRAKE_BOUND
0.5875,0.0085,inf,-0.15,2.6692694293031174,NO_POSITIVE_BRAKE_BOUND
0.5875,0.00875,inf,-0.15,2.364567685442757,NO_POSITIVE_BRAKE_BOUND
0.5875,0.009000000000000001,inf,-0.15,2.0012473527533334,NO_POSITIVE_BRAKE_BOUND
0.5875,0.00925,inf,-0.15,1.5354683847272905,NO_POSITIVE_BRAKE_BOUND
0.5875,0.0095,inf,-0.15,0.7824593493766338,NO_POSITIVE_BRAKE_BOUND
0.5875,0.00975,inf,-0.15,0.1,NO_POSITIVE_BRAKE_BOUND
0.5875,0.01,inf,-0.15,0.1,NO_POSITIVE_BRAKE_BOUND
0.5875,0.01025,inf,-0.15,0.1,NO_POSITIVE_BRAKE_BOUND
0.5875,0.0105,inf,-0.15,0.1,NO_POSITIVE_BRAKE_BOUND
0.5875,0.010750000000000001,inf,-0.15,0.1,NO_POSITIVE_BRAKE_BOUND
0.5875,0.011,inf,-0.15,0.1,NO_POSITIVE_BRAKE_BOUND
0.5875,0.01125,inf,-0.15,0.1,NO_POSITIVE_BRAKE_BOUND
0.5875,0.0115,inf,-0.15,0.1,NO_POSITIVE_BRAKE_BOUND
0.5875,0.01175,inf,-0.15,0.1,NO_POSITIVE_BRAKE_BOUND
0.5875,0.012,inf,-0.15,0.1,NO_POSITIVE_BRAKE_BOUND
0.5875,0.01225,inf,-0.15,0.1,NO_POSITIVE_BRAKE_BOUND
0.5875,0.0125,inf,-0.15,0.1,NO_POSITIVE_BRAKE_BOUND
0.5875,0.012750000000000001,inf,-0.15,0.1,NO_POSITIVE_BRAKE_BOUND
0.5875,0.013000000000000001,inf,-0.15,0.1,NO_POSITIVE_BRAKE_BOUND
0.5875,0.01325,inf,-0.15,0.1,NO_POSITIVE_BRAKE_BOUND
0.5875,0.0135,inf,-0.15,0.1,NO_POSITIVE_BRAKE_BOUND
0.5875,0.01375,inf,-0.15,0.1,NO_POSITIVE_BRAKE_BOUND
0.5875,0.014,inf,-0.15,0.1,NO_POSITIVE_BRAKE_BOUND
0.6,0.0,1.7286259398259811,4.789778251865157,5.921881511126793,PASS_OPERATIONAL
0.6,0.00025,1.7308049873644094,4.781696800899259,5.914070327748021,PASS_OPERATIONAL
0.6,0.0005,1.734222850517778,4.769507313867924,5.902747324776428,PASS_OPERATIONAL
0.6,0.00075,1.7389138497339234,4.753179152672273,5.887891891457544,PASS_OPERATIONAL
0.6,0.001,1.7449256510970876,4.732670797012634,5.869476741611841,PASS_OPERATIONAL
0.6,0.00125,1.7523204995233845,4.707929305537493,5.8474676588563765,PASS_OPERATIONAL
0.6,0.0015,1.7611768743813188,4.678889611494551,5.821823170983178,PASS_OPERATIONAL
0.6,0.00175,1.7715916514260972,4.645473630331002,5.792494146083946,PASS_OPERATIONAL
0.6,0.002,1.783682885609846,4.607589149474763,5.7594233009380025,PASS_OPERATIONAL
0.6,0.0022500000000000003,1.7975933700833324,4.565128461452561,5.722544609694084,PASS_OPERATIONAL
0.6,0.0025,1.8134951819612448,4.517966689855444,5.681782597844527,PASS_OPERATIONAL
0.6,0.00275,1.8315955016722856,4.465959742458765,5.637051502740425,PASS_OPERATIONAL
0.6,0.003,1.8521440996560767,4.408941805638672,5.588254277199627,PASS_OPERATIONAL
0.6,0.0032500000000000003,1.8754430365587649,4.346722267074096,5.535281406808666,PASS_OPERATIONAL
0.6,0.0035,1.9018593437857036,4.279081916605291,5.478009503896399,PASS_OPERATIONAL
0.6,0.00375,1.931841776417967,4.205768223585823,5.416299631284903,PASS_OPERATIONAL
0.6,0.004,1.9659432183536842,4.126489416332045,5.349995295997892,PASS_OPERATIONAL
0.6,0.00425,2.0048510662122414,4.04090698479458,5.278920035992059,PASS_OPERATIONAL
0.6,0.0045000000000000005,2.049429086584101,3.948626074576698,5.202874500044067,PASS_OPERATIONAL
0.6,0.00475,2.100776113153797,3.8491830115662373,5.121632889807856,PASS_OPERATIONAL
0.6,0.005,2.1603100324233546,3.742028845936268,5.034938590256215,PASS_OPERATIONAL
0.6,0.00525,2.2298907384261604,3.6265072530050824,4.94249875498177,PASS_OPERATIONAL
0.6,0.0055,2.3120049291284457,3.501824234981744,4.843977528108664,PASS_OPERATIONAL
0.6,0.00575,2.410052421595128,3.3670055688326674,4.738987462280965,PASS_OPERATIONAL
0.6,0.006,2.52880582865884,3.220835329113542,4.627078512241641,PASS_OPERATIONAL
0.6,0.00625,2.6751804304284494,3.0617640289411043,4.507723712938459,PASS_OPERATIONAL
0.6,0.006500000000000001,2.8595911571152595,2.887765668381944,4.380300234329363,PASS_EXTENDED
0.6,0.00675,3.098500315667711,2.6961038370375743,4.244063845454121,PASS_EXTENDED
0.6,0.007,3.4196007572614464,2.4829239569725514,4.098113743654625,PASS_EXTENDED
0.6,0.00725,3.87353985269191,2.2424808864440267,3.9413428839404583,PASS_EXTENDED
0.6,0.0075,4.564658810094965,1.965498933490632,3.772365734727411,OUTSIDE_EXTENDED_RANGE
0.6,0.00775,5.751786429262063,1.6350494110808251,3.589409451468829,OUTSIDE_EXTENDED_RANGE
0.6,0.008,8.338827758181134,1.2127772302177626,3.3901428302126937,OUTSIDE_EXTENDED_RANGE
0.6,0.00825,21.104154437488127,0.5482956932417653,3.1713929509588956,OUTSIDE_EXTENDED_RANGE
0.6,0.0085,inf,-0.15,2.9286432733732957,NO_POSITIVE_BRAKE_BOUND
0.6,0.00875,inf,-0.15,2.6550624590408725,NO_POSITIVE_BRAKE_BOUND
0.6,0.009000000000000001,inf,-0.15,2.3393791246682607,NO_POSITIVE_BRAKE_BOUND
0.6,0.00925,inf,-0.15,1.9602813903278193,NO_POSITIVE_BRAKE_BOUND
0.6,0.0095,inf,-0.15,1.4659531950985751,NO_POSITIVE_BRAKE_BOUND
0.6,0.00975,inf,-0.15,0.579961148427667,NO_POSITIVE_BRAKE_BOUND
0.6,0.01,inf,-0.15,0.1,NO_POSITIVE_BRAKE_BOUND
0.6,0.01025,inf,-0.15,0.1,NO_POSITIVE_BRAKE_BOUND
0.6,0.0105,inf,-0.15,0.1,NO_POSITIVE_BRAKE_BOUND
0.6,0.010750000000000001,inf,-0.15,0.1,NO_POSITIVE_BRAKE_BOUND
0.6,0.011,inf,-0.15,0.1,NO_POSITIVE_BRAKE_BOUND
0.6,0.01125,inf,-0.15,0.1,NO_POSITIVE_BRAKE_BOUND
0.6,0.0115,inf,-0.15,0.1,NO_POSITIVE_BRAKE_BOUND
0.6,0.01175,inf,-0.15,0.1,NO_POSITIVE_BRAKE_BOUND
0.6,0.012,inf,-0.15,0.1,NO_POSITIVE_BRAKE_BOUND
0.6,0.01225,inf,-0.15,0.1,NO_POSITIVE_BRAKE_BOUND
0.6,0.0125,inf,-0.15,0.1,NO_POSITIVE_BRAKE_BOUND
0.6,0.012750000000000001,inf,-0.15,0.1,NO_POSITIVE_BRAKE_BOUND
0.6,0.013000000000000001,inf,-0.15,0.1,NO_POSITIVE_BRAKE_BOUND
0.6,0.01325,inf,-0.15,0.1,NO_POSITIVE_BRAKE_BOUND
0.6,0.0135,inf,-0.15,0.1,NO_POSITIVE_BRAKE_BOUND
0.6,0.01375,inf,-0.15,0.1,NO_POSITIVE_BRAKE_BOUND
0.6,0.014,inf,-0.15,0.1,NO_POSITIVE_BRAKE_BOUND
0.6125,0.0,1.709045503917722,4.892874387690516,6.04338767120668,PASS_OPERATIONAL
0.6125,0.00025,1.7110900009907637,4.88495841575926,6.0357363870586065,PASS_OPERATIONAL
0.6125,0.0005,1.7142941478862246,4.873019522520791,6.024645913120173,PASS_OPERATIONAL
0.6125,0.00075,1.718688756955087,4.857028930975434,6.010096888194944,PASS_OPERATIONAL
0.6125,0.001,1.7243165756804346,4.836947666100477,5.992063692175396,PASS_OPERATIONAL
0.6125,0.00125,1.7312333453910216,4.812726070419865,5.970514216851158,PASS_OPERATIONAL
0.6125,0.0015,1.7395092188358694,4.78430317192053,5.9454095733876136,PASS_OPERATIONAL
0.6125,0.00175,1.7492306052127398,4.751605884975351,5.916703730107935,PASS_OPERATIONAL
0.6125,0.002,1.7605025358535602,4.714548018842552,5.88434307245443,PASS_OPERATIONAL
0.6125,0.0022500000000000003,1.7734516761873012,4.673029060707078,5.848265874909717,PASS_OPERATIONAL
0.6125,0.0025,1.7882301531620337,4.626932690547879,5.80840167211905,PASS_OPERATIONAL
0.6125,0.00275,1.8050204268560337,4.576124972577958,5.7646705133354015,PASS_OPERATIONAL
0.6125,0.003,1.8240415176993636,4.52045215151863,5.716982080428205,PASS_OPERATIONAL
0.6125,0.0032500000000000003,1.8455570173209837,4.459737959973973,5.665234644815218,PASS_OPERATIONAL
0.6125,0.0035,1.869885477988015,4.393780313398195,5.60931383247057,PASS_OPERATIONAL
0.6125,0.00375,1.8974140185472668,4.322347228248831,5.549091158188818,PASS_OPERATIONAL
0.6125,0.004,1.9286163444311233,4.245171741857762,5.484422279934177,PASS_OPERATIONAL
0.6125,0.00425,1.9640769217035643,4.16194553161621,5.415144910522343,PASS_OPERATIONAL
0.6125,0.0045000000000000005,2.004523879960853,4.072310814189902,5.341076305860425,PASS_OPERATIONAL
0.6125,0.00475,2.0508745329245546,3.975849933337978,5.262010224772086,PASS_OPERATIONAL
0.6125,0.005,2.104299525943706,3.872071785787146,5.1777132225295635,PASS_OPERATIONAL
0.6125,0.00525,2.1663151378792467,3.7603938349512833,5.087920094854324,PASS_OPERATIONAL
0.6125,0.0055,2.2389192891018954,3.640117828725778,4.992328225686781,PASS_OPERATIONAL
0.6125,0.00575,2.324797498861657,3.510396301444012,4.890590501791149,PASS_OPERATIONAL
0.6125,0.006,2.4276448086020674,3.3701851838255616,4.7823063266569354,PASS_OPERATIONAL
0.6125,0.00625,2.5526880555124403,3.218174741610803,4.6670100733687425,PASS_OPERATIONAL
0.6125,0.006500000000000001,2.707571670895615,3.0526853058683434,4.544156025237139,PASS_OPERATIONAL
0.6125,0.00675,2.903943383429697,2.871502931262025,4.4130984032191485,PASS_EXTENDED
0.6125,0.007,3.1604901783605843,2.671606187196399,4.273064364211456,PASS_EXTENDED
0.6125,0.00725,3.509274451777831,2.448679992693406,4.123116681461223,PASS_EXTENDED
0.6125,0.0075,4.010574687004675,2.1961689304108107,3.9621008234187216,OUTSIDE_EXTENDED_RANGE
0.6125,0.00775,4.793831875171138,1.9031863803427607,3.788567608252771,OUTSIDE_EXTENDED_RANGE
0.6125,0.008,6.203593881863028,1.5489216260984502,3.6006560133568626,OUTSIDE_EXTENDED_RANGE
0.6125,0.00825,9.644689129517426,1.0815801994287675,3.3959076655530813,OUTSIDE_EXTENDED_RANGE
0.6125,0.0085,70.83350494425258,0.17701620819922528,3.1709567643735332,OUTSIDE_EXTENDED_RANGE
0.6125,0.00875,inf,-0.15,2.920974450478338,NO_POSITIVE_BRAKE_BOUND
0.6125,0.009000000000000001,inf,-0.15,2.6385766769297234,NO_POSITIVE_BRAKE_BOUND
0.6125,0.00925,inf,-0.15,2.3113795540005277,NO_POSITIVE_BRAKE_BOUND
0.6125,0.0095,inf,-0.15,1.9153183775447147,NO_POSITIVE_BRAKE_BOUND
0.6125,0.00975,inf,-0.15,1.3883770351304676,NO_POSITIVE_BRAKE_BOUND
0.6125,0.01,inf,-0.15,0.1,NO_POSITIVE_BRAKE_BOUND
0.6125,0.01025,inf,-0.15,0.1,NO_POSITIVE_BRAKE_BOUND
0.6125,0.0105,inf,-0.15,0.1,NO_POSITIVE_BRAKE_BOUND
0.6125,0.010750000000000001,inf,-0.15,0.1,NO_POSITIVE_BRAKE_BOUND
0.6125,0.011,inf,-0.15,0.1,NO_POSITIVE_BRAKE_BOUND
0.6125,0.01125,inf,-0.15,0.1,NO_POSITIVE_BRAKE_BOUND
0.6125,0.0115,inf,-0.15,0.1,NO_POSITIVE_BRAKE_BOUND
0.6125,0.01175,inf,-0.15,0.1,NO_POSITIVE_BRAKE_BOUND
0.6125,0.012,inf,-0.15,0.1,NO_POSITIVE_BRAKE_BOUND
0.6125,0.01225,inf,-0.15,0.1,NO_POSITIVE_BRAKE_BOUND
0.6125,0.0125,inf,-0.15,0.1,NO_POSITIVE_BRAKE_BOUND
0.6125,0.012750000000000001,inf,-0.15,0.1,NO_POSITIVE_BRAKE_BOUND
0.6125,0.013000000000000001,inf,-0.15,0.1,NO_POSITIVE_BRAKE_BOUND
0.6125,0.01325,inf,-0.15,0.1,NO_POSITIVE_BRAKE_BOUND
0.6125,0.0135,inf,-0.15,0.1,NO_POSITIVE_BRAKE_BOUND
0.6125,0.01375,inf,-0.15,0.1,NO_POSITIVE_BRAKE_BOUND
0.6125,0.014,inf,-0.15,0.1,NO_POSITIVE_BRAKE_BOUND
0.625,0.0,1.6903435198627823,4.995966873435934,6.164889529406637,PASS_OPERATIONAL
0.625,0.00025,1.6922646197727464,4.988209729166376,6.157391720064524,PASS_OPERATIONAL
0.625,0.0005,1.6952728204729959,4.976511298739133,6.146524389226116,PASS_OPERATIONAL
0.625,0.00075,1.6993958484473677,4.96084451809092,6.132269326008766,PASS_OPERATIONAL
0.625,0.001,1.7046721308797745,4.9411727526081854,6.114602442913934,PASS_OPERATIONAL
0.625,0.00125,1.7111517076175389,4.917449360625126,6.093493569188696,PASS_OPERATIONAL
0.625,0.0015,1.7188974491876559,4.889617124832005,6.068906187427161,PASS_OPERATIONAL
0.625,0.00175,1.7279866372117654,4.857607534951197,6.040797107922997,PASS_OPERATIONAL
0.625,0.002,1.7385129834198212,4.821339899876089,6.009116073788554,PASS_OPERATIONAL
0.625,0.0022500000000000003,1.750589189401046,4.7807202610673425,5.973805288082527,PASS_OPERATIONAL
0.625,0.0025,1.7643501837891695,4.735640070911896,5.934798852051907,PASS_OPERATIONAL
0.625,0.00275,1.7799572203995997,4.685974589356317,5.892022100985653,PASS_OPERATIONAL
0.625,0.003,1.7976030852438254,4.631580938570423,5.845390820954329,PASS_OPERATIONAL
0.625,0.0032500000000000003,1.8175187502550136,4.5722957374671065,5.794810325683048,PASS_OPERATIONAL
0.625,0.0035,1.839981938925742,4.50793221385842,5.7401743677218215,PASS_OPERATIONAL
0.625,0.00375,1.8653282522666277,4.438276659324283,5.681363851596333,PASS_OPERATIONAL
0.625,0.004,1.8939657713256641,4.363084046735668,5.618245308275652,PASS_OPERATIONAL
0.625,0.00425,1.92639445093074,4.2820725671067255,5.550669079434767,PASS_OPERATIONAL
0.625,0.0045000000000000005,1.9632322233510446,4.1949167522635005,5.4784671457122665,PASS_OPERATIONAL
0.625,0.00475,2.0052506655791054,4.101238718879475,5.401450514180648,PASS_OPERATIONAL
0.625,0.005,2.053424564959202,4.000596875450566,5.319406054706441,PASS_OPERATIONAL
0.625,0.00525,2.10900212470266,3.892471139896982,5.232092640074441,PASS_OPERATIONAL
0.625,0.0055,2.1736065763203603,3.7762432589053883,5.139236396668275,PASS_OPERATIONAL
0.625,0.00575,2.2493869216042177,3.6511700903932205,5.040524805069422,PASS_OPERATIONAL
0.625,0.006,2.3392480006103007,3.5163465058420225,4.935599293811085,PASS_OPERATIONAL
0.625,0.00625,2.447213433016192,3.370652505218316,4.824045829996387,PASS_OPERATIONAL
0.625,0.006500000000000001,2.5790209415576006,3.212675443883933,4.705382803883544,PASS_OPERATIONAL
0.625,0.00675,2.7431455775999107,3.040591314490154,4.579045191724042,PASS_OPERATIONAL
0.625,0.007,2.952661881087809,2.851975091185802,4.44436349555447,PASS_EXTENDED
0.625,0.00725,3.228884715548573,2.643480029801538,4.300535183319651,PASS_EXTENDED
0.625,0.0075,3.609181082667701,2.4102542105228553,4.1465850743443236,PASS_EXTENDED
0.625,0.00775,4.165983676004074,2.144769549410138,3.9813089279657006,OUTSIDE_EXTENDED_RANGE
0.625,0.008,5.062358247114579,1.8341188634000745,3.8031905861710995,OUTSIDE_EXTENDED_RANGE
0.625,0.00825,6.7705871641080275,1.4522430402719824,3.6102756777077,OUTSIDE_EXTENDED_RANGE
0.625,0.0085,11.671200154294546,0.9257939267815193,3.399970218396865,OUTSIDE_EXTENDED_RANGE
0.625,0.00875,inf,-0.15,3.1687008397538934,NO_POSITIVE_BRAKE_BOUND
0.625,0.009000000000000001,inf,-0.15,2.9112985501910407,NO_POSITIVE_BRAKE_BOUND
0.625,0.00925,inf,-0.15,2.619767355433089,NO_POSITIVE_BRAKE_BOUND
0.625,0.0095,inf,-0.15,2.280460686530777,NO_POSITIVE_BRAKE_BOUND
0.625,0.00975,inf,-0.15,1.8660530508187645,NO_POSITIVE_BRAKE_BOUND
0.625,0.01,inf,-0.15,1.3011791056733624,NO_POSITIVE_BRAKE_BOUND
0.625,0.01025,inf,-0.15,0.1,NO_POSITIVE_BRAKE_BOUND
0.625,0.0105,inf,-0.15,0.1,NO_POSITIVE_BRAKE_BOUND
0.625,0.010750000000000001,inf,-0.15,0.1,NO_POSITIVE_BRAKE_BOUND
0.625,0.011,inf,-0.15,0.1,NO_POSITIVE_BRAKE_BOUND
0.625,0.01125,inf,-0.15,0.1,NO_POSITIVE_BRAKE_BOUND
0.625,0.0115,inf,-0.15,0.1,NO_POSITIVE_BRAKE_BOUND
0.625,0.01175,inf,-0.15,0.1,NO_POSITIVE_BRAKE_BOUND
0.625,0.012,inf,-0.15,0.1,NO_POSITIVE_BRAKE_BOUND
0.625,0.01225,inf,-0.15,0.1,NO_POSITIVE_BRAKE_BOUND
0.625,0.0125,inf,-0.15,0.1,NO_POSITIVE_BRAKE_BOUND
0.625,0.012750000000000001,inf,-0.15,0.1,NO_POSITIVE_BRAKE_BOUND
0.625,0.013000000000000001,inf,-0.15,0.1,NO_POSITIVE_BRAKE_BOUND
0.625,0.01325,inf,-0.15,0.1,NO_POSITIVE_BRAKE_BOUND
0.625,0.0135,inf,-0.15,0.1,NO_POSITIVE_BRAKE_BOUND
0.625,0.01375,inf,-0.15,0.1,NO_POSITIVE_BRAKE_BOUND
0.625,0.014,inf,-0.15,0.1,NO_POSITIVE_BRAKE_BOUND
0.6375,0.0,1.6724626637873323,5.099055924166268,6.286387339195959,PASS_OPERATIONAL
0.6375,0.00025,1.6742703889008497,5.091451349905387,6.279036960317041,PASS_OPERATIONAL
0.6375,0.0005,1.6770986042576062,5.079983855484163,6.268383945261843,PASS_OPERATIONAL
0.6375,0.00075,1.6809723145097355,5.064627956108183,6.254411143900288,PASS_OPERATIONAL
0.6375,0.001,1.685926141421364,5.0453491730031965,6.237095881030705,PASS_OPERATIONAL
0.6375,0.00125,1.692005111938927,5.022103639238583,6.2164097696740415,PASS_OPERATIONAL
0.6375,0.0015,1.6992657082488507,4.9948375870794015,6.192318473369893,PASS_OPERATIONAL
0.6375,0.00175,1.7077772263125095,4.96348670249811,6.164781412727425,PASS_OPERATIONAL
0.6375,0.002,1.7176235054694855,4.927975328083527,6.133751410206097,PASS_OPERATIONAL
0.6375,0.0022500000000000003,1.7289051125711496,4.88821549017358,6.099174265593896,PASS_OPERATIONAL
0.6375,0.0025,1.741742091687217,4.844105719247942,6.060988252845669,PASS_OPERATIONAL
0.6375,0.00275,1.7562774274779813,4.7955296239558605,6.019123526753269,PASS_OPERATIONAL
0.6375,0.003,1.7726814208375763,4.742354167946654,5.973501425228742,PASS_OPERATIONAL
0.6375,0.0032500000000000003,1.791157245259789,4.6844275839674125,5.9240336496421495,PASS_OPERATIONAL
0.6375,0.0035,1.8119480503262477,4.621576840146766,5.8706213014686774,PASS_OPERATIONAL
0.6375,0.00375,1.835346118080538,4.553604547049528,5.81315374819933,PASS_OPERATIONAL
0.6375,0.004,1.861704779397507,4.480285158111214,5.751507284695301,PASS_OPERATIONAL
0.6375,0.00425,1.8914540931539048,4.401360266186912,5.685543547423479,PASS_OPERATIONAL
0.6375,0.0045000000000000005,1.9251217330403092,4.316532728708589,5.6151076276138125,PASS_OPERATIONAL
0.6375,0.00475,1.9633612005805854,4.225459253315587,5.540025814365595,PASS_OPERATIONAL
0.6375,0.005,2.0069905319400214,4.127740928927908,5.46010287872948,PASS_OPERATIONAL
0.6375,0.00525,2.057046338568921,4.022910968307974,5.375118782829829,PASS_OPERATIONAL
0.6375,0.0055,2.114860759571027,3.9104185942615577,5.284824661274869,PASS_OPERATIONAL
0.6375,0.00575,2.182173520792316,3.789607479004095,5.188937871124392,PASS_OPERATIONAL
0.6375,0.006,2.2612993489929685,3.659686303808359,5.087135835022349,PASS_OPERATIONAL
0.6375,0.00625,2.355385589695672,3.5196876018300247,4.979048299675261,PASS_OPERATIONAL
0.6375,0.006500000000000001,2.4688225573765825,3.3684086137663143,4.864247482757803,PASS_OPERATIONAL
0.6375,0.00675,2.6079244517339975,3.204323474059263,4.742235359841642,PASS_OPERATIONAL
0.6375,0.007,2.7821163053247226,3.0254476031931308,4.612427006408421,PASS_OPERATIONAL
0.6375,0.00725,3.0061323801876125,2.8291179415097005,4.474128385514542,PASS_EXTENDED
0.6375,0.0075,3.3044124461203994,2.611614501523521,4.326506130430199,PASS_EXTENDED
0.6375,0.00775,3.720822933154623,2.367455127191943,4.168545477312999,PASS_EXTENDED
0.6375,0.008,4.343346014635922,2.0879322368259943,3.998990103111838,OUTSIDE_EXTENDED_RANGE
0.6375,0.00825,5.381124277937079,1.757562788645501,3.8162533067814493,OUTSIDE_EXTENDED_RANGE
0.6375,0.0085,7.505839742311526,1.342965373150026,3.61828178930626,OUTSIDE_EXTENDED_RANGE
0.6375,0.00875,15.379188457513436,0.7324908696553138,3.4023367712218655,OUTSIDE_EXTENDED_RANGE
0.6375,0.009000000000000001,inf,-0.15,3.164621158473597,NO_POSITIVE_BRAKE_BOUND
0.6375,0.00925,inf,-0.15,2.899594762133275,NO_POSITIVE_BRAKE_BOUND
0.6375,0.0095,inf,-0.15,2.598582020299528,NO_POSITIVE_BRAKE_BOUND
0.6375,0.00975,inf,-0.15,2.2464963743188737,NO_POSITIVE_BRAKE_BOUND
0.6375,0.01,inf,-0.15,1.8121140588652567,NO_POSITIVE_BRAKE_BOUND
0.6375,0.01025,inf,-0.15,1.202077905124708,NO_POSITIVE_BRAKE_BOUND
0.6375,0.0105,inf,-0.15,0.1,NO_POSITIVE_BRAKE_BOUND
0.6375,0.010750000000000001,inf,-0.15,0.1,NO_POSITIVE_BRAKE_BOUND
0.6375,0.011,inf,-0.15,0.1,NO_POSITIVE_BRAKE_BOUND
0.6375,0.01125,inf,-0.15,0.1,NO_POSITIVE_BRAKE_BOUND
0.6375,0.0115,inf,-0.15,0.1,NO_POSITIVE_BRAKE_BOUND
0.6375,0.01175,inf,-0.15,0.1,NO_POSITIVE_BRAKE_BOUND
0.6375,0.012,inf,-0.15,0.1,NO_POSITIVE_BRAKE_BOUND
0.6375,0.01225,inf,-0.15,0.1,NO_POSITIVE_BRAKE_BOUND
0.6375,0.0125,inf,-0.15,0.1,NO_POSITIVE_BRAKE_BOUND
0.6375,0.012750000000000001,inf,-0.15,0.1,NO_POSITIVE_BRAKE_BOUND
0.6375,0.013000000000000001,inf,-0.15,0.1,NO_POSITIVE_BRAKE_BOUND
0.6375,0.01325,inf,-0.15,0.1,NO_POSITIVE_BRAKE_BOUND
0.6375,0.0135,inf,-0.15,0.1,NO_POSITIVE_BRAKE_BOUND
0.6375,0.01375,inf,-0.15,0.1,NO_POSITIVE_BRAKE_BOUND
0.6375,0.014,inf,-0.15,0.1,NO_POSITIVE_BRAKE_BOUND
0.65,0.0,1.6553504602902136,5.20214173836979,6.407881334507254,PASS_OPERATIONAL
0.65,0.00025,1.6570538367855727,5.194683839667226,6.400672692389679,PASS_OPERATIONAL
0.65,0.0005,1.6597164350696925,5.183438311371005,6.3902256808341145,PASS_OPERATIONAL
0.65,0.00075,1.6633608528040402,5.168381127110016,6.376524129470467,PASS_OPERATIONAL
0.65,0.001,1.6680183508529642,5.149479797300863,6.35954666670239,PASS_OPERATIONAL
0.65,0.00125,1.673729536379671,5.126693012446338,6.339266550663227,PASS_OPERATIONAL
0.65,0.0015,1.6805452710047983,5.099970179915311,6.315651454242347,PASS_OPERATIONAL
0.65,0.00175,1.6885278425473507,5.069250841758806,6.288663200063888,PASS_OPERATIONAL
0.65,0.002,1.697752451990372,5.034463957363384,6.258257440203763,PASS_OPERATIONAL
0.65,0.0022500000000000003,1.7083090841968174,4.995527030149584,6.224383274144834,PASS_OPERATIONAL
0.65,0.0025,1.7203048530382274,4.952345051797262,6.186982796938481,PASS_OPERATIONAL
0.65,0.00275,1.7338669410960286,4.90480923022818,6.145990567692361,PASS_OPERATIONAL
0.65,0.003,1.7491462939692612,4.852795458261311,6.101332986247723,PASS_OPERATIONAL
0.65,0.0032500000000000003,1.7663222838639798,4.796162467731929,6.052927563125978,PASS_OPERATIONAL
0.65,0.0035,1.7856086330342198,4.7347495978811445,6.000682064357052,PASS_OPERATIONAL
0.65,0.00375,1.8072609945246951,4.6683740854773825,5.94449350844237,PASS_OPERATIONAL
0.65,0.004,1.8315867403765238,4.596827755248762,5.884246987173439,PASS_OPERATIONAL
0.65,0.00425,1.8589577290447135,4.519872949577965,5.819814274941539,PASS_OPERATIONAL
0.65,0.0045000000000000005,1.8898271507006486,4.437237481229852,5.751052182012214,PASS_OPERATIONAL
0.65,0.00475,1.9247520402447558,4.348608314801368,5.677800595272747,PASS_OPERATIONAL
0.65,0.005,1.9644238005315933,4.253623570152199,5.599880134168835,PASS_OPERATIONAL
0.65,0.00525,2.009710257329693,4.151862276038135,5.517089328470134,PASS_OPERATIONAL
0.65,0.0055,2.0617146599357405,4.042831054693237,5.429201196035387,PASS_OPERATIONAL
0.65,0.00575,2.1218601627037734,3.9259465380694096,5.3359590597926765,PASS_OPERATIONAL
0.65,0.006,2.19201363182604,3.800511716980473,5.237071389091747,PASS_OPERATIONAL
0.65,0.00625,2.274671973163702,3.6656834496063744,5.1322053744084215,PASS_OPERATIONAL
0.65,0.006500000000000001,2.3732513236082644,3.520426714429809,5.0209788352140885,PASS_OPERATIONAL
0.65,0.00675,2.4925523901301117,3.3634483148610586,4.902949901448589,PASS_OPERATIONAL
0.65,0.007,2.639542083224098,3.1930974519448285,4.777603671520815,PASS_OPERATIONAL
0.65,0.00725,2.8247365390449235,3.0072102878965796,4.644334687567038,PASS_EXTENDED
0.65,0.0075,3.064811185891437,2.8028541697144496,4.502423501916303,PASS_EXTENDED
0.65,0.00775,3.3879487642424047,2.575878465742743,4.351004695436716,PASS_EXTENDED
0.65,0.008,3.846060685387372,2.3200554222931933,4.189022186761157,PASS_EXTENDED
0.65,0.00825,4.547332954763424,2.025230765964845,4.015165036090433,OUTSIDE_EXTENDED_RANGE
0.65,0.0085,5.765762998717427,1.6725747441463141,3.827772172306806,OUTSIDE_EXTENDED_RANGE
0.65,0.00875,8.503836530160656,1.2180728151673796,3.624685343434929,OUTSIDE_EXTENDED_RANGE
0.65,0.009000000000000001,25.44664816931851,0.46738357120998986,3.4030109694981334,OUTSIDE_EXTENDED_RANGE
0.65,0.00925,inf,-0.15,3.158710423009183,NO_POSITIVE_BRAKE_BOUND
0.65,0.0095,inf,-0.15,2.8858375278944424,NO_POSITIVE_BRAKE_BOUND
0.65,0.00975,inf,-0.15,2.5749596571712066,NO_POSITIVE_BRAKE_BOUND
0.65,0.01,inf,-0.15,2.2093395104214517,NO_POSITIVE_BRAKE_BOUND
0.65,0.01025,inf,-0.15,1.7530439584672308,NO_POSITIVE_BRAKE_BOUND
0.65,0.0105,inf,-0.15,1.0874962176256713,NO_POSITIVE_BRAKE_BOUND
0.65,0.010750000000000001,inf,-0.15,0.1,NO_POSITIVE_BRAKE_BOUND
0.65,0.011,inf,-0.15,0.1,NO_POSITIVE_BRAKE_BOUND
0.65,0.01125,inf,-0.15,0.1,NO_POSITIVE_BRAKE_BOUND
0.65,0.0115,inf,-0.15,0.1,NO_POSITIVE_BRAKE_BOUND
0.65,0.01175,inf,-0.15,0.1,NO_POSITIVE_BRAKE_BOUND
0.65,0.012,inf,-0.15,0.1,NO_POSITIVE_BRAKE_BOUND
0.65,0.01225,inf,-0.15,0.1,NO_POSITIVE_BRAKE_BOUND
0.65,0.0125,inf,-0.15,0.1,NO_POSITIVE_BRAKE_BOUND
0.65,0.012750000000000001,inf,-0.15,0.1,NO_POSITIVE_BRAKE_BOUND
0.65,0.013000000000000001,inf,-0.15,0.1,NO_POSITIVE_BRAKE_BOUND
0.65,0.01325,inf,-0.15,0.1,NO_POSITIVE_BRAKE_BOUND
0.65,0.0135,inf,-0.15,0.1,NO_POSITIVE_BRAKE_BOUND
0.65,0.01375,inf,-0.15,0.1,NO_POSITIVE_BRAKE_BOUND
0.65,0.014,inf,-0.15,0.1,NO_POSITIVE_BRAKE_BOUND
0.6625,0.0,1.6389587831711219,5.305224499525661,6.529371731583814,PASS_OPERATIONAL
0.6625,0.00025,1.6405659574347924,5.297907717521011,6.522299456525603,PASS_OPERATIONAL
0.6625,0.0005,1.6430759012949028,5.286875699684976,6.512050611815932,PASS_OPERATIONAL
0.6625,0.00075,1.6465090785310161,5.27210576859443,6.498609933453442,PASS_OPERATIONAL
0.6625,0.001,1.6508937740697067,5.253567273072947,6.481957255050292,PASS_OPERATIONAL
0.6625,0.00125,1.656266687828045,5.231221264752547,6.462067354475985,PASS_OPERATIONAL
0.6625,0.0015,1.6626737225544443,5.205020078638828,6.43890975904288,PASS_OPERATIONAL
0.6625,0.00175,1.6701709977115797,5.174906806867608,6.412448505650487,PASS_OPERATIONAL
0.6625,0.002,1.6788261321920617,5.140814651622659,6.382641851362296,PASS_OPERATIONAL
0.6625,0.0022500000000000003,1.6887198523839682,5.10266613926918,6.3494419287876465,PASS_OPERATIONAL
0.6625,0.0025,1.6999479999679157,5.0603721729090525,6.312794339336291,PASS_OPERATIONAL
0.6625,0.00275,1.7126240374472266,5.013830894464399,6.2726376758472595,PASS_OPERATIONAL
0.6625,0.003,1.7268821810838395,4.962926319616292,6.228902964192619,PASS_OPERATIONAL
0.6625,0.0032500000000000003,1.7428813339430673,4.907526698874164,6.181513011125526,PASS_OPERATIONAL
0.6625,0.0035,1.7608100509770976,4.847482544904484,6.130381642756042,PASS_OPERATIONAL
0.6625,0.00375,1.7808928506774666,4.782624248838036,6.075412814432912,PASS_OPERATIONAL
0.6625,0.004,1.80339830461885,4.712759184930403,6.016499568265772,PASS_OPERATIONAL
0.6625,0.00425,1.8286495037778225,4.63766817123169,5.95352280874424,PASS_OPERATIONAL
0.6625,0.0045000000000000005,1.857037744702704,4.557101110219006,5.886349859495972,PASS_OPERATIONAL
0.6625,0.00475,1.889040640569235,4.470771572218756,5.814832754621001,PASS_OPERATIONAL
0.6625,0.005,1.925246408709374,4.378349997540495,5.738806205473731,PASS_OPERATIONAL
0.6625,0.00525,1.9663869284681434,4.279455067457508,5.658085167149659,PASS_OPERATIONAL
0.6625,0.0055,2.0133834908013197,4.17364260847552,5.572461906718863,PASS_OPERATIONAL
0.6625,0.00575,2.067411306650146,4.060391114115766,5.481702445183036,PASS_OPERATIONAL
0.6625,0.006,2.129992407888182,3.9390825350712846,5.3855422039076615,PASS_OPERATIONAL
0.6625,0.00625,2.2031326954130894,3.8089762995280734,5.28368062894398,PASS_OPERATIONAL
0.6625,0.006500000000000001,2.289529780546865,3.6691733946791416,5.175774485661184,PASS_OPERATIONAL
0.6625,0.00675,2.392898473970909,3.5185654163207998,5.061429399728375,PASS_OPERATIONAL
0.6625,0.007,2.51850014244335,3.3557600781891788,4.9401890500773895,PASS_OPERATIONAL
0.6625,0.00725,2.674043390727164,3.1789683018354196,4.811521164686524,PASS_OPERATIONAL
0.6625,0.0075,2.8713032190232166,2.98582539377195,4.674799080056856,PASS_EXTENDED
0.6625,0.00775,3.12923872297296,2.773091952475153,4.529277012480598,PASS_EXTENDED
0.6625,0.008,3.4805515469037536,2.53611744751137,4.374056197160849,PASS_EXTENDED
0.6625,0.00825,3.987224677155319,2.2677845308928997,4.208037389373307,PASS_EXTENDED
0.6625,0.0085,4.784164698725707,1.9561414602597318,4.029852325633758,OUTSIDE_EXTENDED_RANGE
0.6625,0.00875,6.239651005930919,1.5779109873558281,3.8377614561243814,OUTSIDE_EXTENDED_RANGE
0.6625,0.009000000000000001,9.953286312679952,1.072790099168698,3.629495062652596,OUTSIDE_EXTENDED_RANGE
0.6625,0.00925,inf,-0.15,3.4019938498563365,NO_POSITIVE_BRAKE_BOUND
0.6625,0.0095,inf,-0.15,3.1509579912691477,NO_POSITIVE_BRAKE_BOUND
0.6625,0.00975,inf,-0.15,2.8699962522157083,NO_POSITIVE_BRAKE_BOUND
0.6625,0.01,inf,-0.15,2.548829741506964,NO_POSITIVE_BRAKE_BOUND
0.6625,0.01025,inf,-0.15,2.1688180831791533,NO_POSITIVE_BRAKE_BOUND
0.6625,0.0105,inf,-0.15,1.688270352455482,NO_POSITIVE_BRAKE_BOUND
0.6625,0.010750000000000001,inf,-0.15,0.9512052963234339,NO_POSITIVE_BRAKE_BOUND
0.6625,0.011,inf,-0.15,0.1,NO_POSITIVE_BRAKE_BOUND
0.6625,0.01125,inf,-0.15,0.1,NO_POSITIVE_BRAKE_BOUND
0.6625,0.0115,inf,-0.15,0.1,NO_POSITIVE_BRAKE_BOUND
0.6625,0.01175,inf,-0.15,0.1,NO_POSITIVE_BRAKE_BOUND
0.6625,0.012,inf,-0.15,0.1,NO_POSITIVE_BRAKE_BOUND
0.6625,0.01225,inf,-0.15,0.1,NO_POSITIVE_BRAKE_BOUND
0.6625,0.0125,inf,-0.15,0.1,NO_POSITIVE_BRAKE_BOUND
0.6625,0.012750000000000001,inf,-0.15,0.1,NO_POSITIVE_BRAKE_BOUND
0.6625,0.013000000000000001,inf,-0.15,0.1,NO_POSITIVE_BRAKE_BOUND
0.6625,0.01325,inf,-0.15,0.1,NO_POSITIVE_BRAKE_BOUND
0.6625,0.0135,inf,-0.15,0.1,NO_POSITIVE_BRAKE_BOUND
0.6625,0.01375,inf,-0.15,0.1,NO_POSITIVE_BRAKE_BOUND
0.6625,0.014,inf,-0.15,0.1,NO_POSITIVE_BRAKE_BOUND
0.675,0.0,1.623243416341881,5.408304377496791,6.650858730621219,PASS_OPERATIONAL
0.675,0.00025,1.6247617558138987,5.401123463885486,6.643917752765254,PASS_OPERATIONAL
0.675,0.0005,1.6271307641195412,5.39029697638132,6.633859678180749,PASS_OPERATIONAL
0.675,0.00075,1.6303690087440044,5.375803487141033,6.620670082603186,PASS_OPERATIONAL
0.675,0.001,1.6345021330474692,5.357614046690272,6.604329915599012,PASS_OPERATIONAL
0.675,0.00125,1.6395633739715052,5.335691890080958,6.584815361176927,PASS_OPERATIONAL
0.675,0.0015,1.645594247507241,5.309992056340375,6.5620976608958985,PASS_OPERATIONAL
0.675,0.00175,1.6526454286862875,5.280460911791926,6.53614289634376,PASS_OPERATIONAL
0.675,0.002,1.6607778616949465,5.247035565057914,6.5069117270457415,PASS_OPERATIONAL
0.675,0.0022500000000000003,1.6700641469264979,5.209643158205591,6.474359078915797,PASS_OPERATIONAL
0.675,0.0025,1.6805902662773262,5.168200014375165,6.438433777247835,PASS_OPERATIONAL
0.675,0.00275,1.6924577270105088,5.1226106170757575,6.399078116911732,PASS_OPERATIONAL
0.675,0.003,1.7057862298140853,5.072766389807225,6.356227360810687,PASS_OPERATIONAL
0.675,0.0032500000000000003,1.7207170007814034,5.018544236291298,6.309809155695225,PASS_OPERATIONAL
0.675,0.0035,1.7374169735726694,4.959804790723418,6.259742852015516,PASS_OPERATIONAL
0.675,0.00375,1.7560840723175926,4.896390313174359,6.205938711496885,PASS_OPERATIONAL
0.675,0.004,1.7769539358430082,4.828122146281667,6.148296982370843,PASS_OPERATIONAL
0.675,0.00425,1.8003085515980208,4.754797623806715,6.086706817454505,PASS_OPERATIONAL
0.675,0.0045000000000000005,1.8264874517412832,4.676186286758934,6.021045004233311,PASS_OPERATIONAL
0.675,0.00475,1.855902393316123,4.592025214536506,5.951174468340202,PASS_OPERATIONAL
0.675,0.005,1.889056845753631,4.5020132107400554,5.876942501752657,PASS_OPERATIONAL
0.675,0.00525,1.9265722180803893,4.405803486466465,5.798178653829331,PASS_OPERATIONAL
0.675,0.0055,1.9692237023225303,4.3029943429674375,5.714692205825378,PASS_OPERATIONAL
0.675,0.00575,2.0179901072156974,4.19311714630172,5.626269126106351,PASS_OPERATIONAL
0.675,0.006,2.0741244941923687,4.075620568780401,5.53266837152391,PASS_OPERATIONAL
0.675,0.00625,2.1392565130792787,3.949849576862546,5.433617356781067,PASS_OPERATIONAL
0.675,0.006500000000000001,2.215544410748136,3.815016851326108,5.32880635278801,PASS_OPERATIONAL
0.675,0.00675,2.305907411233365,3.6701630104617267,5.217881488873716,PASS_OPERATIONAL
0.675,0.007,2.414393069351198,3.5140997446166775,5.100435909613906,PASS_OPERATIONAL
0.675,0.00725,2.5467814478266506,3.345325902873722,4.975998454773776,PASS_OPERATIONAL
0.675,0.0075,2.7116271876162847,3.1618988681570586,4.844018957440648,PASS_OPERATIONAL
0.675,0.00775,2.9221647455146647,2.961228017246567,4.703848835372013,PASS_EXTENDED
0.675,0.008,3.200056883478236,2.7397231968650564,4.554714987758055,PASS_EXTENDED
0.675,0.00825,3.5835084940081257,2.4921497403629496,4.395683931361366,PASS_EXTENDED
0.675,0.0085,4.147272148333299,2.210318847804253,4.225611293730451,OUTSIDE_EXTENDED_RANGE
0.675,0.00875,5.062324954128558,1.8800122149632488,4.043068595466765,OUTSIDE_EXTENDED_RANGE
0.675,0.009000000000000001,6.8395826708112235,1.471878182632714,3.846233394084816,OUTSIDE_EXTENDED_RANGE
0.675,0.00925,12.30383566934366,0.8986766911207679,3.6327174568816365,OUTSIDE_EXTENDED_RANGE
0.675,0.0095,inf,-0.15,3.399283848073133,NO_POSITIVE_BRAKE_BOUND
0.675,0.00975,inf,-0.15,3.141349779778094,NO_POSITIVE_BRAKE_BOUND
0.675,0.01,inf,-0.15,2.852034946826848,NO_POSITIVE_BRAKE_BOUND
0.675,0.01025,inf,-0.15,2.520111052608176,NO_POSITIVE_BRAKE_BOUND
0.675,0.0105,inf,-0.15,2.124730095137683,NO_POSITIVE_BRAKE_BOUND
0.675,0.010750000000000001,inf,-0.15,1.6170628537263227,NO_POSITIVE_BRAKE_BOUND
0.675,0.011,inf,-0.15,0.7802798975100314,NO_POSITIVE_BRAKE_BOUND
0.675,0.01125,inf,-0.15,0.1,NO_POSITIVE_BRAKE_BOUND
0.675,0.0115,inf,-0.15,0.1,NO_POSITIVE_BRAKE_BOUND
0.675,0.01175,inf,-0.15,0.1,NO_POSITIVE_BRAKE_BOUND
0.675,0.012,inf,-0.15,0.1,NO_POSITIVE_BRAKE_BOUND
0.675,0.01225,inf,-0.15,0.1,NO_POSITIVE_BRAKE_BOUND
0.675,0.0125,inf,-0.15,0.1,NO_POSITIVE_BRAKE_BOUND
0.675,0.012750000000000001,inf,-0.15,0.1,NO_POSITIVE_BRAKE_BOUND
0.675,0.013000000000000001,inf,-0.15,0.1,NO_POSITIVE_BRAKE_BOUND
0.675,0.01325,inf,-0.15,0.1,NO_POSITIVE_BRAKE_BOUND
0.675,0.0135,inf,-0.15,0.1,NO_POSITIVE_BRAKE_BOUND
0.675,0.01375,inf,-0.15,0.1,NO_POSITIVE_BRAKE_BOUND
0.675,0.014,inf,-0.15,0.1,NO_POSITIVE_BRAKE_BOUND
0.6875,0.0,1.608163666654058,5.511381529770362,6.772342517229355,PASS_OPERATIONAL
0.6875,0.00025,1.6095998474507422,5.504331524064096,6.7655280446208135,PASS_OPERATIONAL
0.6875,0.0005,1.6118385358036602,5.493703027199872,6.755653750971918,PASS_OPERATIONAL
0.6875,0.00075,1.614896610159047,5.4794757705513755,6.742705991147476,PASS_OPERATIONAL
0.6875,0.001,1.6187973635649824,5.461622382165874,6.726666749552641,PASS_OPERATIONAL
0.6875,0.00125,1.6235709562221463,5.44010811931442,6.707513513208018,PASS_OPERATIONAL
0.6875,0.0015,1.6292550135585055,5.414890522555228,6.68521911082893,PASS_OPERATIONAL
0.6875,0.00175,1.6358953922587778,5.3859189830799545,6.659751515173922,PASS_OPERATIONAL
0.6875,0.002,1.6435471439827767,5.35313421272142,6.631073605221928,PASS_OPERATIONAL
0.6875,0.0022500000000000003,1.6522757157107095,5.316467603125898,6.59914288392143,PASS_OPERATIONAL
0.6875,0.0025,1.662158437466008,5.275840457074369,6.563911146297307,PASS_OPERATIONAL
0.6875,0.00275,1.673286363559046,5.231163070566158,6.525324091563519,PASS_OPERATIONAL
0.6875,0.003,1.6857665538244777,5.182333638776273,6.483320871523424,PASS_OPERATIONAL
0.6875,0.0032500000000000003,1.6997249085095576,5.129236951987001,6.437833565882475,PASS_OPERATIONAL
0.6875,0.0035,1.7153097072627888,5.071742838557352,6.3887865730700835,PASS_OPERATIONAL
0.6875,0.00375,1.7326960530717561,5.009704300211883,6.336095902664308,PASS_OPERATIONAL
0.6875,0.004,1.7520914919047297,4.942955269391732,6.27966835239777,PASS_OPERATIONAL
0.6875,0.00425,1.7737431770490892,4.871307897672179,6.2194005488141215,PASS_OPERATIONAL
0.6875,0.0045000000000000005,1.797947087132779,4.794549256223969,6.155177825698149,PASS_OPERATIONAL
0.6875,0.00475,1.8250600093233538,4.7124372909092616,6.08687290809038,PASS_OPERATIONAL
0.6875,0.005,1.855515296939669,4.624695821267047,6.014344361569299,PASS_OPERATIONAL
0.6875,0.00525,1.8898438562987712,4.5310082973676735,5.937434755920323,PASS_OPERATIONAL
0.6875,0.0055,1.9287024975727751,4.431009920446036,5.855968478442751,PASS_OPERATIONAL
0.6875,0.00575,1.9729128445447246,4.324277575120368,5.769749113746266,PASS_OPERATIONAL
0.6875,0.006,2.0235156908848864,4.210316784824814,5.67855628219583,PASS_OPERATIONAL
0.6875,0.00625,2.0818484665057344,4.088544540950938,5.582141795614791,PASS_OPERATIONAL
0.6875,0.006500000000000001,2.1496581687171696,3.9582662893275313,5.480224942660535,PASS_OPERATIONAL
0.6875,0.00675,2.229270315924032,3.818644441018244,5.37248665174475,PASS_OPERATIONAL
0.6875,0.007,2.323849398017321,3.6686542408582903,5.2585621877444275,PASS_OPERATIONAL
0.6875,0.00725,2.4378146810478833,3.507020158547803,5.138031906372424,PASS_OPERATIONAL
0.6875,0.0075,2.5775321911112736,3.3321211043881016,5.010409395073547,PASS_OPERATIONAL
0.6875,0.00775,2.752525556223298,3.141843411832496,4.875126035784454,PASS_OPERATIONAL
0.6875,0.008,2.977730046371829,2.933341276476706,4.73151057224601,PASS_EXTENDED
0.6875,0.00825,3.2780314051763146,2.70262134241911,4.578761547216659,PASS_EXTENDED
0.6875,0.0085,3.6984009275302863,2.4437614261965193,4.415909302293847,PASS_EXTENDED
0.6875,0.00875,4.330014532482175,2.1472685662814865,4.241762246583761,OUTSIDE_EXTENDED_RANGE
0.6875,0.009000000000000001,5.393723556230972,1.7960169865715454,4.054828593204332,OUTSIDE_EXTENDED_RANGE
0.6875,0.00925,7.627480728870229,1.3520705959524693,3.853198261326808,OUTSIDE_EXTENDED_RANGE
0.6875,0.0095,17.021106254476834,0.6777347130723758,3.6343568677804137,OUTSIDE_EXTENDED_RANGE
0.6875,0.00975,inf,-0.15,3.3948767870174716,NO_POSITIVE_BRAKE_BOUND
0.6875,0.01,inf,-0.15,3.1298681336366063,NO_POSITIVE_BRAKE_BOUND
0.6875,0.01025,inf,-0.15,2.83191179682408,NO_POSITIVE_BRAKE_BOUND
0.6875,0.0105,inf,-0.15,2.48871022035461,NO_POSITIVE_BRAKE_BOUND
0.6875,0.010750000000000001,inf,-0.15,2.0768369332918106,NO_POSITIVE_BRAKE_BOUND
0.6875,0.011,inf,-0.15,1.5384663004834616,NO_POSITIVE_BRAKE_BOUND
0.6875,0.01125,inf,-0.15,0.5357058953314437,NO_POSITIVE_BRAKE_BOUND
0.6875,0.0115,inf,-0.15,0.1,NO_POSITIVE_BRAKE_BOUND
0.6875,0.01175,inf,-0.15,0.1,NO_POSITIVE_BRAKE_BOUND
0.6875,0.012,inf,-0.15,0.1,NO_POSITIVE_BRAKE_BOUND
0.6875,0.01225,inf,-0.15,0.1,NO_POSITIVE_BRAKE_BOUND
0.6875,0.0125,inf,-0.15,0.1,NO_POSITIVE_BRAKE_BOUND
0.6875,0.012750000000000001,inf,-0.15,0.1,NO_POSITIVE_BRAKE_BOUND
0.6875,0.013000000000000001,inf,-0.15,0.1,NO_POSITIVE_BRAKE_BOUND
0.6875,0.01325,inf,-0.15,0.1,NO_POSITIVE_BRAKE_BOUND
0.6875,0.0135,inf,-0.15,0.1,NO_POSITIVE_BRAKE_BOUND
0.6875,0.01375,inf,-0.15,0.1,NO_POSITIVE_BRAKE_BOUND
0.6875,0.014,inf,-0.15,0.1,NO_POSITIVE_BRAKE_BOUND
0.7,0.0,1.593682021645119,5.614456102565097,6.893823263737437,PASS_OPERATIONAL
0.7,0.00025,1.5950421049027597,5.607532311398694,6.887130762354589,PASS_OPERATIONAL
0.7,0.0005,1.597160107970521,5.597094674007032,6.877433638516869,PASS_OPERATIONAL
0.7,0.00075,1.6000514015297125,5.583123998659021,6.864718970992068,PASS_OPERATIONAL
0.7,0.001,1.603737182705184,5.5655943779103145,6.84896970516982,PASS_OPERATIONAL
0.7,0.00125,1.608244871687735,5.54447294474212,6.830164537282873,PASS_OPERATIONAL
0.7,0.0015,1.6136086349649874,5.519719557508995,6.808277767750825,PASS_OPERATIONAL
0.7,0.00175,1.6198700540288042,5.49128640648567,6.783279121247293,PASS_OPERATIONAL
0.7,0.002,1.6270789644860817,5.459117532731864,6.755133530478558,PASS_OPERATIONAL
0.7,0.0022500000000000003,1.6352944980874216,5.4231482475168376,6.723800879955555,PASS_OPERATIONAL
0.7,0.0025,1.6445863698624983,5.383304437530977,6.689235705216501,PASS_OPERATIONAL
0.7,0.00275,1.6550364650719525,5.339501737389286,6.65138684198239,PASS_OPERATIONAL
0.7,0.003,1.6667407971055772,5.291644546274591,6.610197018562495,PASS_OPERATIONAL
0.7,0.0032500000000000003,1.6798119292513154,5.239624859672516,6.565602383421053,PASS_OPERATIONAL
0.7,0.0035,1.6943819825269892,5.1833208796021255,6.517531958105078,PASS_OPERATIONAL
0.7,0.00375,1.7106063915276932,5.122595356975538,6.465907003632711,PASS_OPERATIONAL
0.7,0.004,1.7286686249053058,5.057293606932491,6.410640285842634,PASS_OPERATIONAL
0.7,0.00425,1.7487861631893382,4.987241121068778,6.351635221963931,PASS_OPERATIONAL
0.7,0.0045000000000000005,1.7712181339882385,4.912240677802666,6.288784886591228,PASS_OPERATIONAL
0.7,0.00475,1.7962751581573673,4.832068821363269,6.221970850085779,PASS_OPERATIONAL
0.7,0.005,1.8243321835666992,4.74647153758704,6.151061815822079,PASS_OPERATIONAL
0.7,0.00525,1.8558454125312827,4.655158895687009,6.0759120141866205,PASS_OPERATIONAL
0.7,0.0055,1.8913749244355966,4.557798341475556,5.996359300152934,PASS_OPERATIONAL
0.7,0.00575,1.9316153553039426,4.454006206772531,5.912222886684577,PASS_OPERATIONAL
0.7,0.006,1.9774381885585375,4.343336822095579,5.823300626849859,PASS_OPERATIONAL
0.7,0.00625,2.029951128294695,4.225268352729921,5.729365731492314,PASS_OPERATIONAL
0.7,0.006500000000000001,2.0905831944169915,4.09918406718278,5.63016277385214,PASS_OPERATIONAL
0.7,0.00675,2.1612095794533146,3.9643470966849654,5.525402783618927,PASS_OPERATIONAL
0.7,0.007,2.24433984466936,3.8198656833701565,5.414757164396131,PASS_OPERATIONAL
0.7,0.00725,2.343410577754091,3.6646441213827528,5.2978500710678444,PASS_OPERATIONAL
0.7,0.0075,2.463257472969133,3.497311436990267,5.1742487423164425,PASS_OPERATIONAL
0.7,0.00775,2.610910811117471,3.3161140172821786,5.043451074836282,PASS_OPERATIONAL
0.7,0.008,2.7970088448717862,3.118746970935499,4.904869410556336,PASS_OPERATIONAL
0.7,0.00825,3.0384800255527504,2.902075008252582,4.757809020183201,PASS_EXTENDED
0.7,0.0085,3.3640810074141956,2.6616386092099384,4.6014389896232055,PASS_EXTENDED
0.7,0.00875,3.8271911372189864,2.3906999426142383,4.4347519397192725,PASS_EXTENDED
0.7,0.009000000000000001,4.540454633926159,2.0781596542438323,4.256506835468936,OUTSIDE_EXTENDED_RANGE
0.7,0.00925,5.7956802831840255,1.703086454540101,4.065145276090147,OUTSIDE_EXTENDED_RANGE
0.7,0.0095,8.717505238490144,1.2148655933827344,3.858664435740441,OUTSIDE_EXTENDED_RANGE
0.7,0.00975,34.8262025993651,0.3514792964819199,3.634415498112808,OUTSIDE_EXTENDED_RANGE
0.7,0.01,inf,-0.15,3.3887658443403965,NO_POSITIVE_BRAKE_BOUND
0.7,0.01025,inf,-0.15,3.116491660406175,NO_POSITIVE_BRAKE_BOUND
0.7,0.0105,inf,-0.15,2.809578636707191,NO_POSITIVE_BRAKE_BOUND
0.7,0.010750000000000001,inf,-0.15,2.454519936738698,NO_POSITIVE_BRAKE_BOUND
0.7,0.011,inf,-0.15,2.0248545839361496,NO_POSITIVE_BRAKE_BOUND
0.7,0.01125,inf,-0.15,1.451191880859268,NO_POSITIVE_BRAKE_BOUND
0.7,0.0115,inf,-0.15,0.1,NO_POSITIVE_BRAKE_BOUND
0.7,0.01175,inf,-0.15,0.1,NO_POSITIVE_BRAKE_BOUND
0.7,0.012,inf,-0.15,0.1,NO_POSITIVE_BRAKE_BOUND
0.7,0.01225,inf,-0.15,0.1,NO_POSITIVE_BRAKE_BOUND
0.7,0.0125,inf,-0.15,0.1,NO_POSITIVE_BRAKE_BOUND
0.7,0.012750000000000001,inf,-0.15,0.1,NO_POSITIVE_BRAKE_BOUND
0.7,0.013000000000000001,inf,-0.15,0.1,NO_POSITIVE_BRAKE_BOUND
0.7,0.01325,inf,-0.15,0.1,NO_POSITIVE_BRAKE_BOUND
0.7,0.0135,inf,-0.15,0.1,NO_POSITIVE_BRAKE_BOUND
0.7,0.01375,inf,-0.15,0.1,NO_POSITIVE_BRAKE_BOUND
0.7,0.014,inf,-0.15,0.1,NO_POSITIVE_BRAKE_BOUND
0.7125,0.0,1.5797638462596835,5.717528231821727,7.015301130361321,PASS_OPERATIONAL
0.7125,0.00025,1.581053344827444,5.71072621008907,7.008726305910269,PASS_OPERATIONAL
0.7125,0.0005,1.583059423138375,5.700472680461382,6.999200091979979,PASS_OPERATIONAL
0.7125,0.00075,1.5857961030618999,5.686749452976802,6.986710240831725,PASS_OPERATIONAL
0.7125,0.001,1.589282708571349,5.669531981665277,6.971240591478118,PASS_OPERATIONAL
0.7125,0.00125,1.5935442142176277,5.648789141814436,6.952770963893114,PASS_OPERATIONAL
0.7125,0.0015,1.5986117040679622,5.624482942534768,6.931277025123235,PASS_OPERATIONAL
0.7125,0.00175,1.6045229570347672,5.596568168291836,6.906730125190549,PASS_OPERATIONAL
0.7125,0.002,1.611323179566141,5.564991941273845,6.879097100143688,PASS_OPERATIONAL
0.7125,0.0022500000000000003,1.619065912951054,5.529693194321767,6.848340039000447,PASS_OPERATIONAL
0.7125,0.0025,1.6278141504511139,5.490602041557708,6.814416010613027,PASS_OPERATIONAL
0.7125,0.00275,1.6376417097044278,5.447639030665071,6.777276745648375,PASS_OPERATIONAL
0.7125,0.003,1.6486349191767138,5.400714256816414,6.736868267878801,PASS_OPERATIONAL
0.7125,0.0032500000000000003,1.6608946950027283,5.349726313265506,6.693130467780579,PASS_OPERATIONAL
0.7125,0.0035,1.6745391079771859,5.294561047286089,6.645996609988166,PASS_OPERATIONAL
0.7125,0.00375,1.6897065720160782,5.235090081997235,6.59539276438127,PASS_OPERATIONAL
0.7125,0.004,1.7065598284374213,5.171169054035493,6.541237148403757,PASS_OPERATIONAL
0.7125,0.00425,1.7252909597703385,5.1026355031379245,6.483439365512651,PASS_OPERATIONAL
0.7125,0.0045000000000000005,1.746127749723859,5.029306331240217,6.421899521281286,PASS_OPERATIONAL
0.7125,0.00475,1.7693418233439173,4.9509747238763095,6.356507194431774,PASS_OPERATIONAL
0.7125,0.005,1.7952591700006326,4.867406392871221,6.2871402346784215,PASS_OPERATIONAL
0.7125,0.00525,1.8242738978268447,4.778334952661496,6.213663352358924,PASS_OPERATIONAL
0.7125,0.0055,1.8568664332190339,4.683456177190913,6.135926455911847,PASS_OPERATIONAL
0.7125,0.00575,1.893627930767901,4.582420791183408,6.0537626816305465,PASS_OPERATIONAL
0.7125,0.006,1.9352935103543443,4.474825314498375,5.9669860448084036,PASS_OPERATIONAL
0.7125,0.00625,1.9827882820059382,4.360200278393965,5.875388621000023,PASS_OPERATIONAL
0.7125,0.006500000000000001,2.0372922947643857,4.237994830173002,5.778737138658256,PASS_OPERATIONAL
0.7125,0.00675,2.1003341697148743,4.107556273829507,5.676768826944197,PASS_OPERATIONAL
0.7125,0.007,2.173929410898911,3.968102346569958,5.569186310702586,PASS_OPERATIONAL
0.7125,0.00725,2.2607905116127758,3.8186827998247725,5.455651271878758,PASS_OPERATIONAL
0.7125,0.0075,2.364656683294994,3.6581247499556793,5.335776492897359,PASS_OPERATIONAL
0.7125,0.00775,2.4908315467374567,3.484952513255847,5.20911574677816,PASS_OPERATIONAL
0.7125,0.008,2.647101163162879,3.2972656052043625,5.075150775320941,PASS_OPERATIONAL
0.7125,0.00825,2.845391887535607,3.0925445638919133,4.9332742580135625,PASS_EXTENDED
0.7125,0.0085,3.104982097713218,2.867324155874704,4.782767147956062,PASS_EXTENDED
0.7125,0.00875,3.459315748257218,2.6166025358234943,4.622767909541296,PASS_EXTENDED
0.7125,0.009000000000000001,3.972344145424261,2.3326656717377374,4.452229802983357,PASS_EXTENDED
0.7125,0.00925,4.785302147098272,2.002408604523082,4.269859979085217,OUTSIDE_EXTENDED_RANGE
0.7125,0.0095,6.29451302129744,1.5997975542402045,4.074029884786546,OUTSIDE_EXTENDED_RANGE
0.7125,0.00975,10.349834282859089,1.0543317141157578,3.8626384490110883,OUTSIDE_EXTENDED_RANGE
0.7125,0.01,inf,-0.15,3.632893426580621,NO_POSITIVE_BRAKE_BOUND
0.7125,0.01025,inf,-0.15,3.3809414993224984,NO_POSITIVE_BRAKE_BOUND
0.7125,0.0105,inf,-0.15,3.1011950241822936,NO_POSITIVE_BRAKE_BOUND
0.7125,0.010750000000000001,inf,-0.15,2.784980319700046,NO_POSITIVE_BRAKE_BOUND
0.7125,0.011,inf,-0.15,2.417416741541445,NO_POSITIVE_BRAKE_BOUND
0.7125,0.01125,inf,-0.15,1.9684417795523002,NO_POSITIVE_BRAKE_BOUND
0.7125,0.0115,inf,-0.15,1.353428221310086,NO_POSITIVE_BRAKE_BOUND
0.7125,0.01175,inf,-0.15,0.1,NO_POSITIVE_BRAKE_BOUND
0.7125,0.012,inf,-0.15,0.1,NO_POSITIVE_BRAKE_BOUND
0.7125,0.01225,inf,-0.15,0.1,NO_POSITIVE_BRAKE_BOUND
0.7125,0.0125,inf,-0.15,0.1,NO_POSITIVE_BRAKE_BOUND
0.7125,0.012750000000000001,inf,-0.15,0.1,NO_POSITIVE_BRAKE_BOUND
0.7125,0.013000000000000001,inf,-0.15,0.1,NO_POSITIVE_BRAKE_BOUND
0.7125,0.01325,inf,-0.15,0.1,NO_POSITIVE_BRAKE_BOUND
0.7125,0.0135,inf,-0.15,0.1,NO_POSITIVE_BRAKE_BOUND
0.7125,0.01375,inf,-0.15,0.1,NO_POSITIVE_BRAKE_BOUND
0.7125,0.014,inf,-0.15,0.1,NO_POSITIVE_BRAKE_BOUND
0.725,0.0,1.5663771134819682,5.820598044090726,7.136776266249784,PASS_OPERATIONAL
0.725,0.00025,1.5676010503326272,5.813913577718912,7.13031504753921,PASS_OPERATIONAL
0.725,0.0005,1.5695031837476434,5.80383775708576,7.120953810334907,PASS_OPERATIONAL
0.725,0.00075,1.572096326506345,5.790353325325018,7.108680934302563,PASS_OPERATIONAL
0.725,0.001,1.5753981250059692,5.773437003843292,7.093481090533973,PASS_OPERATIONAL
0.725,0.00125,1.5794313661671038,5.753059288546914,7.075335144726471,PASS_OPERATIONAL
0.725,0.0015,1.5842243809822252,5.729184187155561,7.054220034745539,PASS_OPERATIONAL
0.725,0.00175,1.589811558192318,5.701768892027435,7.03010862071124,PASS_OPERATIONAL
0.725,0.002,1.5962339857957433,5.670763381352999,7.00296950528222,PASS_OPERATIONAL
0.725,0.0022500000000000003,1.6035402433150265,5.636109939717703,6.972766821277749,PASS_OPERATIONAL
0.725,0.0025,1.6117873743227817,5.597742586798751,6.939459983160677,PASS_OPERATIONAL
0.725,0.00275,1.6210420771303289,5.555586400230918,6.90300339818056,PASS_OPERATIONAL
0.725,0.003,1.631382162415918,5.509556715300236,6.863346132119533,PASS_OPERATIONAL
0.725,0.0032500000000000003,1.642898340803193,5.459558179901515,6.8204315235597965,PASS_OPERATIONAL
0.725,0.0035,1.6556964222379673,5.405483637857283,6.774196739357946,PASS_OPERATIONAL
0.725,0.00375,1.6699000342116075,5.347212806877681,6.724572262512973,PASS_OPERATIONAL
0.725,0.004,1.6856539999612843,5.28461070864326,6.671481301780919,PASS_OPERATIONAL
0.725,0.00425,1.7031285643966159,5.2175257970223115,6.614839110128219,PASS_OPERATIONAL
0.725,0.0045000000000000005,1.7225247200335982,5.145787715316768,6.554552196307366,PASS_OPERATIONAL
0.725,0.00475,1.7440809756813802,5.069204593278558,6.490517410324164,PASS_OPERATIONAL
0.725,0.005,1.768082039181075,4.987559767447967,6.422620879133609,PASS_OPERATIONAL
0.725,0.00525,1.794870070874953,4.900607771199422,6.350736763266891,PASS_OPERATIONAL
0.725,0.0055,1.8248594361005108,4.808069389359129,6.274725797867971,PASS_OPERATIONAL
0.725,0.00575,1.858556289956499,4.709625499737609,6.194433572273658,PASS_OPERATIONAL
0.725,0.006,1.8965849429680526,4.604909320113265,6.109688490068037,PASS_OPERATIONAL
0.725,0.00625,1.9397239113404519,4.493496527844076,6.020299335443796,PASS_OPERATIONAL
0.725,0.006500000000000001,1.9889560728037217,4.374892494026792,5.926052350233068,PASS_OPERATIONAL
0.725,0.00675,2.0455398234083253,4.248515531142297,5.826707696998009,PASS_OPERATIONAL
0.725,0.007,2.1111122860361076,4.113674517326574,5.7219951439730234,PASS_OPERATIONAL
0.725,0.00725,2.1878428364596205,3.969538398716536,5.611608752774116,PASS_OPERATIONAL
0.725,0.0075,2.2786682276925965,3.8150936387555854,5.495200272580829,PASS_OPERATIONAL
0.725,0.00775,2.3876651304103778,3.64908320868338,5.372370834041954,PASS_OPERATIONAL
0.725,0.008,2.5206646248251667,3.4699162429122588,5.242660375219837,PASS_OPERATIONAL
0.725,0.00825,2.686316055064742,3.275528966699888,5.105533992578239,PASS_OPERATIONAL
0.725,0.0085,2.8980417599237804,3.0631602067901933,4.960364046000695,PASS_EXTENDED
0.725,0.00875,3.1779087784856115,2.828966774588128,4.806406278813618,PASS_EXTENDED
0.725,0.009000000000000001,3.565088178055475,2.5673115924567793,4.642767301508656,PASS_EXTENDED
0.725,0.00925,4.137001006161236,2.2693007778488408,4.4683592735552615,OUTSIDE_EXTENDED_RANGE
0.725,0.0095,5.073790294223334,1.9192860927624307,4.281835006651537,OUTSIDE_EXTENDED_RANGE
0.725,0.00975,6.932520248371338,1.4841873608922584,4.081492006227849,OUTSIDE_EXTENDED_RANGE
0.725,0.01,13.148505741727591,0.8593990509704309,3.865125025979384,OUTSIDE_EXTENDED_RANGE
0.725,0.01025,inf,-0.15,3.629788608352667,NO_POSITIVE_BRAKE_BOUND
0.725,0.0105,inf,-0.15,3.3713914579053745,NO_POSITIVE_BRAKE_BOUND
0.725,0.010750000000000001,inf,-0.15,3.0839486950777584,NO_POSITIVE_BRAKE_BOUND
0.725,0.011,inf,-0.15,2.7580539595080196,NO_POSITIVE_BRAKE_BOUND
0.725,0.01125,inf,-0.15,2.377258259674616,NO_POSITIVE_BRAKE_BOUND
0.725,0.0115,inf,-0.15,1.907183666276414,NO_POSITIVE_BRAKE_BOUND
0.725,0.01175,inf,-0.15,1.2424857630869024,NO_POSITIVE_BRAKE_BOUND
0.725,0.012,inf,-0.15,0.1,NO_POSITIVE_BRAKE_BOUND
0.725,0.01225,inf,-0.15,0.1,NO_POSITIVE_BRAKE_BOUND
0.725,0.0125,inf,-0.15,0.1,NO_POSITIVE_BRAKE_BOUND
0.725,0.012750000000000001,inf,-0.15,0.1,NO_POSITIVE_BRAKE_BOUND
0.725,0.013000000000000001,inf,-0.15,0.1,NO_POSITIVE_BRAKE_BOUND
0.725,0.01325,inf,-0.15,0.1,NO_POSITIVE_BRAKE_BOUND
0.725,0.0135,inf,-0.15,0.1,NO_POSITIVE_BRAKE_BOUND
0.725,0.01375,inf,-0.15,0.1,NO_POSITIVE_BRAKE_BOUND
0.725,0.014,inf,-0.15,0.1,NO_POSITIVE_BRAKE_BOUND
0.7375,0.0,1.5534921645515267,5.923665657329599,7.258248810424171,PASS_OPERATIONAL
0.7375,0.00025,1.554655124064273,5.917094747523315,7.251897334158193,PASS_OPERATIONAL
0.7375,0.0005,1.5564605937920009,5.907190565817209,7.242695444826068,PASS_OPERATIONAL
0.7375,0.00075,1.5589203005308414,5.893936725564307,7.230632107291686,PASS_OPERATIONAL
0.7375,0.001,1.562050385217309,5.8773111294693425,7.215692768405551,PASS_OPERATIONAL
0.7375,0.00125,1.5658716738492076,5.857285782866086,7.19785926825399,PASS_OPERATIONAL
0.7375,0.0015,1.5704100331787043,5.833826553253779,7.1771097280132,PASS_OPERATIONAL
0.7375,0.00175,1.5756968226321442,5.806892871172437,7.153418412765477,PASS_OPERATIONAL
0.7375,0.002,1.5817694574517058,5.7764373661268875,7.12675556722582,PASS_OPERATIONAL
0.7375,0.0022500000000000003,1.5886721024110255,5.742405429654769,7.097087221861613,PASS_OPERATIONAL
0.7375,0.0025,1.5964565209121453,5.704734695699285,7.064374966351185,PASS_OPERATIONAL
0.7375,0.00275,1.6051831111998847,5.6633544260972934,7.028575686700627,PASS_OPERATIONAL
0.7375,0.003,1.6149221703405083,5.618184786102557,6.989641261599843,PASS_OPERATIONAL
0.7375,0.0032500000000000003,1.6257554382005244,5.569135991268698,6.947518212720508,PASS_OPERATIONAL
0.7375,0.0035,1.6377779888947923,5.516107302498338,6.90214730260519,PASS_OPERATIONAL
0.7375,0.00375,1.6511005574060271,5.458985840330229,6.853463072523538,PASS_OPERATIONAL
0.7375,0.004,1.6658524162348047,5.397645182185411,6.801393311121133,PASS_OPERATIONAL
0.7375,0.00425,1.6821849537861127,5.331943696776263,6.745858442785181,PASS_OPERATIONAL
0.7375,0.0045000000000000005,1.7002761567631999,5.2617225574326145,6.686770822302766,PASS_OPERATIONAL
0.7375,0.00475,1.7203362690674178,5.186803359636272,6.624033919465706,PASS_OPERATIONAL
0.7375,0.005,1.7426149985016748,5.106985246034556,6.5575413736141925,PASS_OPERATIONAL
0.7375,0.00525,1.7674107835044903,5.022041412384959,6.487175893486813,PASS_OPERATIONAL
0.7375,0.0055,1.7950828361986848,4.931714826967862,6.412807971856823,PASS_OPERATIONAL
0.7375,0.00575,1.8260669783553807,4.835712939051445,6.334294376875307,PASS_OPERATIONAL
0.7375,0.006,1.8608967368051432,4.733701071464654,6.251476372249109,PASS_OPERATIONAL
0.7375,0.00625,1.90023185224826,4.625294076496756,6.164177605573493,PASS_OPERATIONAL
0.7375,0.006500000000000001,1.944897428673742,4.510045664521432,6.072201587215477,PASS_OPERATIONAL
0.7375,0.00675,1.9959386670994925,4.387434560478532,5.975328659533785,PASS_OPERATIONAL
0.7375,0.007,2.0546989476182187,4.256846253572389,5.873312325653193,PASS_OPERATIONAL
0.7375,0.00725,2.12293380052853,4.117548491982839,5.765874765147838,PASS_OPERATIONAL
0.7375,0.0075,2.2029816824308353,3.968657679029056,5.652701305845567,PASS_OPERATIONAL
0.7375,0.00775,2.298027751426642,3.809091655850494,5.53343353896402,PASS_OPERATIONAL
0.7375,0.008,2.4125260208954478,3.6375014348017087,5.407660647172072,PASS_OPERATIONAL
0.7375,0.00825,2.5529041286115595,3.4521690985606166,5.274908343298368,PASS_OPERATIONAL
0.7375,0.0085,2.728801605753015,3.250848721631852,5.134624561011383,PASS_OPERATIONAL
0.7375,0.00875,2.955387491736622,3.030505707749162,4.986160647373258,PASS_EXTENDED
0.7375,0.009000000000000001,3.258061679840444,2.786861556734501,4.82874619390162,PASS_EXTENDED
0.7375,0.00925,3.6830625759218467,2.513529569316813,4.661454653237175,PASS_EXTENDED
0.7375,0.0095,4.325231382506088,2.2001741311283745,4.4831552372165735,OUTSIDE_EXTENDED_RANGE
0.7375,0.00975,5.419025181225366,1.8278629485950249,4.2924437272716105,OUTSIDE_EXTENDED_RANGE
0.7375,0.01,7.782920061968928,1.3534160957715629,4.087539626378535,OUTSIDE_EXTENDED_RANGE
0.7375,0.01025,19.55138982181186,0.6038387011987391,3.866127112875915,OUTSIDE_EXTENDED_RANGE
0.7375,0.0105,inf,-0.15,3.6250968612988594,NO_POSITIVE_BRAKE_BOUND
0.7375,0.010750000000000001,inf,-0.15,3.3601005545134757,NO_POSITIVE_BRAKE_BOUND
0.7375,0.011,inf,-0.15,3.064718648091093,NO_POSITIVE_BRAKE_BOUND
0.7375,0.01125,inf,-0.15,2.728728017870825,NO_POSITIVE_BRAKE_BOUND
0.7375,0.0115,inf,-0.15,2.333879722442342,NO_POSITIVE_BRAKE_BOUND
0.7375,0.01175,inf,-0.15,1.8405687373784114,NO_POSITIVE_BRAKE_BOUND
0.7375,0.012,inf,-0.15,1.1140481929075525,NO_POSITIVE_BRAKE_BOUND
0.7375,0.01225,inf,-0.15,0.1,NO_POSITIVE_BRAKE_BOUND
0.7375,0.0125,inf,-0.15,0.1,NO_POSITIVE_BRAKE_BOUND
0.7375,0.012750000000000001,inf,-0.15,0.1,NO_POSITIVE_BRAKE_BOUND
0.7375,0.013000000000000001,inf,-0.15,0.1,NO_POSITIVE_BRAKE_BOUND
0.7375,0.01325,inf,-0.15,0.1,NO_POSITIVE_BRAKE_BOUND
0.7375,0.0135,inf,-0.15,0.1,NO_POSITIVE_BRAKE_BOUND
0.7375,0.01375,inf,-0.15,0.1,NO_POSITIVE_BRAKE_BOUND
0.7375,0.014,inf,-0.15,0.1,NO_POSITIVE_BRAKE_BOUND
0.75,0.0,1.54108149505258,6.026731181620258,7.379718892623876,PASS_OPERATIONAL
0.75,0.00025,1.542187668144294,6.020270030428166,7.373473489470144,PASS_OPERATIONAL
0.75,0.0005,1.5439031288767784,6.010531724096548,7.364425602979563,PASS_OPERATIONAL
0.75,0.00075,1.546238626777232,5.9975006885400175,7.35256474450418,PASS_OPERATIONAL
0.75,0.001,1.5492089491443137,5.981155928893017,7.337877085031563,PASS_OPERATIONAL
0.75,0.00125,1.5528331607367152,5.961470858148633,7.320345373707895,PASS_OPERATIONAL
0.75,0.0015,1.5571349180083418,5.938413076689196,7.299948834958828,PASS_OPERATIONAL
0.75,0.00175,1.5621428676493443,5.911944098356566,7.276663042753575,PASS_OPERATIONAL
0.75,0.002,1.5678911421736834,5.882019017509808,7.250459770198346,PASS_OPERATIONAL
0.75,0.0022500000000000003,1.574419968943193,5.848586110109614,7.221306812237835,PASS_OPERATIONAL
0.75,0.0025,1.5817764135616164,5.81158636018971,7.189167778775235,PASS_OPERATIONAL
0.75,0.00275,1.5900152843096922,5.770952901045574,7.154001854977428,PASS_OPERATIONAL
0.75,0.003,1.5992002316269993,5.726610357986991,7.115763524893424,PASS_OPERATIONAL
0.75,0.0032500000000000003,1.6094050861262053,5.67847407642858,7.074402253758024,PASS_OPERATIONAL
0.75,0.0035,1.6207154910055672,5.62644921525326,7.02986212344986,PASS_OPERATIONAL
0.75,0.00375,1.6332309010564718,5.57042968053974,6.982081414486826,PASS_OPERATIONAL
0.75,0.004,1.6470670422244464,5.510296868575003,6.930992126625897,PASS_OPERATIONAL
0.75,0.00425,1.6623589549818243,5.445918179137361,6.876519428528557,PASS_OPERATIONAL
0.75,0.0045000000000000005,1.6792647846488455,5.377145249728832,6.818581024980274,PASS_OPERATIONAL
0.75,0.00475,1.6979705367001552,5.30381184790968,6.757086427711825,PASS_OPERATIONAL
0.75,0.005,1.7186960915997167,5.225731340943295,6.691936112829446,PASS_OPERATIONAL
0.75,0.00525,1.7417028817238736,5.142693637874763,6.623020544044376,PASS_OPERATIONAL
0.75,0.0055,1.7673037876038882,5.054461466434351,6.550219036065752,PASS_OPERATIONAL
0.75,0.00575,1.7958760356112988,4.960765802069196,6.473398426367599,PASS_OPERATIONAL
0.75,0.006,1.827878211701048,4.861300203380356,6.3924115156293615,PASS_OPERATIONAL
0.75,0.00625,1.8638730064639204,4.755713718716166,6.307095226885519,PASS_OPERATIONAL
0.75,0.006500000000000001,1.9045580758748293,4.643601899240277,6.217268419975128,PASS_OPERATIONAL
0.75,0.00675,1.9508086103751934,4.524495262977598,6.122729280087642,PASS_OPERATIONAL
0.75,0.007,2.003737150689894,4.3978442668587485,6.023252175386846,PASS_OPERATIONAL
0.75,0.00725,2.0647794106564574,4.262999399999958,5.9185838464376355,PASS_OPERATIONAL
0.75,0.0075,2.1358203727217155,4.119184307335536,5.808438745894099,PASS_OPERATIONAL
0.75,0.00775,2.219384672460395,3.9654587001208017,5.692493285291006,PASS_OPERATIONAL
0.75,0.008,2.3189332860303966,3.800665854207364,5.570378658669342,PASS_OPERATIONAL
0.75,0.00825,2.439343390858852,3.62335603774677,5.441671787486103,PASS_OPERATIONAL
0.75,0.0085,2.5877197257382045,3.43167078336354,5.305883747647943,PASS_OPERATIONAL
0.75,0.00875,2.7748426221706546,3.2231602585705876,5.162444764698671,PASS_OPERATIONAL
0.75,0.009000000000000001,3.01793230108749,2.994479190009054,5.010684442114458,PASS_EXTENDED
0.75,0.00925,3.346402814958048,2.7408447449837223,4.849805225188187,PASS_EXTENDED
0.75,0.0095,3.815310254056513,2.4549783146122355,4.6788460289930045,PASS_EXTENDED
0.75,0.00975,4.542411912564706,2.124760518472219,4.496631156922877,OUTSIDE_EXTENDED_RANGE
0.75,0.01,5.840331980158037,1.7269266181713134,4.301696490184054,OUTSIDE_EXTENDED_RANGE
0.75,0.01025,8.986194356429898,1.2030951039745863,4.092179173587403,OUTSIDE_EXTENDED_RANGE
0.75,0.0105,77.30746833894091,0.16396481904824042,3.865645894826676,OUTSIDE_EXTENDED_RANGE
0.75,0.010750000000000001,inf,-0.15,3.618811837712412,NO_POSITIVE_BRAKE_BOUND
0.75,0.011,inf,-0.15,3.3470506288053175,NO_POSITIVE_BRAKE_BOUND
0.75,0.01125,inf,-0.15,3.0434660038167602,NO_POSITIVE_BRAKE_BOUND
0.75,0.0115,inf,-0.15,2.696921203661175,NO_POSITIVE_BRAKE_BOUND
0.75,0.01175,inf,-0.15,2.287089539370761,NO_POSITIVE_BRAKE_BOUND
0.75,0.012,inf,-0.15,1.767955293533074,NO_POSITIVE_BRAKE_BOUND
0.75,0.01225,inf,-0.15,0.9603152689712062,NO_POSITIVE_BRAKE_BOUND
0.75,0.0125,inf,-0.15,0.1,NO_POSITIVE_BRAKE_BOUND
0.75,0.012750000000000001,inf,-0.15,0.1,NO_POSITIVE_BRAKE_BOUND
0.75,0.013000000000000001,inf,-0.15,0.1,NO_POSITIVE_BRAKE_BOUND
0.75,0.01325,inf,-0.15,0.1,NO_POSITIVE_BRAKE_BOUND
0.75,0.0135,inf,-0.15,0.1,NO_POSITIVE_BRAKE_BOUND
0.75,0.01375,inf,-0.15,0.1,NO_POSITIVE_BRAKE_BOUND
0.75,0.014,inf,-0.15,0.1,NO_POSITIVE_BRAKE_BOUND
0.7625,0.0,1.5291195636879975,6.129794719815688,7.50118663406849,PASS_OPERATIONAL
0.7625,0.00025,1.5301727876215998,6.123439716887777,7.495043815875201,PASS_OPERATIONAL
0.7625,0.0005,1.5318043311277039,6.1138618085510945,7.486144852215806,PASS_OPERATIONAL
0.7625,0.00075,1.5340240626792931,6.1010461803305365,7.4744797653742365,PASS_OPERATIONAL
0.7625,0.001,1.5368455501611586,6.084972867416906,7.460035403088361,PASS_OPERATIONAL
0.7625,0.00125,1.5402862733824325,6.0656165971707905,7.442795363641429,PASS_OPERATIONAL
0.7625,0.0015,1.544367902302323,6.042946586676249,7.422739901342534,PASS_OPERATIONAL
0.7625,0.00175,1.5491166493081197,6.016926291486302,7.399845811105469,PASS_OPERATIONAL
0.7625,0.002,1.554563706403474,5.9875131006479325,7.374086290518835,PASS_OPERATIONAL
0.7625,0.0022500000000000003,1.5607457812325092,5.954657971862551,7.345430777442709,PASS_OPERATIONAL
0.7625,0.0025,1.5677057496637683,5.918304999176046,7.31384476075789,PASS_OPERATIONAL
0.7625,0.00275,1.575493447428244,5.878390903833709,7.279289561419992,PASS_OPERATIONAL
0.7625,0.003,1.5841666293685843,5.834844436794075,7.241722080416884,PASS_OPERATIONAL
0.7625,0.0032500000000000003,1.5937921326461213,5.78758567876077,7.201094509574849,PASS_OPERATIONAL
0.7625,0.0035,1.6044472903616043,5.736525220316736,7.157354000382442,PASS_OPERATIONAL
0.7625,0.00375,1.616221655293773,5.681563200637115,7.110442285071183,PASS_OPERATIONAL
0.7625,0.004,1.6292191109919953,5.622588178055403,7.0602952430708035,PASS_OPERATIONAL
0.7625,0.00425,1.6435604708918476,5.559475799110195,7.006842404595176,PASS_OPERATIONAL
0.7625,0.0045000000000000005,1.6593866977673126,5.492087224124154,6.950006381450608,PASS_OPERATIONAL
0.7625,0.00475,1.6768629190356807,5.420267256193817,6.889702213110238,PASS_OPERATIONAL
0.7625,0.005,1.696183473097559,5.34384210576032,6.825836613560729,PASS_OPERATIONAL
0.7625,0.00525,1.7175783053248035,5.2626167033538405,6.758307101261856,PASS_OPERATIONAL
0.7625,0.0055,1.7413211505304131,5.176371446737919,6.687000990580923,PASS_OPERATIONAL
0.7625,0.00575,1.7677401087038005,5.084858232715094,6.6117942180257865,PASS_OPERATIONAL
0.7625,0.006,1.7972314689579645,4.987795574117853,6.532549970168445,PASS_OPERATIONAL
0.7625,0.00625,1.8302780052505945,4.884862532683986,6.449117071870234,PASS_OPERATIONAL
0.7625,0.006500000000000001,1.8674735253334183,4.775691098863691,6.361328082660584,PASS_OPERATIONAL
0.7625,0.00675,1.9095563163790787,4.659856504785252,6.2689970350061,PASS_OPERATIONAL
0.7625,0.007,1.9574554934852544,4.536864741874359,6.1719167294944075,PASS_OPERATIONAL
0.7625,0.00725,2.0123564674992918,4.406136229023995,6.069855476869943,PASS_OPERATIONAL
0.7625,0.0075,2.0757954379726953,4.266984070949883,5.962553142813638,PASS_OPERATIONAL
0.7625,0.00775,2.1497991792646896,4.11858453652086,5.849716304541821,PASS_OPERATIONAL
0.7625,0.008,2.2370977753878925,3.9599360487269144,5.731012262987362,PASS_OPERATIONAL
0.7625,0.00825,2.3414592370430087,3.7898006828550352,5.606061561762096,PASS_OPERATIONAL
0.7625,0.0085,2.4682367424893723,3.606618057964503,5.474428530617376,PASS_OPERATIONAL
0.7625,0.00875,2.625306443318603,3.4083737525764484,5.335609174901623,PASS_OPERATIONAL
0.7625,0.009000000000000001,2.824769252221571,3.1923888178105484,5.189015437853775,PASS_EXTENDED
0.7625,0.00925,3.086269122020478,2.9549632803988204,5.033954409387471,PASS_EXTENDED
0.7625,0.0095,3.4440959432898124,2.6907262544330113,4.86960033901312,PASS_EXTENDED
0.7625,0.00975,3.9644432828561103,2.391328205766623,4.694956144155683,PASS_EXTENDED
0.7625,0.01,4.79581141812778,2.0424112668532346,4.508799137215719,OUTSIDE_EXTENDED_RANGE
0.7625,0.01025,6.36759925047167,1.6148456004492284,4.309602236638761,OUTSIDE_EXTENDED_RANGE
0.7625,0.0105,10.8565887980398,1.0257497780671687,4.09541555309508,OUTSIDE_EXTENDED_RANGE
0.7625,0.010750000000000001,inf,-0.15,3.863680802872909,NO_POSITIVE_BRAKE_BOUND
0.7625,0.011,inf,-0.15,3.6109249810718076,NO_POSITIVE_BRAKE_BOUND
0.7625,0.01125,inf,-0.15,3.332220374961161,NO_POSITIVE_BRAKE_BOUND
0.7625,0.0115,inf,-0.15,3.020146601579118,NO_POSITIVE_BRAKE_BOUND
0.7625,0.01175,inf,-0.15,2.662541139165198,NO_POSITIVE_BRAKE_BOUND
0.7625,0.012,inf,-0.15,2.236663590253287,NO_POSITIVE_BRAKE_BOUND
0.7625,0.01225,inf,-0.15,1.6885209468918136,NO_POSITIVE_BRAKE_BOUND
0.7625,0.0125,inf,-0.15,0.7639424615989412,NO_POSITIVE_BRAKE_BOUND
0.7625,0.012750000000000001,inf,-0.15,0.1,NO_POSITIVE_BRAKE_BOUND
0.7625,0.013000000000000001,inf,-0.15,0.1,NO_POSITIVE_BRAKE_BOUND
0.7625,0.01325,inf,-0.15,0.1,NO_POSITIVE_BRAKE_BOUND
0.7625,0.0135,inf,-0.15,0.1,NO_POSITIVE_BRAKE_BOUND
0.7625,0.01375,inf,-0.15,0.1,NO_POSITIVE_BRAKE_BOUND
0.7625,0.014,inf,-0.15,0.1,NO_POSITIVE_BRAKE_BOUND
0.7749999999999999,0.0,1.5175826209891705,6.2328563681239135,7.622652148146041,PASS_OPERATIONAL
0.7749999999999999,0.00025,1.5185864145642194,6.226604078543687,7.61660859619591,PASS_OPERATIONAL
0.7749999999999999,0.0005,1.520139625877601,6.217181358317037,7.6078537231093035,PASS_OPERATIONAL
0.7749999999999999,0.00075,1.5222513276805443,6.204574103879818,7.596378029395678,PASS_OPERATIONAL
0.7749999999999999,0.001,1.524933987366388,6.18876331396748,7.582168995980126,PASS_OPERATIONAL
0.7749999999999999,0.00125,1.5282036557790544,6.169724944655423,7.565211015236357,PASS_OPERATIONAL
0.7749999999999999,0.0015,1.5320802140830883,6.147429723188659,7.54548530402191,PASS_OPERATIONAL
0.7749999999999999,0.00175,1.5365876858406189,6.121842917173547,7.522969797567969,PASS_OPERATIONAL
0.7749999999999999,0.002,1.5417546235759763,6.092924054775934,7.497639022796816,PASS_OPERATIONAL
0.7749999999999999,0.0022500000000000003,1.5476145816958498,6.060626590489884,7.469463949325368,PASS_OPERATIONAL
0.7749999999999999,0.0025,1.554206690820135,6.024897509764838,7.4384118160543595,PASS_OPERATIONAL
0.7749999999999999,0.00275,1.5615763525597457,5.985676864250593,7.40444593082913,PASS_OPERATIONAL
0.7749999999999999,0.003,1.569776078809627,5.942897227567521,7.367525440176061,PASS_OPERATIONAL
0.7749999999999999,0.0032500000000000003,1.578866506053239,5.896483059241958,7.327605065552921,PASS_OPERATIONAL
0.7749999999999999,0.0035,1.5889176234671454,5.846349961643332,7.2846348018814595,PASS_OPERATIONAL
0.7749999999999999,0.00375,1.600010264413765,5.792403811261902,7.23855957333174,PASS_OPERATIONAL
0.7749999999999999,0.004,1.61223792510737,5.734539741262692,7.189318840368674,PASS_OPERATIONAL
0.7749999999999999,0.00425,1.6257089930815292,5.672640946658139,7.136846150912086,PASS_OPERATIONAL
0.7749999999999999,0.0045000000000000005,1.6405494933443023,5.606577276272767,7.081068627051752,PASS_OPERATIONAL
0.7749999999999999,0.00475,1.6569064943179996,5.536203566396475,7.02190637703272,PASS_OPERATIONAL
0.7749999999999999,0.005,1.674952362507979,5.461357658900384,6.959271820099145,PASS_OPERATIONAL
0.7749999999999999,0.00525,1.694890119754574,5.381858030580682,6.893068909146016,PASS_OPERATIONAL
0.7749999999999999,0.0055,1.716960247996086,5.29750093911878,6.8231922328315315,PASS_OPERATIONAL
0.7749999999999999,0.00575,1.741449416001225,5.208056962155217,6.749525974654603,PASS_OPERATIONAL
0.7749999999999999,0.006,1.7687017894839887,5.113266766419881,6.671942701241866,PASS_OPERATIONAL
0.7749999999999999,0.00625,1.799133860205147,5.012835888937396,6.59030194536481,PASS_OPERATIONAL
0.7749999999999999,0.006500000000000001,1.8332541388995756,4.906428234880822,6.50444854053854,PASS_OPERATIONAL
0.7749999999999999,0.00675,1.8716896795233544,4.793657885584317,6.414210652774124,PASS_OPERATIONAL
0.7749999999999999,0.007,1.915222370035814,4.674078647959627,6.319397440235368,PASS_OPERATIONAL
0.7749999999999999,0.00725,1.9648394648809122,4.547170534534593,6.2197962518703385,PASS_OPERATIONAL
0.7749999999999999,0.0075,2.0218053504240605,4.412321993908365,6.115169249655926,PASS_OPERATIONAL
0.7749999999999999,0.00775,2.087765769632134,4.26880613271277,6.00524930315446,PASS_OPERATIONAL
0.7749999999999999,0.008,2.164903105297189,4.11574823655827,5.889734955557659,PASS_OPERATIONAL
0.7749999999999999,0.00825,2.256174663482047,3.952080339742262,5.7682841911469325,PASS_OPERATIONAL
0.7749999999999999,0.0085,2.3656911504371885,3.776475891496087,5.640506635715387,PASS_OPERATIONAL
0.7749999999999999,0.00875,2.4993429089688135,3.5872526615282503,5.505953679232392,PASS_OPERATIONAL
0.7749999999999999,0.009000000000000001,2.6658884721916203,3.382222629237855,5.364105800267148,PASS_OPERATIONAL
0.7749999999999999,0.00925,2.878965255495297,3.1584483773666463,5.214356055615042,PASS_EXTENDED
0.7749999999999999,0.0095,3.1611004876642355,2.911822879544145,5.055988210600006,PASS_EXTENDED
0.7749999999999999,0.00975,3.5525619414070535,2.6362847561762233,4.888147211229647,PASS_EXTENDED
0.7749999999999999,0.01,4.1338062713381705,2.3221854412846943,4.7097984318195785,OUTSIDE_EXTENDED_RANGE
0.7749999999999999,0.01025,5.095530759022856,1.9523115103380833,4.519669980938197,OUTSIDE_EXTENDED_RANGE
0.7749999999999999,0.0105,7.049991131120266,1.4893356074031912,4.31616854402267,OUTSIDE_EXTENDED_RANGE
0.7749999999999999,0.010750000000000001,14.303958748745167,0.8064640598056955,4.097252173131718,OUTSIDE_EXTENDED_RANGE
0.7749999999999999,0.011,inf,-0.15,3.8602295106025446,NO_POSITIVE_BRAKE_BOUND
0.7749999999999999,0.01125,inf,-0.15,3.6014254671499506,NO_POSITIVE_BRAKE_BOUND
0.7749999999999999,0.0115,inf,-0.15,3.3155851604966475,NO_POSITIVE_BRAKE_BOUND
0.7749999999999999,0.01175,inf,-0.15,2.9947104932283386,NO_POSITIVE_BRAKE_BOUND
0.7749999999999999,0.012,inf,-0.15,2.6254827355589363,NO_POSITIVE_BRAKE_BOUND
0.7749999999999999,0.01225,inf,-0.15,2.1823377604044554,NO_POSITIVE_BRAKE_BOUND
0.7749999999999999,0.0125,inf,-0.15,1.6011833139247988,NO_POSITIVE_BRAKE_BOUND
0.7749999999999999,0.012750000000000001,inf,-0.15,0.4610061334745428,NO_POSITIVE_BRAKE_BOUND
0.7749999999999999,0.013000000000000001,inf,-0.15,0.1,NO_POSITIVE_BRAKE_BOUND
0.7749999999999999,0.01325,inf,-0.15,0.1,NO_POSITIVE_BRAKE_BOUND
0.7749999999999999,0.0135,inf,-0.15,0.1,NO_POSITIVE_BRAKE_BOUND
0.7749999999999999,0.01375,inf,-0.15,0.1,NO_POSITIVE_BRAKE_BOUND
0.7749999999999999,0.014,inf,-0.15,0.1,NO_POSITIVE_BRAKE_BOUND
0.7875,0.0,1.5064485555861717,6.335916216636243,7.744115541035573,PASS_OPERATIONAL
0.7875,0.00025,1.5074061503135272,6.329763369724622,7.738168095237337,PASS_OPERATIONAL
0.7875,0.0005,1.5088861574846688,6.32049087804202,7.72955271233521,PASS_OPERATIONAL
0.7875,0.00075,1.5108969299646695,6.308085304083944,7.718260340937527,PASS_OPERATIONAL
0.7875,0.001,1.5134499402410748,6.292528548918119,7.704279055051936,PASS_OPERATIONAL
0.7875,0.00125,1.516559948508233,6.273797718579329,7.687593990501967,PASS_OPERATIONAL
0.7875,0.0015,1.5202452221676286,6.251864952623181,7.6681872648013645,PASS_OPERATIONAL
0.7875,0.00175,1.5245278128833255,6.226697211788012,7.646037879463736,PASS_OPERATIONAL
0.7875,0.002,1.5294338991473648,6.198256020894636,7.621121603477873,PASS_OPERATIONAL
0.7875,0.0022500000000000003,1.5349942044992309,6.166497162163932,7.5934108364016435,PASS_OPERATIONAL
0.7875,0.0025,1.5412445042272915,6.131370313014908,7.562874449212017,PASS_OPERATIONAL
0.7875,0.00275,1.5482262367148123,6.092818621073737,7.529477600686441,PASS_OPERATIONAL
0.7875,0.003,1.555987239785843,6.0507782075175855,7.493181526670475,PASS_OPERATIONAL
0.7875,0.0032500000000000003,1.5645826377325138,6.005177587919377,7.453943299094817,PASS_OPERATIONAL
0.7875,0.0035,1.5740759115369949,5.95593699735143,7.411715551025051,PASS_OPERATIONAL
0.7875,0.00375,1.5845401936450576,5.90296760351689,7.366446163338828,PASS_OPERATIONAL
0.7875,0.004,1.59605984020105,5.846170587935687,7.318077907802157,PASS_OPERATIONAL
0.7875,0.00425,1.6087323488854517,5.785436070485892,7.266548040326079,PASS_OPERATIONAL
0.7875,0.0045000000000000005,1.6226707107689768,5.7206418465807465,7.211787836985969,PASS_OPERATIONAL
0.7875,0.00475,1.6380063118486146,5.6516518985220925,7.153722063924944,PASS_OPERATIONAL
0.7875,0.005,1.654892536949222,5.57831463252718,7.092268370471887,PASS_OPERATIONAL
0.7875,0.00525,1.6735092795222046,5.500460779761683,7.027336592594701,PASS_OPERATIONAL
0.7875,0.0055,1.6940686315548001,5.417900882273767,6.9588279510643485,PASS_OPERATIONAL
0.7875,0.00575,1.7168221273231656,5.3304222613613454,6.886634125271641,PASS_OPERATIONAL
0.7875,0.006,1.7420700568001593,5.237785334218969,6.810636179312776,PASS_OPERATIONAL
0.7875,0.00625,1.7701735704358998,5.139719101164541,6.73070331146716,PASS_OPERATIONAL
0.7875,0.006500000000000001,1.8015706003731928,5.035915565030441,6.646691391161002,PASS_OPERATIONAL
0.7875,0.00675,1.8367970781421603,4.926022758304478,6.558441238433741,PASS_OPERATIONAL
0.7875,0.007,1.8765156249154142,4.809635929665101,6.465776589097482,PASS_OPERATIONAL
0.7875,0.00725,1.9215549787384167,4.686286259478961,6.368501673215184,PASS_OPERATIONAL
0.7875,0.0075,1.9729651667811934,4.55542620059278,6.266398313821575,PASS_OPERATIONAL
0.7875,0.00775,2.032096301314196,4.416410120830695,6.159222424956981,PASS_OPERATIONAL
0.7875,0.008,2.100713751860842,4.268468260701326,6.046699750138858,PASS_OPERATIONAL
0.7875,0.00825,2.1811710153035118,4.110670940922921,5.92852062999708,PASS_OPERATIONAL
0.7875,0.0085,2.276677291364889,3.9418781359694717,5.804333514364457,PASS_OPERATIONAL
0.7875,0.00875,2.391726857442981,3.760666338263212,5.673736829515864,PASS_OPERATIONAL
0.7875,0.009000000000000001,2.532818316412249,3.5652187628220497,5.536268659577225,PASS_OPERATIONAL
0.7875,0.00925,2.7097238249273254,3.3531534963265606,5.391393476798108,PASS_OPERATIONAL
0.7875,0.0095,2.9378783486306315,3.121240299767813,5.238484816198406,PASS_EXTENDED
0.7875,0.00975,3.243264253253644,2.8649024023382594,5.076802264416537,PASS_EXTENDED
0.7875,0.01,3.673554133629027,2.5772613753039897,4.9054602947794255,PASS_EXTENDED
0.7875,0.01025,4.327758386871368,2.247074767216284,4.7233851021844995,OUTSIDE_EXTENDED_RANGE
0.7875,0.0105,5.4560817172020775,1.8534158297330592,4.529253238899484,OUTSIDE_EXTENDED_RANGE
0.7875,0.010750000000000001,7.975350242420776,1.3470227956931733,4.321401662753921,OUTSIDE_EXTENDED_RANGE
0.7875,0.011,23.960298441841548,0.5043502362076504,4.097690962931174,OUTSIDE_EXTENDED_RANGE
0.7875,0.01125,inf,-0.15,3.855287920346665,NO_POSITIVE_BRAKE_BOUND
0.7875,0.0115,inf,-0.15,3.5903001285135323,NO_POSITIVE_BRAKE_BOUND
0.7875,0.01175,inf,-0.15,3.297116810862809,NO_POSITIVE_BRAKE_BOUND
0.7875,0.012,inf,-0.15,2.967101342872549,NO_POSITIVE_BRAKE_BOUND
0.7875,0.01225,inf,-0.15,2.5856262010007804,NO_POSITIVE_BRAKE_BOUND
0.7875,0.0125,inf,-0.15,2.123798014798307,NO_POSITIVE_BRAKE_BOUND
0.7875,0.012750000000000001,inf,-0.15,1.5044687576096407,NO_POSITIVE_BRAKE_BOUND
0.7875,0.013000000000000001,inf,-0.15,0.1,NO_POSITIVE_BRAKE_BOUND
0.7875,0.01325,inf,-0.15,0.1,NO_POSITIVE_BRAKE_BOUND
0.7875,0.0135,inf,-0.15,0.1,NO_POSITIVE_BRAKE_BOUND
0.7875,0.01375,inf,-0.15,0.1,NO_POSITIVE_BRAKE_BOUND
0.7875,0.014,inf,-0.15,0.1,NO_POSITIVE_BRAKE_BOUND
0.8,0.0,1.4956967559797998,6.438974349805894,7.865576912271232,PASS_OPERATIONAL
0.8,0.00025,1.4966111237554358,6.432917828805096,7.859722561200239,PASS_OPERATIONAL
0.8,0.0005,1.4980226419966427,6.423790840603312,7.851242285337235,PASS_OPERATIONAL
0.8,0.00075,1.4999390112110638,6.4115805723926,7.840127453601782,PASS_OPERATIONAL
0.8,0.001,1.502370802914403,6.396269771159756,7.826366696112734,PASS_OPERATIONAL
0.8,0.00125,1.5053316095548874,6.377836620381977,7.809945845490746,PASS_OPERATIONAL
0.8,0.0015,1.5088382400672626,6.356254581923459,7.790847862934229,PASS_OPERATIONAL
0.8,0.00175,1.5129109663446612,6.331492200411877,7.769052748156059,PASS_OPERATIONAL
0.8,0.002,1.5175738274651722,6.303512866648675,7.7445374320491105,PASS_OPERATIONAL
0.8,0.0022500000000000003,1.5228550003685277,6.272274535770018,7.717275650703472,PASS_OPERATIONAL
0.8,0.0025,1.5287872479455966,6.237729394894558,7.687237799120309,PASS_OPERATIONAL
0.8,0.00275,1.535408458306634,6.199823473829803,7.654390762649229,PASS_OPERATIONAL
0.8,0.003,1.5427622925006341,6.158496191010976,7.6186977238082925,PASS_OPERATIONAL
0.8,0.0032500000000000003,1.5508989623888039,6.113679825150707,7.580117941717229,PASS_OPERATIONAL
0.8,0.0035,1.5598761660270337,6.065298901002268,7.53860650087098,PASS_OPERATIONAL
0.8,0.00375,1.5697602151862613,6.013269475075709,7.4941140253853264,PASS_OPERATIONAL
0.8,0.004,1.580627399084815,5.957498303953919,7.446586354137546,PASS_OPERATIONAL
0.8,0.00425,1.5925656407799371,5.897881873846413,7.3959641713758435,PASS_OPERATIONAL
0.8,0.0045000000000000005,1.6056765190233324,5.834305264940952,7.342182586347847,PASS_OPERATIONAL
0.8,0.00475,1.6200777502165535,5.766640817626163,7.285170654257281,PASS_OPERATIONAL
0.8,0.005,1.6359062545304148,5.694746559295792,7.224850829343728,PASS_OPERATIONAL
0.8,0.00525,1.6533219703448034,5.6184643395621325,7.16113833902155,PASS_OPERATIONAL
0.8,0.0055,1.6725126364060434,5.5376176073994285,7.0939404657174485,PASS_OPERATIONAL
0.8,0.00575,1.6936998381414812,5.452008744727198,7.023155720190036,PASS_OPERATIONAL
0.8,0.006,1.7171467234327773,5.361415845388551,6.948672886537946,PASS_OPERATIONAL
0.8,0.00625,1.7431679491646404,5.265588793695473,6.870369914591079,PASS_OPERATIONAL
0.8,0.006500000000000001,1.7721426469235015,5.164244448724579,6.788112629643733,PASS_OPERATIONAL
0.8,0.00675,1.8045315322657958,5.057060673354979,6.701753222137284,PASS_OPERATIONAL
0.8,0.007,1.8408997885636962,4.943668851427231,6.611128470395896,PASS_OPERATIONAL
0.8,0.00725,1.881948135774139,4.823644397903815,6.516057637116425,PASS_OPERATIONAL
0.8,0.0075,1.928555720682993,4.696494562299642,6.416339963966474,PASS_OPERATIONAL
0.8,0.00775,1.9818404434654253,4.561642516660194,6.311751666864992,PASS_OPERATIONAL
0.8,0.008,2.043245618160929,4.418406241130488,6.202042305163084,PASS_OPERATIONAL
0.8,0.00825,2.114667488244943,4.26596995913695,6.086930357871219,PASS_OPERATIONAL
0.8,0.0085,2.1986481084501537,4.103344624269235,5.9660977846265055,PASS_OPERATIONAL
0.8,0.00875,2.298676609593607,3.9293118319638176,5.839183271198089,PASS_OPERATIONAL
0.8,0.009000000000000001,2.4196778598669035,3.7423417461471695,5.705773748092229,PASS_OPERATIONAL
0.8,0.00925,2.5688417247863735,3.5404685653721537,5.565393609064219,PASS_OPERATIONAL
0.8,0.0095,2.7571100601196985,3.321093042832475,5.417490816353142,PASS_OPERATIONAL
0.8,0.00975,3.002033242235532,3.080651684846264,5.261418715314619,PASS_EXTENDED
0.8,0.01,3.333767263689936,2.8140223383773626,5.096411814532505,PASS_EXTENDED
0.8,0.01025,3.8092626161669303,2.513351507555847,4.921552880431781,PASS_EXTENDED
0.8,0.0105,4.552100264840505,2.1654154702774187,4.73572719538154,OUTSIDE_EXTENDED_RANGE
0.8,0.010750000000000001,5.899188653751125,1.7443471339751861,4.537557253039109,OUTSIDE_EXTENDED_RANGE
0.8,0.011,9.320151016208799,1.182534444132686,4.325306546370335,OUTSIDE_EXTENDED_RANGE
0.8,0.01125,inf,-0.15,4.096732382884801,NO_POSITIVE_BRAKE_BOUND
0.8,0.0115,inf,-0.15,3.8488501387492158,NO_POSITIVE_BRAKE_BOUND
0.8,0.01175,inf,-0.15,3.577533361162767,NO_POSITIVE_BRAKE_BOUND
0.8,0.012,inf,-0.15,3.276783355219554,NO_POSITIVE_BRAKE_BOUND
0.8,0.01225,inf,-0.15,2.937255714030726,NO_POSITIVE_BRAKE_BOUND
0.8,0.0125,inf,-0.15,2.5428345790085753,NO_POSITIVE_BRAKE_BOUND
0.8,0.012750000000000001,inf,-0.15,2.0606669443839776,NO_POSITIVE_BRAKE_BOUND
0.8,0.013000000000000001,inf,-0.15,1.3962801572191108,NO_POSITIVE_BRAKE_BOUND
0.8,0.01325,inf,-0.15,0.1,NO_POSITIVE_BRAKE_BOUND
0.8,0.0135,inf,-0.15,0.1,NO_POSITIVE_BRAKE_BOUND
0.8,0.01375,inf,-0.15,0.1,NO_POSITIVE_BRAKE_BOUND
0.8,0.014,inf,-0.15,0.1,NO_POSITIVE_BRAKE_BOUND
0.8125,0.0,1.485307986027587,6.542030846882358,7.987036355254207,PASS_OPERATIONAL
0.8125,0.00025,1.4861818637474924,6.536067679437966,7.981272226963204,PASS_OPERATIONAL
0.8125,0.0005,1.4875292346816562,6.527081689572547,7.972922878747229,PASS_OPERATIONAL
0.8125,0.00075,1.4893572072268024,6.515060650978729,7.961980074173526,PASS_OPERATIONAL
0.8125,0.001,1.4916755356579645,6.499988104502518,7.9484329653442005,PASS_OPERATIONAL
0.8125,0.00125,1.4944967541052105,6.48184324419878,7.932268038639992,PASS_OPERATIONAL
0.8125,0.0015,1.4978363511091506,6.46060077133879,7.913469046428837,PASS_OPERATIONAL
0.8125,0.00175,1.5017129893220995,6.43623071393836,7.8920169239229425,PASS_OPERATIONAL
0.8125,0.002,1.5061487762462622,6.40869820873205,7.867889690173358,PASS_OPERATIONAL
0.8125,0.0022500000000000003,1.5111695934829201,6.377963241779552,7.841062331973665,PASS_OPERATIONAL
0.8125,0.0025,1.5168054938881876,6.343980343027302,7.8115066691990585,PASS_OPERATIONAL
0.8125,0.00275,1.5230911783955057,6.306698229128027,7.779191199827072,PASS_OPERATIONAL
0.8125,0.003,1.5300665672078955,6.266059387601161,7.7440809225636515,PASS_OPERATIONAL
0.8125,0.0032500000000000003,1.5377774837627516,6.221999593944195,7.706137134623695,PASS_OPERATIONAL
0.8125,0.0035,1.5462764745662259,6.174447351510248,7.665317201776905,PASS_OPERATIONAL
0.8125,0.00375,1.5556237940026716,6.123323241761498,7.621574297253305,PASS_OPERATIONAL
0.8125,0.004,1.5658885909809779,6.068539169774923,7.574857105490483,PASS_OPERATIONAL
0.8125,0.00425,1.5771503443787354,6.009997486462555,7.525109485974032,PASS_OPERATIONAL
0.8125,0.0045000000000000005,1.5895006075103522,5.947589964668418,7.472270091545857,PASS_OPERATIONAL
0.8125,0.00475,1.603045139428106,5.881196600843401,7.416271934496527,PASS_OPERATIONAL
0.8125,0.005,1.6179065243946,5.81068420700384,7.357041892472549,PASS_OPERATIONAL
0.8125,0.00525,1.6342274126717358,5.73590474863678,7.294500144659221,PASS_OPERATIONAL
0.8125,0.0055,1.6521745592308732,5.656693372412994,7.228559526769876,PASS_OPERATIONAL
0.8125,0.00575,1.6719438970577896,5.572866052007944,7.15912479098518,PASS_OPERATIONAL
0.8125,0.006,1.6937669657837633,5.484216759588239,7.086091754013939,PASS_OPERATIONAL
0.8125,0.00625,1.71791913558107,5.390514042543796,7.009346312720297,PASS_OPERATIONAL
0.8125,0.006500000000000001,1.744730237777232,5.291496846826706,6.928763302055619,PASS_OPERATIONAL
0.8125,0.00675,1.774598464336203,5.186869375319673,6.844205164042799,PASS_OPERATIONAL
0.8125,0.007,1.808008771136735,5.076294695214287,6.7555203888728,PASS_OPERATIONAL
0.8125,0.00725,1.8455575848796106,4.959386701946231,6.662541679220145,PASS_OPERATIONAL
0.8125,0.0075,1.8879864875308192,4.835699892254346,6.5650837758765,PASS_OPERATIONAL
0.8125,0.00775,1.9362289363476053,4.704716168636947,6.462940865629788,PASS_OPERATIONAL
0.8125,0.008,1.9914763268044562,4.5658275474432894,6.35588346939915,PASS_OPERATIONAL
0.8125,0.00825,2.055273468744981,4.418313097109807,6.243654677689945,PASS_OPERATIONAL
0.8125,0.0085,2.1296600526326377,4.26130755740574,6.125965558107809,PASS_OPERATIONAL
0.8125,0.00875,2.217386365726486,4.093757638652918,6.002489500973428,PASS_OPERATIONAL
0.8125,0.009000000000000001,2.322253431153208,3.914359499604457,5.872855186430848,PASS_OPERATIONAL
0.8125,0.00925,2.449670998997715,3.7214664024404245,5.736637738111397,PASS_OPERATIONAL
0.8125,0.0095,2.607617553062514,3.512947008246912,5.593347455850719,PASS_OPERATIONAL
0.8125,0.00975,2.8083913525127855,3.285957534956595,5.442415263109146,PASS_EXTENDED
0.8125,0.01,3.0720482119852943,3.0365533567829996,5.283173613636877,PASS_EXTENDED
0.8125,0.01025,3.433830000467026,2.758974927018966,5.114830990920987,PASS_EXTENDED
0.8125,0.0105,3.9624616761044487,2.4441940315298303,4.936437151323437,PASS_EXTENDED
0.8125,0.010750000000000001,4.8147424851998215,2.0764871293643266,4.746834628292851,OUTSIDE_EXTENDED_RANGE
0.8125,0.011,6.459110520588627,1.6232292344829535,4.544589193559014,OUTSIDE_EXTENDED_RANGE
0.8125,0.01125,11.509236143202957,0.9862806060234443,4.32788687515425,OUTSIDE_EXTENDED_RANGE
0.8125,0.0115,inf,-0.15,4.094375426959961,NO_POSITIVE_BRAKE_BOUND
0.8125,0.01175,inf,-0.15,3.840908441368429,NO_POSITIVE_BRAKE_BOUND
0.8125,0.012,inf,-0.15,3.5631070117311663,NO_POSITIVE_BRAKE_BOUND
0.8125,0.01225,inf,-0.15,3.254548727710758,NO_POSITIVE_BRAKE_BOUND
0.8125,0.0125,inf,-0.15,2.9051022207936663,NO_POSITIVE_BRAKE_BOUND
0.8125,0.012750000000000001,inf,-0.15,2.496950678570913,NO_POSITIVE_BRAKE_BOUND
0.8125,0.013000000000000001,inf,-0.15,1.9924851213950292,NO_POSITIVE_BRAKE_BOUND
0.8125,0.01325,inf,-0.15,1.2734481695846507,NO_POSITIVE_BRAKE_BOUND
0.8125,0.0135,inf,-0.15,0.1,NO_POSITIVE_BRAKE_BOUND
0.8125,0.01375,inf,-0.15,0.1,NO_POSITIVE_BRAKE_BOUND
0.8125,0.014,inf,-0.15,0.1,NO_POSITIVE_BRAKE_BOUND
0.825,0.0,1.4752642725871146,6.645085782306209,8.108493957718032,PASS_OPERATIONAL
0.825,0.00025,1.476100184083459,6.63921313167439,8.10281731124772,PASS_OPERATIONAL
0.825,0.0005,1.477387410707514,6.6303638414542325,8.094594902583008,PASS_OPERATIONAL
0.825,0.00075,1.4791325225939151,6.6185262365229836,8.083818866207213,PASS_OPERATIONAL
0.825,0.001,1.4813445315544258,6.6036846034812715,8.070478844662109,PASS_OPERATIONAL
0.825,0.00125,1.4840350110199587,6.585819085226382,8.054561938334897,PASS_OPERATIONAL
0.825,0.0015,1.4872182521423296,6.564905545970098,8.036052642290514,PASS_OPERATIONAL
0.825,0.00175,1.4909114600091895,6.540915404524255,8.014932769417959,PASS_OPERATIONAL
0.825,0.002,1.4951349950615824,6.51381543310587,7.991181358985879,PASS_OPERATIONAL
0.825,0.0022500000000000003,1.4999126661551685,6.483567518258933,7.964774569509683,PASS_OPERATIONAL
0.825,0.0025,1.5052720833399178,6.4501283797286835,7.935685554615258,PASS_OPERATIONAL
0.825,0.00275,1.511245080434029,6.413449242227746,7.903884320337291,PASS_OPERATIONAL
0.825,0.003,1.5178682199463946,6.373475453966235,7.869337562006573,PASS_OPERATIONAL
0.825,0.0032500000000000003,1.5251833960024554,6.330146044534797,7.832008478552402,PASS_OPERATIONAL
0.825,0.0035,1.5332385548422636,6.283393213172966,7.791856561663526,PASS_OPERATIONAL
0.825,0.00375,1.5420885574425207,6.233141736551053,7.748837356801766,PASS_OPERATIONAL
0.825,0.004,1.5517962152112843,6.179308282845763,7.702902192531891,PASS_OPERATIONAL
0.825,0.00425,1.5624335379843595,6.12180061597146,7.653997874000643,PASS_OPERATIONAL
0.825,0.0045000000000000005,1.5740832443615957,6.060516670173262,7.602066335644215,PASS_OPERATIONAL
0.825,0.00475,1.5868405986554375,5.995343470571843,7.547044247297463,PASS_OPERATIONAL
0.825,0.005,1.6008156576400796,5.9261558693716845,7.488862566782943,PASS_OPERATIONAL
0.825,0.00525,1.6161360356708214,5.852815059894815,7.427446030726275,PASS_OPERATIONAL
0.825,0.0055,1.6329503311492746,5.775166820816101,7.362712573715569,PASS_OPERATIONAL
0.825,0.00575,1.6514324044617312,5.693039430168171,7.2945726639187,PASS_OPERATIONAL
0.825,0.006,1.6717867628975052,5.606241171745672,7.2229285407903845,PASS_OPERATIONAL
0.825,0.00625,1.694255399857634,5.514557333887616,7.147673337407617,PASS_OPERATIONAL
0.825,0.006500000000000001,1.7191265663398676,5.417746569959878,7.068690066088908,PASS_OPERATIONAL
0.825,0.00675,1.746746141463616,5.315536447824677,6.985850441042575,PASS_OPERATIONAL
0.825,0.007,1.7775325459432976,5.207617957124228,6.899013505531978,PASS_OPERATIONAL
0.825,0.00725,1.8119965565359064,5.093638660634424,6.808024023004556,PASS_OPERATIONAL
0.825,0.0075,1.8507680103968314,4.973194057314244,6.712710581206941,PASS_OPERATIONAL
0.825,0.00775,1.894632370305509,4.845816551005449,6.612883344664345,PASS_OPERATIONAL
0.825,0.008,1.9445816871678745,4.710961159122749,6.50833137286191,PASS_OPERATIONAL
0.825,0.00825,2.00188705916223,4.567986698423384,6.398819397347905,PASS_OPERATIONAL
0.825,0.0085,2.0682040111252316,4.416130560912596,6.2840839183509,PASS_OPERATIONAL
0.825,0.00875,2.1457297673449753,4.254474183021167,6.163828436788612,PASS_OPERATIONAL
0.825,0.009000000000000001,2.237445098796626,4.081894620060852,6.03771757539934,PASS_OPERATIONAL
0.825,0.00925,2.34749947422258,3.8969946921759093,5.90536975501184,PASS_OPERATIONAL
0.825,0.0095,2.481850462861988,3.6979987939836976,5.7663479660541705,PASS_OPERATIONAL
0.825,0.00975,2.64937992430599,3.4825911021335703,5.620147991241379,PASS_OPERATIONAL
0.825,0.01,2.863967279771038,3.2476515755592112,5.466183160385623,PASS_EXTENDED
0.825,0.01025,3.14865636965608,2.9887973906099745,5.303764298006419,PASS_EXTENDED
0.825,0.0105,3.5449466662630034,2.6995186622480616,5.132072865172585,PASS_EXTENDED
0.825,0.010750000000000001,4.136722949165009,2.369356836674786,4.950124231852853,OUTSIDE_EXTENDED_RANGE
0.825,0.011,5.12679504945657,1.979379217354201,4.7567162358475565,OUTSIDE_EXTENDED_RANGE
0.825,0.01125,7.193673762292007,1.4873904692833635,4.550355090417644,OUTSIDE_EXTENDED_RANGE
0.825,0.0115,15.957974974386154,0.7374311034102773,4.329145073558749,OUTSIDE_EXTENDED_RANGE
0.825,0.01175,inf,-0.15,4.090617617412903,NO_POSITIVE_BRAKE_BOUND
0.825,0.012,inf,-0.15,3.831453225809783,NO_POSITIVE_BRAKE_BOUND
0.825,0.01225,inf,-0.15,3.5470002432849106,NO_POSITIVE_BRAKE_BOUND
0.825,0.0125,inf,-0.15,3.230372417270225,NO_POSITIVE_BRAKE_BOUND
0.825,0.012750000000000001,inf,-0.15,2.870560513182528,NO_POSITIVE_BRAKE_BOUND
0.825,0.013000000000000001,inf,-0.15,2.4477932056308176,NO_POSITIVE_BRAKE_BOUND
0.825,0.01325,inf,-0.15,1.918684581890504,NO_POSITIVE_BRAKE_BOUND
0.825,0.0135,inf,-0.15,1.1307509753603144,NO_POSITIVE_BRAKE_BOUND
0.825,0.01375,inf,-0.15,0.1,NO_POSITIVE_BRAKE_BOUND
0.825,0.014,inf,-0.15,0.1,NO_POSITIVE_BRAKE_BOUND
0.8374999999999999,0.0,1.4655488039580815,6.7481392260685045,8.229949802152166,PASS_OPERATIONAL
0.8374999999999999,0.00025,1.4663490795845566,6.742354382983001,8.22435801967848,PASS_OPERATIONAL
0.8374999999999999,0.0005,1.467579857474155,6.733637687721876,8.216258742247811,PASS_OPERATIONAL
0.8374999999999999,0.00075,1.4692472177159703,6.721977983653978,8.205644453287723,PASS_OPERATIONAL
0.8374999999999999,0.001,1.4713594965614984,6.707360258629043,8.192505256588595,PASS_OPERATIONAL
0.8374999999999999,0.00125,1.4739273939902011,6.689765547314101,8.176828829776822,PASS_OPERATIONAL
0.8374999999999999,0.0015,1.4769641135596492,6.669170806236267,8.158600365815024,PASS_OPERATIONAL
0.8374999999999999,0.00175,1.4804855379706625,6.645548759579684,8.137802501872885,PASS_OPERATIONAL
0.8374999999999999,0.002,1.484510444754854,6.618867713275608,8.114415234757557,PASS_OPERATIONAL
0.8374999999999999,0.0022500000000000003,1.4890607676495817,6.589091334343598,8.088415821920766,PASS_OPERATIONAL
0.8374999999999999,0.0025,1.4941619106184636,6.5561783917686665,8.05977866686719,PASS_OPERATIONAL
0.8374999999999999,0.00275,1.4998431231742626,6.5200824544097635,8.028475187570056,PASS_OPERATIONAL
0.8374999999999999,0.003,1.5061379477553094,6.480751540498632,7.994473666249957,PASS_OPERATIONAL
0.8374999999999999,0.0032500000000000003,1.5130847525141282,6.438127712167166,7.9577390785845035,PASS_OPERATIONAL
0.8374999999999999,0.0035,1.5207273661522458,6.392146607087384,7.918232900081324,PASS_OPERATIONAL
0.8374999999999999,0.00375,1.5291158355837782,6.342736897659182,7.875912886955076,PASS_OPERATIONAL
0.8374999999999999,0.004,1.5383073325076921,6.289819666157196,7.830732828387878,PASS_OPERATIONAL
0.8374999999999999,0.00425,1.548367241787216,6.2333076817450195,7.782642266506624,PASS_OPERATIONAL
0.8374999999999999,0.0045000000000000005,1.5593704733834353,6.173104562145479,7.731586179760669,PASS_OPERATIONAL
0.8374999999999999,0.00475,1.5714030511695403,6.109103798837736,7.677504624605255,PASS_OPERATIONAL
0.8374999999999999,0.005,1.5845640472386768,6.041187619691797,7.620332329459519,PASS_OPERATIONAL
0.8374999999999999,0.00525,1.598967950685059,5.969225656619061,7.5599982337741904,PASS_OPERATIONAL
0.8374999999999999,0.0055,1.614747587238947,5.89307337766347,7.496424963664138,PASS_OPERATIONAL
0.8374999999999999,0.00575,1.632057743385455,5.812570232359949,7.429528233871129,PASS_OPERATIONAL
0.8374999999999999,0.006,1.65107969979971,5.727537445276294,7.359216163740685,PASS_OPERATIONAL
0.8374999999999999,0.00625,1.6720269501577893,5.637775374202507,7.285388492316475,PASS_OPERATIONAL
0.8374999999999999,0.006500000000000001,1.6951524817477273,5.543060324695759,7.207935674435584,PASS_OPERATIONAL
0.8374999999999999,0.00675,1.7207581377098107,5.443140679066188,7.126737835661299,PASS_OPERATIONAL
0.8374999999999999,0.007,1.7492067887612448,5.337732151610989,7.041663558767022,PASS_OPERATIONAL
0.8374999999999999,0.00725,1.7809383490489579,5.226511917277313,6.9525684679479145,PASS_OPERATIONAL
0.8374999999999999,0.0075,1.8164911314762124,5.109111269237891,6.859293568525785,PASS_OPERATIONAL
0.8374999999999999,0.00775,1.8565307436057452,4.985106328463412,6.761663288992775,PASS_OPERATIONAL
0.8374999999999999,0.008,1.9018898305252543,4.854006133471958,6.659483157925937,PASS_OPERATIONAL
0.8374999999999999,0.00825,1.9536237451077094,4.715237145281304,6.552537029348536,PASS_OPERATIONAL
0.8374999999999999,0.0085,2.0130901531037697,4.568122750906866,6.4405837447284,PASS_OPERATIONAL
0.8374999999999999,0.00875,2.082065562458072,4.411855633645696,6.323353085396491,PASS_OPERATIONAL
0.8374999999999999,0.009000000000000001,2.162920551967475,4.245459710727078,6.2005408219201374,PASS_OPERATIONAL
0.8374999999999999,0.00925,2.2588916134508663,4.067736363480413,6.071802601151016,PASS_OPERATIONAL
0.8374999999999999,0.0095,2.374518610797378,3.8771862027754547,5.936746318550606,PASS_OPERATIONAL
0.8374999999999999,0.00975,2.5163802014312138,3.671891169123603,5.794922489368406,PASS_OPERATIONAL
0.8374999999999999,0.01,2.6943976066482116,3.44932913502294,5.64581193564243,PASS_OPERATIONAL
0.8374999999999999,0.01025,2.924303822599159,3.206066604318958,5.4888098114438995,PASS_EXTENDED
0.8374999999999999,0.0105,3.232733270049107,2.937214051507439,5.323204536978619,PASS_EXTENDED
0.8374999999999999,0.010750000000000001,3.6689673939831584,2.6353712254966988,5.148149500471835,PASS_EXTENDED
0.8374999999999999,0.011,4.33673187118807,2.2883170106909776,4.962624231411887,OUTSIDE_EXTENDED_RANGE
0.8374999999999999,0.01125,5.504430491073426,1.872914121317311,4.765379807209059,OUTSIDE_EXTENDED_RANGE
0.8374999999999999,0.0115,8.20997479703161,1.3327905976991417,4.554859859514555,OUTSIDE_EXTENDED_RANGE
0.8374999999999999,0.01175,33.981334393359134,0.36463490731292847,4.329082321628895,OUTSIDE_EXTENDED_RANGE
0.8374999999999999,0.012,inf,-0.15,4.085454991731062,NO_POSITIVE_BRAKE_BOUND
0.8374999999999999,0.01225,inf,-0.15,3.8204729527190544,NO_POSITIVE_BRAKE_BOUND
0.8374999999999999,0.0125,inf,-0.15,3.5291893773184992,NO_POSITIVE_BRAKE_BOUND
0.8374999999999999,0.012750000000000001,inf,-0.15,3.2042090573790345,NO_POSITIVE_BRAKE_BOUND
0.8374999999999999,0.013000000000000001,inf,-0.15,2.83354005844327,NO_POSITIVE_BRAKE_BOUND
0.8374999999999999,0.01325,inf,-0.15,2.3951518300787953,NO_POSITIVE_BRAKE_BOUND
0.8374999999999999,0.0135,inf,-0.15,1.83854993828594,NO_POSITIVE_BRAKE_BOUND
0.8374999999999999,0.01375,inf,-0.15,0.9583374310340009,NO_POSITIVE_BRAKE_BOUND
0.8374999999999999,0.014,inf,-0.15,0.1,NO_POSITIVE_BRAKE_BOUND
0.85,0.0,1.4561458379350125,6.851191244038403,8.351403966188117,PASS_OPERATIONAL
0.85,0.00025,1.4569126320847325,6.845491619178739,8.34589454574972,PASS_OPERATIONAL
0.85,0.0005,1.4580903772949703,6.836903596672849,8.337914760351978,PASS_OPERATIONAL
0.85,0.00075,1.4596847068573642,6.825416508080359,8.327457422000128,PASS_OPERATIONAL
0.85,0.001,1.461703341426681,6.811016001274526,8.314513068686724,PASS_OPERATIONAL
0.85,0.00125,1.4641561856506433,6.793683949864076,8.299069921230394,PASS_OPERATIONAL
0.85,0.0015,1.4670554536785834,6.7733983373773885,8.281113829034835,PASS_OPERATIONAL
0.85,0.00175,1.4704158265323044,6.75013311445511,8.260628204177971,PASS_OPERATIONAL
0.85,0.002,1.4742546451649108,6.723858026843439,8.2375939431029,PASS_OPERATIONAL
0.85,0.0022500000000000003,1.478592144027524,6.69453841146355,8.211989335029047,PASS_OPERATIONAL
0.85,0.0025,1.4834517311552065,6.66213495723624,8.183789956030832,PASS_OPERATIONAL
0.85,0.00275,1.4888603222298473,6.626603426643763,8.152968547537297,PASS_OPERATIONAL
0.85,0.003,1.4948487378530944,6.587894333187482,8.119494877785321,PASS_OPERATIONAL
0.85,0.0032500000000000003,1.501452175462667,6.545952568918032,8.083335584505077,PASS_OPERATIONAL
0.85,0.0035,1.5087107700759665,6.500716975033593,8.044453996822249,PASS_OPERATIONAL
0.85,0.00375,1.516670261511676,6.452119847109714,8.002809934018721,PASS_OPERATIONAL
0.85,0.004,1.525382790144064,6.400086364774131,7.958359478391466,PASS_OPERATIONAL
0.85,0.00425,1.5349078488828989,6.344533933485912,7.911054718975216,PASS_OPERATIONAL
0.85,0.0045000000000000005,1.5453134263472494,6.285371423406732,7.860843462332234,PASS_OPERATIONAL
0.85,0.00475,1.556677385665418,6.222498287014284,7.8076689059419895,PASS_OPERATIONAL
0.85,0.005,1.5690891357479695,6.155803532905223,7.751469268919858,PASS_OPERATIONAL
0.85,0.00525,1.5826516683103393,6.085164527901408,7.69217737382531,PASS_OPERATIONAL
0.85,0.0055,1.5974840558672905,6.010445592747329,7.629720172146173,PASS_OPERATIONAL
0.85,0.00575,1.6137245355268408,5.931496347873605,7.564018204615057,PASS_OPERATIONAL
0.85,0.006,1.631534343772793,5.848149754215878,7.4949849857606194,PASS_OPERATIONAL
0.85,0.00625,1.6511025230763408,5.760219778959153,7.422526299933991,PASS_OPERATIONAL
0.85,0.006500000000000001,1.6726519988488726,5.667498595960294,7.34653939336736,PASS_OPERATIONAL
0.85,0.00675,1.6964473350861398,5.569753203521983,7.266912043469278,PASS_OPERATIONAL
0.85,0.007,1.7228047346053432,5.466721305281222,7.18352148234372,PASS_OPERATIONAL
0.85,0.00725,1.7521050792944546,5.35810624897523,7.096233146174089,PASS_OPERATIONAL
0.85,0.0075,1.7848111458544693,5.243570746323811,7.0048992152836655,PASS_OPERATIONAL
0.85,0.00775,1.8214906458042677,5.12272899531163,6.909356900884619,PASS_OPERATIONAL
0.85,0.008,1.8628475293069446,4.995136678184554,6.80942642308752,PASS_OPERATIONAL
0.85,0.00825,1.9097652386772583,4.860278089407811,6.70490860972542,PASS_OPERATIONAL
0.85,0.0085,1.9633676120373846,4.717549316237072,6.595582025625185,PASS_OPERATIONAL
0.85,0.00875,2.02510648818101,4.566235879978861,6.4811995152341835,PASS_OPERATIONAL
0.85,0.009000000000000001,2.0968908187768203,4.4054824247273725,6.361484005219927,PASS_OPERATIONAL
0.85,0.00925,2.1812823498405463,4.2342506868563055,6.2361233637228155,PASS_OPERATIONAL
0.85,0.0095,2.281802004061823,4.051259664100756,6.104764043226428,PASS_OPERATIONAL
0.85,0.00975,2.4034283584528118,3.854897771729011,5.967003135129979,PASS_OPERATIONAL
0.85,0.01,2.5534468384794087,3.6430890149850157,5.822378321399678,PASS_OPERATIONAL
0.85,0.01025,2.7429800799050024,3.4130797220943556,5.670354998707443,PASS_OPERATIONAL
0.85,0.0105,2.989947250925051,3.161079076856968,5.510309534844101,PASS_EXTENDED
0.85,0.010750000000000001,3.3253331861221485,2.8816079755139836,5.34150713123859,PASS_EXTENDED
0.85,0.011,3.8082128451439132,2.566200268389648,5.163071996685905,PASS_EXTENDED
0.85,0.01125,4.568772065487476,2.2004330655434545,4.973946283375002,OUTSIDE_EXTENDED_RANGE
0.85,0.0115,5.972263441546509,1.755524077517781,4.77283211720954,OUTSIDE_EXTENDED_RANGE
0.85,0.01175,9.735008600407182,1.1527674931468004,4.558107323834297,OUTSIDE_EXTENDED_RANGE
0.85,0.012,inf,-0.15,4.327698560543903,NO_POSITIVE_BRAKE_BOUND
0.85,0.01225,inf,-0.15,4.078882081643661,NO_POSITIVE_BRAKE_BOUND
0.85,0.0125,inf,-0.15,3.80795407377505,NO_POSITIVE_BRAKE_BOUND
0.85,0.012750000000000001,inf,-0.15,3.5096477090199496,NO_POSITIVE_BRAKE_BOUND
0.85,0.013000000000000001,inf,-0.15,3.1760079451823575,NO_POSITIVE_BRAKE_BOUND
0.85,0.01325,inf,-0.15,2.793938668720021,NO_POSITIVE_BRAKE_BOUND
0.85,0.0135,inf,-0.15,2.3387808100895002,NO_POSITIVE_BRAKE_BOUND
0.85,0.01375,inf,-0.15,1.7511592210398739,NO_POSITIVE_BRAKE_BOUND
0.85,0.014,inf,-0.15,0.7323506334502983,NO_POSITIVE_BRAKE_BOUND
0.8625,0.0,1.4470406184290945,6.9542418982622625,8.472856522951952,PASS_OPERATIONAL
0.8625,0.00025,1.4477759252306628,6.948625015270562,8.467427071707231,PASS_OPERATIONAL
0.8625,0.0005,1.4489037992867007,6.940161915120487,8.459563298375045,PASS_OPERATIONAL
0.8625,0.00075,1.450429465948027,6.928842389446526,8.449258324638127,PASS_OPERATIONAL
0.8625,0.001,1.452360084108509,6.914652707913178,8.43650309760268,PASS_OPERATIONAL
0.8625,0.00125,1.454704833153578,6.897575534112777,8.421286349714151,PASS_OPERATIONAL
0.8625,0.0015,1.4574750257880333,6.877589818097311,8.403594548407279,PASS_OPERATIONAL
0.8625,0.00175,1.4606842493433945,6.854670663965936,8.383411834959015,PASS_OPERATIONAL
0.8625,0.002,1.4643485388932655,6.828789170524138,8.360719951889125,PASS_OPERATIONAL
0.8625,0.0022500000000000003,1.4684865863611922,6.799912242570045,8.335498158116426,PASS_OPERATIONAL
0.8625,0.0025,1.473119990827236,6.768002369833723,8.307723130926083,PASS_OPERATIONAL
0.8625,0.00275,1.478273556474701,6.7330173699784455,8.277368853631286,PASS_OPERATIONAL
0.8625,0.003,1.4839756461280653,6.694910091347072,8.244406487617074,PASS_OPERATIONAL
0.8625,0.0032500000000000003,1.490258600195702,6.653628070274345,8.20880422722975,PASS_OPERATIONAL
0.8625,0.0035,1.4971592331487653,6.609113136752852,8.170527135716668,PASS_OPERATIONAL
0.8625,0.00375,1.504719422575018,6.561300960992957,8.12953696012037,PASS_OPERATIONAL
0.8625,0.004,1.5129868095215266,6.510120531899179,8.085791922679872,PASS_OPERATIONAL
0.8625,0.00425,1.5220156335208463,6.455493556625803,8.039246485878811,PASS_OPERATIONAL
0.8625,0.0045000000000000005,1.5318677317024862,6.397333768078804,7.98985108779241,PASS_OPERATIONAL
0.8625,0.00475,1.542613739160872,6.3355461243772675,7.937551843805505,PASS_OPERATIONAL
0.8625,0.005,1.5543345378813895,6.270025880713021,7.8822902100820595,PASS_OPERATIONAL
0.8625,0.00525,1.5671230148464539,6.200657509535922,7.824002603335855,PASS_OPERATIONAL
0.8625,0.0055,1.5810862076149794,6.1273134392528945,7.762619970449993,PASS_OPERATIONAL
0.8625,0.00575,1.5963479393343079,6.049852574265374,7.69806730027703,PASS_OPERATIONAL
0.8625,0.006,1.613052077156311,5.968118549638034,7.630263068468396,PASS_OPERATIONAL
0.8625,0.00625,1.63136659180054,5.8819376612349865,7.559118604361983,PASS_OPERATIONAL
0.8625,0.006500000000000001,1.6514886565485427,5.791116395714276,7.48453736671019,PASS_OPERATIONAL
0.8625,0.00675,1.673651108735935,5.6954384628208174,7.406414112239948,PASS_OPERATIONAL
0.8625,0.007,1.6981307171410502,5.59466120277123,7.324633937545837,PASS_OPERATIONAL
0.8625,0.00725,1.7252588719615856,5.488511200966528,7.239071170421196,PASS_OPERATIONAL
0.8625,0.0075,1.7554355676195141,5.376678886006044,7.149588081153328,PASS_OPERATIONAL
0.8625,0.00775,1.7891479260989342,5.258811807728662,7.056033377172586,PASS_OPERATIONAL
0.8625,0.008,1.8269950812754026,5.134506178501923,6.958240435238404,PASS_OPERATIONAL
0.8625,0.00825,1.8697221322685154,5.003296095376725,6.856025213358744,PASS_OPERATIONAL
0.8625,0.0085,1.9182672818327755,4.864639614112363,6.749183768880137,PASS_OPERATIONAL
0.8625,0.00875,1.9738285684886043,4.717900470328558,6.637489288246601,PASS_OPERATIONAL
0.8625,0.009000000000000001,2.037960445891601,4.562323655631582,6.520688505786514,PASS_OPERATIONAL
0.8625,0.00925,2.112717129572918,4.397002111130475,6.398497350601894,PASS_OPERATIONAL
0.8625,0.0095,2.200871641471672,4.220830227614086,6.270595607843628,PASS_OPERATIONAL
0.8625,0.00975,2.306262099683395,4.0324371215148,6.136620306789145,PASS_OPERATIONAL
0.8625,0.01,2.4343616621902604,3.830087736347656,5.996157443109798,PASS_OPERATIONAL
0.8625,0.01025,2.5932631936441712,3.6115304357967117,5.848731490715067,PASS_OPERATIONAL
0.8625,0.0105,2.795485030410584,3.373750667488408,5.69379193423737,PASS_OPERATIONAL
0.8625,0.010750000000000001,3.06154181845808,3.1125482418847086,5.530695714872917,PASS_EXTENDED
0.8625,0.011,3.427737436029015,2.821753356425295,5.358683959351339,PASS_EXTENDED
0.8625,0.01125,3.965637372711866,2.4916111956578715,5.176850530982675,PASS_EXTENDED
0.8625,0.0115,4.841493847543136,2.1049049034105627,4.984098579711416,OUTSIDE_EXTENDED_RANGE
0.8625,0.01175,6.569952346183562,1.6250428881086247,4.779078953334627,OUTSIDE_EXTENDED_RANGE
0.8625,0.012,12.36658804358655,0.9347364208069177,4.560100229763796,OUTSIDE_EXTENDED_RANGE
0.8625,0.01225,inf,-0.15,4.324992492341147,NO_POSITIVE_BRAKE_BOUND
0.8625,0.0125,inf,-0.15,4.070891883939812,NO_POSITIVE_BRAKE_BOUND
0.8625,0.012750000000000001,inf,-0.15,3.793880945609789,NO_POSITIVE_BRAKE_BOUND
0.8625,0.013000000000000001,inf,-0.15,3.488345292253885,NO_POSITIVE_BRAKE_BOUND
0.8625,0.01325,inf,-0.15,3.14571247683347,NO_POSITIVE_BRAKE_BOUND
0.8625,0.0135,inf,-0.15,2.7516407102658302,NO_POSITIVE_BRAKE_BOUND
0.8625,0.01375,inf,-0.15,2.2783906247363164,NO_POSITIVE_BRAKE_BOUND
0.8625,0.014,inf,-0.15,1.6552897686087533,NO_POSITIVE_BRAKE_BOUND
0.875,0.0,1.4382192997444014,7.057291247237064,8.59430754138654,PASS_OPERATIONAL
0.875,0.00025,1.4389249671493807,7.051754736236162,8.588955769354452,PASS_OPERATIONAL
0.875,0.0005,1.440005899468745,7.04341296993993,8.581204678184358,PASS_OPERATIONAL
0.875,0.00075,1.4414669490803538,7.032256173940052,8.571047681677648,PASS_OPERATIONAL
0.875,0.001,1.4433147615315898,7.018271204195611,8.55847611275555,PASS_OPERATIONAL
0.875,0.00125,1.4455578539011635,7.001441468857868,8.543479186191925,PASS_OPERATIONAL
0.875,0.0015,1.448206716392952,6.981746828435513,8.526043951823194,PASS_OPERATIONAL
0.875,0.00175,1.4512739394330612,6.959163472877804,8.506155237756214,PASS_OPERATIONAL
0.875,0.002,1.4547743691722548,6.933663773789662,8.483795582983655,PASS_OPERATIONAL
0.875,0.0022500000000000003,1.4587252950349403,6.905216109581619,8.458945158694142,PASS_OPERATIONAL
0.875,0.0025,1.4631466738344243,6.873784660886181,8.431581677428138,PASS_OPERATIONAL
0.875,0.00275,1.4680613960320354,6.839329173025119,8.401680289077401,PASS_OPERATIONAL
0.875,0.003,1.4734956010051277,6.801804681670796,8.369213462552302,PASS_OPERATIONAL
0.875,0.0032500000000000003,1.4794790497705816,6.76116119708548,8.334150851742775,PASS_OPERATIONAL
0.875,0.0035,1.4860455655698954,6.717343341416678,8.296459144170502,PASS_OPERATIONAL
0.875,0.00375,1.493233555168644,6.67028993243689,8.256101890465583,PASS_OPERATIONAL
0.875,0.004,1.5010866268010514,6.619933505796049,8.213039312492961,PASS_OPERATIONAL
0.875,0.00425,1.5096543245911638,6.5661997662443,8.167228087593424,PASS_OPERATIONAL
0.875,0.0045000000000000005,1.5189930042620783,6.509006956303619,8.118621105979273,PASS_OPERATIONAL
0.875,0.00475,1.529166881350295,6.448265128418226,8.06716719782234,PASS_OPERATIONAL
0.875,0.005,1.5402492914460582,6.383875303562197,8.012810825974311,PASS_OPERATIONAL
0.875,0.00525,1.5523242128321721,6.315728495452001,7.955491739544778,PASS_OPERATIONAL
0.875,0.0055,1.5654881161964656,6.243704574665614,7.895144582703789,PASS_OPERATIONAL
0.875,0.00575,1.5798522251143903,6.167670940789809,7.831698452038611,PASS_OPERATIONAL
0.875,0.006,1.5955452965382486,6.087480962768543,7.765076394534907,PASS_OPERATIONAL
0.875,0.00625,1.612717065173417,6.0029721373089275,7.695194836714608,PASS_OPERATIONAL
0.875,0.006500000000000001,1.6315425431313921,5.913963901681803,7.6219629335736725,PASS_OPERATIONAL
0.875,0.00675,1.6522274321713728,5.820255019352188,7.545281823628724,PASS_OPERATIONAL
0.875,0.007,1.6750149984782217,5.721620432904361,7.465043773478624,PASS_OPERATIONAL
0.875,0.00725,1.70019489189643,5.617807446239861,7.381131191652588,PASS_OPERATIONAL
0.875,0.0075,1.7281145823706654,5.508531053418369,7.293415486933606,PASS_OPERATIONAL
0.875,0.00775,1.759194366801419,5.393468169377362,7.201755740523342,PASS_OPERATIONAL
0.875,0.008,1.7939473191016047,5.2722504298584365,7.10599715395719,PASS_OPERATIONAL
0.875,0.00825,1.8330061963542579,5.1444551013395134,7.005969225044102,PASS_OPERATIONAL
0.875,0.0085,1.8771603119207891,5.009593456164932,6.901483591545027,PASS_OPERATIONAL
0.875,0.00875,1.9274069801142557,4.867095689988381,6.792331465764097,PASS_OPERATIONAL
0.875,0.009000000000000001,1.9850247519822237,4.71629103207977,6.6782805612147795,PASS_OPERATIONAL
0.875,0.00925,2.0516800847483556,4.556381027084399,6.55907138288905,PASS_OPERATIONAL
0.875,0.0095,2.1295868323537346,4.386402875858801,6.434412712261197,PASS_OPERATIONAL
0.875,0.00975,2.2217520565512987,4.205177889466743,6.303976062337463,PASS_OPERATIONAL
0.875,0.01,2.3323685876082445,4.0112369029532555,6.167388799776742,PASS_OPERATIONAL
0.875,0.01025,2.4674690255767286,3.8027086147223144,6.024225519513606,PASS_OPERATIONAL
0.875,0.0105,2.636072560939385,3.577145414402287,5.873997095362644,PASS_OPERATIONAL
0.875,0.010750000000000001,2.8523276763219365,3.3312375966170418,5.716136590331137,PASS_EXTENDED
0.875,0.011,3.1398525473510834,3.0603134091393636,5.549980847494443,PASS_EXTENDED
0.875,0.01125,3.5415197672481122,2.7573878108191905,5.3747460192559275,PASS_EXTENDED
0.875,0.0115,4.145067003520536,2.411130667673947,5.18949439434373,OUTSIDE_EXTENDED_RANGE
0.875,0.01175,5.167186577934571,2.0007141669919797,4.993088401537035,OUTSIDE_EXTENDED_RANGE
0.875,0.012,7.366397820441771,1.4783265262532572,4.784125138513727,OUTSIDE_EXTENDED_RANGE
0.875,0.01225,18.51696224399533,0.648133974280007,4.560840258746803,OUTSIDE_EXTENDED_RANGE
0.875,0.0125,inf,-0.15,4.320961573818962,NO_POSITIVE_BRAKE_BOUND
0.875,0.012750000000000001,inf,-0.15,4.061475822727718,NO_POSITIVE_BRAKE_BOUND
0.875,0.013000000000000001,inf,-0.15,3.7782357283426315,NO_POSITIVE_BRAKE_BOUND
0.875,0.01325,inf,-0.15,3.4652486899568444,NO_POSITIVE_BRAKE_BOUND
0.875,0.0135,inf,-0.15,3.1132594826958164,NO_POSITIVE_BRAKE_BOUND
0.875,0.01375,inf,-0.15,2.7065149083894116,NO_POSITIVE_BRAKE_BOUND
0.875,0.014,inf,-0.15,2.2136367989927344,NO_POSITIVE_BRAKE_BOUND
0.8875,0.0,1.4296688777033735,7.160339346160682,8.71575708654652,PASS_OPERATIONAL
0.8875,0.00025,1.4303466201507482,7.154880937730949,8.710480800790194,PASS_OPERATIONAL
0.8875,0.0005,1.4313833281946104,7.146657069482228,8.702839203424446,PASS_OPERATIONAL
0.8875,0.00075,1.4327835127577506,7.135658376675712,8.692825984039043,PASS_OPERATIONAL
0.8875,0.001,1.434553349649973,7.121872268571897,8.680432839710159,PASS_OPERATIONAL
0.8875,0.00125,1.4367007503003018,7.10528285568695,8.665649440315459,PASS_OPERATIONAL
0.8875,0.0015,1.4392354533802256,7.085870856947697,8.648463385005318,PASS_OPERATIONAL
0.8875,0.00175,1.442169139305802,7.063613485461013,8.628860149397253,PASS_OPERATIONAL
0.8875,0.002,1.445515570154512,7.038484311287394,8.606823022960837,PASS_OPERATIONAL
0.8875,0.0022500000000000003,1.449290758172255,7.010453099240647,8.582333035950459,PASS_OPERATIONAL
0.8875,0.0025,1.4535131668033516,6.979485619315392,8.555368875121685,PASS_OPERATIONAL
0.8875,0.00275,1.458203949084795,6.945543426857804,8.525906787330165,PASS_OPERATIONAL
0.8875,0.003,1.4633872293471275,6.908583609027025,8.493920469957798,PASS_OPERATIONAL
0.8875,0.0032500000000000003,1.4690904355113763,6.868558493424771,8.4593809469348,PASS_OPERATIONAL
0.8875,0.0035,1.475344690933245,6.825415313974142,8.422256428924582,PASS_OPERATIONAL
0.8875,0.00375,1.4821852768115535,6.779095828174481,8.38251215600536,PASS_OPERATIONAL
0.8875,0.004,1.4896521787647545,6.729535878707587,8.340110220911889,PASS_OPERATIONAL
0.8875,0.00425,1.4977907344419692,6.676664890971651,8.295009370585037,PASS_OPERATIONAL
0.8875,0.0045000000000000005,1.5066524031794435,6.620405296407666,8.247164783406344,PASS_OPERATIONAL
0.8875,0.00475,1.5162956840161155,6.5606718693753,8.196527819057781,PASS_OPERATIONAL
0.8875,0.005,1.5267872152180582,6.4973709627209,8.143045737429109,PASS_OPERATIONAL
0.8875,0.00525,1.5382030973427272,6.430399623915329,8.086661382378532,PASS_OPERATIONAL
0.8875,0.0055,1.550630493506651,6.359644569531042,8.027312825414205,PASS_OPERATIONAL
0.8875,0.00575,1.5641695758885759,6.284980990618775,7.964932963476329,PASS_OPERATIONAL
0.8875,0.006,1.5789359079895893,6.206271154885149,7.899449063926025,PASS_OPERATIONAL
0.8875,0.00625,1.5950633797557523,6.12336276298645,7.830782248542287,PASS_OPERATIONAL
0.8875,0.006500000000000001,1.6127078501908654,6.036087005080432,7.75884690673319,PASS_OPERATIONAL
0.8875,0.00675,1.6320517036990339,5.944256249094305,7.683550026206497,PASS_OPERATIONAL
0.8875,0.007,1.6533095982449522,5.847661272664953,7.604790426919099,PASS_OPERATIONAL
0.8875,0.00725,1.6767357847400317,5.746067924509095,7.522457881104921,PASS_OPERATIONAL
0.8875,0.0075,1.702633521959744,5.639213065350505,7.4364320983960965,PASS_OPERATIONAL
0.8875,0.00775,1.7313673216957004,5.52679958941876,7.346581550274347,PASS_OPERATIONAL
0.8875,0.008,1.7633790694802332,5.408490258840524,7.25276210201182,PASS_OPERATIONAL
0.8875,0.00825,1.799209533291918,5.283899985611162,7.154815412466618,PASS_OPERATIONAL
0.8875,0.0085,1.8395274892075655,5.152586054598736,7.052567052015863,PASS_OPERATIONAL
0.8875,0.00875,1.885169817046505,5.014035572691669,6.94582427574478,PASS_OPERATIONAL
0.8875,0.009000000000000001,1.9371977267745732,4.86764911511606,6.8343733716491055,PASS_OPERATIONAL
0.8875,0.00925,1.9969772657413196,4.71271905477018,6.717976480464142,PASS_OPERATIONAL
0.8875,0.0095,2.066297358289062,4.54840029005884,6.5963677525196,PASS_OPERATIONAL
0.8875,0.00975,2.147547653859049,4.37366982464735,6.469248664385507,PASS_OPERATIONAL
0.8875,0.01,2.243995099182762,4.187269509267898,6.336282259036754,PASS_OPERATIONAL
0.8875,0.01025,2.36023034661783,3.9876224605955763,6.1970859902724476,PASS_OPERATIONAL
0.8875,0.0105,2.5029210661248813,3.7727066132486877,6.051222733520949,PASS_OPERATIONAL
0.8875,0.010750000000000001,2.6821539334384354,3.5398549344960695,5.8981893525458915,PASS_OPERATIONAL
0.8875,0.011,2.9139924638689627,3.285422305688923,5.7374019552251685,PASS_EXTENDED
0.8875,0.01125,3.2257949109044497,3.004190564316779,5.568176582223416,PASS_EXTENDED
0.8875,0.0115,3.6686363632621872,2.688204455359936,5.389703465864278,PASS_EXTENDED
0.8875,0.01175,4.3515563260039976,2.3241838374755015,5.201012024292489,OUTSIDE_EXTENDED_RANGE
0.8875,0.012,5.5639966070269,1.8865317354819182,5.000922145879952,OUTSIDE_EXTENDED_RANGE
0.8875,0.01225,8.494545659749017,1.3104903541020025,4.787974549928418,OUTSIDE_EXTENDED_RANGE
0.8875,0.0125,98.60041032875598,0.12981664715486055,4.5603280343912544,OUTSIDE_EXTENDED_RANGE
0.8875,0.012750000000000001,inf,-0.15,4.315602004551253,NO_POSITIVE_BRAKE_BOUND
0.8875,0.013000000000000001,inf,-0.15,4.050623702654627,NO_POSITIVE_BRAKE_BOUND
0.8875,0.01325,inf,-0.15,3.760998267136514,NO_POSITIVE_BRAKE_BOUND
0.8875,0.0135,inf,-0.15,3.440320684721238,NO_POSITIVE_BRAKE_BOUND
0.8875,0.01375,inf,-0.15,3.078578441870646,NO_POSITIVE_BRAKE_BOUND
0.8875,0.014,inf,-0.15,2.658411633177225,NO_POSITIVE_BRAKE_BOUND
0.8999999999999999,0.0,1.4213771269115527,7.263386247161279,8.83720521986865,PASS_OPERATIONAL
0.8999999999999999,0.00025,1.4220285367310446,7.258003766737701,8.832002319084664,PASS_OPERATIONAL
0.8999999999999999,0.0005,1.4230235441436032,7.249894504869645,8.824467160789819,PASS_OPERATIONAL
0.8999999999999999,0.00075,1.424366347068708,7.239049483878151,8.814593695158711,PASS_OPERATIONAL
0.8999999999999999,0.001,1.4260626909201848,7.225456635626026,8.802373963264277,PASS_OPERATIONAL
0.8999999999999999,0.00125,1.4281199325473746,7.2091007337581665,8.787798064763015,PASS_OPERATIONAL
0.8999999999999999,0.0015,1.430547122993178,7.189963307265233,8.770854117357759,PASS_OPERATIONAL
0.8999999999999999,0.00175,1.4333551108122526,7.1680225342096335,8.751528207646322,PASS_OPERATIONAL
0.8999999999999999,0.002,1.4365566681697846,7.1432531141596876,8.729804332874528,PASS_OPERATIONAL
0.8999999999999999,0.0022500000000000003,1.4401666424959858,7.115626117548299,8.705664333013457,PASS_OPERATIONAL
0.8999999999999999,0.0025,1.4442021371261533,7.085108809796849,8.679087812471671,PASS_OPERATIONAL
0.8999999999999999,0.00275,1.448682725138243,7.051664447612092,8.650052050631036,PASS_OPERATIONAL
0.8999999999999999,0.003,1.4536307015442587,7.015252044359638,8.618531900257224,PASS_OPERATIONAL
0.8999999999999999,0.0032500000000000003,1.4590713801424104,6.975826100825081,8.584499672679584,PASS_OPERATIONAL
0.8999999999999999,0.0035,1.4650334427505645,6.933336296971928,8.547925008456218,PASS_OPERATIONAL
0.8999999999999999,0.00375,1.4715493502912262,6.887727139467684,8.508774732034388,PASS_OPERATIONAL
0.8999999999999999,0.004,1.478655827379702,6.838937558742385,8.46701268867808,PASS_OPERATIONAL
0.8999999999999999,0.00425,1.486394434805568,6.786900448125228,8.422599561657401,PASS_OPERATIONAL
0.8999999999999999,0.0045000000000000005,1.4948122477594932,6.731542136120361,8.375492667370322,PASS_OPERATIONAL
0.8999999999999999,0.00475,1.503962662064569,6.672781781062617,8.32564572568622,PASS_OPERATIONAL
0.8999999999999999,0.005,1.5139063563224153,6.610530675146736,8.273008602350789,PASS_OPERATIONAL
0.8999999999999999,0.00525,1.5247124451847955,6.544691442030766,8.217527019757924,PASS_OPERATIONAL
0.8999999999999999,0.0055,1.5364598684669462,6.475157108718251,8.159142231757668,PASS_OPERATIONAL
0.8999999999999999,0.00575,1.5492390732974062,6.4018100280151575,8.09779065740658,PASS_OPERATIONAL
0.8999999999999999,0.006,1.5631540630243426,6.3245206222545916,8.033403467648673,PASS_OPERATIONAL
0.8999999999999999,0.00625,1.5783249086857272,6.243145911802731,7.965906117803591,PASS_OPERATIONAL
0.8999999999999999,0.006500000000000001,1.5948908486654945,6.1575277825785255,7.895217817386502,PASS_OPERATIONAL
0.8999999999999999,0.00675,1.6130141428309404,6.067490934709915,7.821250927129618,PASS_OPERATIONAL
0.8999999999999999,0.007,1.632884903565431,5.972840438489311,7.743910271039291,PASS_OPERATIONAL
0.8999999999999999,0.00725,1.654727204492892,5.8733588025287,7.663092348801512,PASS_OPERATIONAL
0.8999999999999999,0.0075,1.678806878624211,5.768802430357005,7.578684430707046,PASS_OPERATIONAL
0.8999999999999999,0.00775,1.7054415769243756,5.658897302586781,7.490563513325623,PASS_OPERATIONAL
0.8999999999999999,0.008,1.7350138905583565,5.543333667650261,7.398595109176832,PASS_OPERATIONAL
0.8999999999999999,0.00825,1.7679886845995034,5.421759448073829,7.3026318373008605,PASS_OPERATIONAL
0.8999999999999999,0.0085,1.8049363117064863,5.293771960690489,7.2025117734854875,PASS_OPERATIONAL
0.8999999999999999,0.00875,1.846564177743184,5.158907391318855,7.09805650835287,PASS_OPERATIONAL
0.8999999999999999,0.009000000000000001,1.8937603998316654,5.016627230215082,6.98906884771084,PASS_OPERATIONAL
0.8999999999999999,0.00925,1.947655352030568,4.86630051922729,6.875330071347077,PASS_OPERATIONAL
0.8999999999999999,0.0095,2.0097103192316244,4.707180208639575,6.756596642106234,PASS_OPERATIONAL
0.8999999999999999,0.00975,2.0818483798306264,4.538371036511507,6.632596224205196,PASS_OPERATIONAL
0.8999999999999999,0.01,2.1666531863626117,4.35878487949913,6.503022824736764,PASS_OPERATIONAL
0.8999999999999999,0.01025,2.2676810044799316,4.167077011126855,6.3675308098564605,PASS_OPERATIONAL
0.8999999999999999,0.0105,2.389970030206545,3.961552196822993,6.225727459143116,PASS_OPERATIONAL
0.8999999999999999,0.010750000000000001,2.540911590261127,3.740021045084459,6.077163595527562,PASS_OPERATIONAL
0.8999999999999999,0.011,2.7318284222749916,3.4995699352115435,5.921321644137179,PASS_OPERATIONAL
0.8999999999999999,0.01125,2.9810478692732496,3.2361707590728486,5.757600199209907,PASS_EXTENDED
0.8999999999999999,0.0115,3.3204740067385425,2.943968135582521,5.585293760273918,PASS_EXTENDED
0.8999999999999999,0.01175,3.8115521885323953,2.613841521361163,5.403565645082559,PASS_EXTENDED
0.8999999999999999,0.012,4.59194126303162,2.2300621427181233,5.211411034117681,OUTSIDE_EXTENDED_RANGE
0.8999999999999999,0.01225,6.060047752784299,1.7605670278741814,5.007605348894711,OUTSIDE_EXTENDED_RANGE
0.8999999999999999,0.0125,10.254577079472249,1.113143558587059,4.7906301340118445,OUTSIDE_EXTENDED_RANGE
0.8999999999999999,0.012750000000000001,inf,-0.15,4.558563125099831,NO_POSITIVE_BRAKE_BOUND
0.8999999999999999,0.013000000000000001,inf,-0.15,4.30890870888167,NO_POSITIVE_BRAKE_BOUND
0.8999999999999999,0.01325,inf,-0.15,4.038323652482105,NO_POSITIVE_BRAKE_BOUND
0.8999999999999999,0.0135,inf,-0.15,3.742145954859578,NO_POSITIVE_BRAKE_BOUND
0.8999999999999999,0.01375,inf,-0.15,3.4135199432174828,NO_POSITIVE_BRAKE_BOUND
0.8999999999999999,0.014,inf,-0.15,3.0415905501106,NO_POSITIVE_BRAKE_BOUND
0.9125,0.0,1.4133325435342452,7.36643199950781,8.95865199941992,PASS_OPERATIONAL
0.9125,0.00025,1.4139591012299182,7.361123362162613,8.953520468899733,PASS_OPERATIONAL
0.9125,0.0005,1.4149147541922125,7.353125551183653,8.946088821192479,PASS_OPERATIONAL
0.9125,0.00075,1.4162034130593535,7.342429954882794,8.936351252888636,PASS_OPERATIONAL
0.9125,0.001,1.4178304283947076,7.329024999130902,8.924300130278125,PASS_OPERATIONAL
0.9125,0.00125,1.419802648573074,7.312896084177039,8.90992595921365,PASS_OPERATIONAL
0.9125,0.0015,1.4221284946426247,7.294025504095548,8.893217347320977,PASS_OPERATIONAL
0.9125,0.00175,1.4248180536943307,7.272392347809767,8.874160958201447,PASS_OPERATIONAL
0.9125,0.002,1.4278831926869322,7.2479723803772735,8.8527414571908,PASS_OPERATIONAL
0.9125,0.0022500000000000003,1.4313376951578638,7.220737902925662,8.828941448149743,PASS_OPERATIONAL
0.9125,0.0025,1.4351974238177527,7.190657589291643,8.802741400663733,PASS_OPERATIONAL
0.9125,0.00275,1.4394805127012096,7.157696297029933,8.774119566920122,PASS_OPERATIONAL
0.9125,0.003,1.4442075933587222,7.121814850009932,8.743051887407974,PASS_OPERATIONAL
0.9125,0.0032500000000000003,1.4494020605600488,7.082969789292983,8.70951188444656,PASS_OPERATIONAL
0.9125,0.0035,1.4550903841854934,7.0411130883629545,8.673470542389852,PASS_OPERATIONAL
0.9125,0.00375,1.4613024754680195,6.996191828045549,8.634896173172029,PASS_OPERATIONAL
0.9125,0.004,1.4680721175945628,6.948147825568653,8.593754265648762,PASS_OPERATIONAL
0.9125,0.00425,1.4754374729812947,6.8969172111516235,8.550007316945148,PASS_OPERATIONAL
0.9125,0.0045000000000000005,1.483441682439665,6.842429944220033,8.503614643736737,PASS_OPERATIONAL
0.9125,0.00475,1.492133575126593,6.784609259765468,8.454532171057009,PASS_OPERATIONAL
0.9125,0.005,1.5015685128622527,6.723371033432211,8.40271219583255,PASS_OPERATIONAL
0.9125,0.00525,1.5118093984253707,6.658623051515261,8.348103121883634,PASS_OPERATIONAL
0.9125,0.0055,1.522927885237783,6.590264169068227,8.290649162577198,PASS_OPERATIONAL
0.9125,0.00575,1.5350058360303895,6.518183335573864,8.230290006661912,PASS_OPERATIONAL
0.9125,0.006,1.5481370914778578,6.44225846289608,8.166960442026882,PASS_OPERATIONAL
0.9125,0.00625,1.5624296275710465,6.362355104201934,8.100589931175485,PASS_OPERATIONAL
0.9125,0.006500000000000001,1.5780082043236594,6.2783249047963485,8.031102131055087,PASS_OPERATIONAL
0.9125,0.00675,1.5950176406610628,6.190003775773717,7.958414348481922,PASS_OPERATIONAL
0.9125,0.007,1.613626894464983,6.097209728256686,7.88243692068407,PASS_OPERATIONAL
0.9125,0.00725,1.6340341878223659,5.999740288632113,7.803072508371354,PASS_OPERATIONAL
0.9125,0.0075,1.656473503121087,5.8973693919939265,7.720215286120632,PASS_OPERATIONAL
0.9125,0.00775,1.6812228972236904,5.789843619627119,7.633750011596253,PASS_OPERATIONAL
0.9125,0.008,1.708615256219089,5.676877603384594,7.543550951019718,PASS_OPERATIONAL
0.9125,0.00825,1.7390523699694675,5.55814836009235,7.449480633107794,PASS_OPERATIONAL
0.9125,0.0085,1.7730235883195715,5.433288234868856,7.35138839707449,PASS_OPERATIONAL
0.9125,0.00875,1.8111309022705677,5.301876011358382,7.249108691775957,PASS_OPERATIONAL
0.9125,0.009000000000000001,1.854123195892947,5.163425570159516,7.142459072030631,PASS_OPERATIONAL
0.9125,0.00925,1.9029438490202684,5.017371212988766,7.031237823681032,PASS_OPERATIONAL
0.9125,0.0095,1.9587982112595361,4.8630483672935965,6.915221129825984,PASS_OPERATIONAL
0.9125,0.00975,2.0232514026346524,4.699667754560615,6.794159665053304,PASS_OPERATIONAL
0.9125,0.01,2.0983737388645496,4.526280086053977,6.667774469850998,PASS_OPERATIONAL
0.9125,0.01025,2.186963449542336,4.341726647251031,6.535751909856886,PASS_OPERATIONAL
0.9125,0.0105,2.2928997490295955,4.144568176292581,6.39773745851846,PASS_OPERATIONAL
0.9125,0.010750000000000001,2.421725950255797,3.9329790698489986,6.253327948389112,PASS_OPERATIONAL
0.9125,0.011,2.581661309932592,3.7045836436150914,6.102061802183193,PASS_OPERATIONAL
0.9125,0.01125,2.785467197534071,3.456190061994098,5.943406558406368,PASS_OPERATIONAL
0.9125,0.0115,3.0541653180157287,3.183330643309329,5.776742712967231,PASS_EXTENDED
0.9125,0.01175,3.425237005897198,2.8794016420450093,5.601342449296041,PASS_EXTENDED
0.9125,0.012,3.9734223169702307,2.5338685058744947,5.416341124535422,PASS_EXTENDED
0.9125,0.01225,4.875728436303491,2.12787636223413,5.220698238836824,OUTSIDE_EXTENDED_RANGE
0.9125,0.0125,6.701741020057631,1.6203067539906713,5.013142705725791,OUTSIDE_EXTENDED_RANGE
0.9125,0.012750000000000001,13.531493135073212,0.8692870065025832,4.792093917775575,OUTSIDE_EXTENDED_RANGE
0.9125,0.013000000000000001,inf,-0.15,4.555544042249672,NO_POSITIVE_BRAKE_BOUND
0.9125,0.01325,inf,-0.15,4.300875311697141,NO_POSITIVE_BRAKE_BOUND
0.9125,0.0135,inf,-0.15,4.024562058271797,NO_POSITIVE_BRAKE_BOUND
0.9125,0.01375,inf,-0.15,3.721653573552634,NO_POSITIVE_BRAKE_BOUND
0.9125,0.014,inf,-0.15,3.3848006267088047,NO_POSITIVE_BRAKE_BOUND
0.9249999999999999,0.0,1.4055242930298233,7.469476649803449,9.080097480125493,PASS_OPERATIONAL
0.9249999999999999,0.00025,1.406127376567839,7.4642398553828055,9.075035387058717,PASS_OPERATIONAL
0.9249999999999999,0.0005,1.4070458585640806,7.456350468555863,9.067704440834133,PASS_OPERATIONAL
0.9249999999999999,0.00075,1.4082833856633068,7.445800223972454,9.058099071240294,PASS_OPERATIONAL
0.9249999999999999,0.001,1.4098449457413054,7.432578014850884,9.046211952270985,PASS_OPERATIONAL
0.9249999999999999,0.00125,1.4117369203837422,7.41666983400888,9.0320339739925,PASS_OPERATIONAL
0.9249999999999999,0.0015,1.413967152703297,7.398058698718498,9.015554207280456,PASS_OPERATIONAL
0.9249999999999999,0.00175,1.4165450318436312,7.376724558431773,8.99675986110428,PASS_OPERATIONAL
0.9249999999999999,0.002,1.419481595882614,7.352644184185998,8.975636231964232,PASS_OPERATIONAL
0.9249999999999999,0.0022500000000000003,1.4227896552676176,7.325791038231338,8.952166645005969,PASS_OPERATIONAL
0.9249999999999999,0.0025,1.4264839394081774,7.296135122122078,8.926332386249468,PASS_OPERATIONAL
0.9249999999999999,0.00275,1.4305812696355882,7.263642801167316,8.898112625271185,PASS_OPERATIONAL
0.9249999999999999,0.003,1.4351007624390764,7.228276602737253,8.867484327568327,PASS_OPERATIONAL
0.9249999999999999,0.0032500000000000003,1.4400640677347027,7.189994985454689,8.834422155709914,PASS_OPERATIONAL
0.9249999999999999,0.0035,1.4454956479549517,7.148752075752401,8.798898358238025,PASS_OPERATIONAL
0.9249999999999999,0.00375,1.451423105013689,7.104497367626512,8.76088264512089,PASS_OPERATIONAL
0.9249999999999999,0.004,1.4578775637671941,7.057175380639767,8.720342048373501,PASS_OPERATIONAL
0.9249999999999999,0.00425,1.4648941225407712,7.006725270296464,8.67724076624623,PASS_OPERATIONAL
0.9249999999999999,0.0045000000000000005,1.4725123837316128,6.953080383784205,8.63153998913187,PASS_OPERATIONAL
0.9249999999999999,0.00475,1.4807770805766545,6.896167752707849,8.583197705049448,PASS_OPERATIONAL
0.9249999999999999,0.005,1.489738820081653,6.8359075127645355,8.532168482220706,PASS_OPERATIONAL
0.9249999999999999,0.00525,1.4994549671024227,6.77221223824436,8.478403225851345,PASS_OPERATIONAL
0.9249999999999999,0.0055,1.5099907010001887,6.704986176681904,8.421848905751428,PASS_OPERATIONAL
0.9249999999999999,0.00575,1.5214202846360765,6.634124365789588,8.362448250861014,PASS_OPERATIONAL
0.9249999999999999,0.006,1.5338285963802354,6.559511610788074,8.300139406068425,PASS_OPERATIONAL
0.9249999999999999,0.00625,1.547312990199951,6.481021295162607,8.234855545893621,PASS_OPERATIONAL
0.9249999999999999,0.006500000000000001,1.5619855680383603,6.398513991380027,8.166524438626354,PASS_OPERATIONAL
0.9249999999999999,0.00675,1.57797597441944,6.311835829739098,8.095067953316985,PASS_OPERATIONAL
0.9249999999999999,0.007,1.5954348581300157,6.220816572661623,8.020401500565248,PASS_OPERATIONAL
0.9249999999999999,0.00725,1.614538193742249,6.125267327476973,7.942433396271608,PASS_OPERATIONAL
0.9249999999999999,0.0075,1.635492722269324,6.024977811854873,7.861064135320376,PASS_OPERATIONAL
0.9249999999999999,0.00775,1.6585428638106947,5.919713060705587,7.7761855594400675,PASS_OPERATIONAL
0.9249999999999999,0.008,1.6839795884550948,5.809209428984685,7.687679900085152,PASS_OPERATIONAL
0.9249999999999999,0.00825,1.712151924814864,5.693169697561417,7.595418672906552,PASS_OPERATIONAL
0.9249999999999999,0.0085,1.7434820696867317,5.571257023355967,7.499261394960731,PASS_OPERATIONAL
0.9249999999999999,0.00875,1.7784854879379306,5.4430873814826075,7.399054088890986,PASS_OPERATIONAL
0.9249999999999999,0.009000000000000001,1.8177980419776674,5.3082200123575065,7.294627529410832,PASS_OPERATIONAL
0.9249999999999999,0.00925,1.8622132056487217,5.166145188621167,7.18579517585403,PASS_OPERATIONAL
0.9249999999999999,0.0095,1.9127340422771513,5.016268319251332,7.072350719388421,PASS_OPERATIONAL
0.9249999999999999,0.00975,1.9706472986417323,4.857888950775564,6.954065153393002,PASS_OPERATIONAL
0.9249999999999999,0.01,2.0376314980787904,4.690172502804005,6.8306832485681745,PASS_OPERATIONAL
0.9249999999999999,0.01025,2.115918875244603,4.512111397993401,6.701919277827943,PASS_OPERATIONAL
0.9249999999999999,0.0105,2.2085455508666314,4.322470260884915,6.567451785839321,PASS_OPERATIONAL
0.9249999999999999,0.010750000000000001,2.319752243099568,4.119706371461623,6.426917128124583,PASS_OPERATIONAL
0.9249999999999999,0.011,2.455654324670943,3.901850130409563,6.279901405601568,PASS_OPERATIONAL
0.9249999999999999,0.01125,2.625422358207147,3.666317751039606,6.125930277770913,PASS_OPERATIONAL
0.9249999999999999,0.0115,2.843501387870977,3.4096021675603,5.964455928298569,PASS_EXTENDED
0.9249999999999999,0.01175,3.134143634248213,3.1267283565318613,5.794840142634053,PASS_EXTENDED
0.9249999999999999,0.012,3.541744518023547,2.810206845897764,5.616331974977235,PASS_EXTENDED
0.9249999999999999,0.01225,4.15835885276615,2.447767336637365,5.42803772123999,OUTSIDE_EXTENDED_RANGE
0.9249999999999999,0.0125,5.216592635925593,2.0164857296783616,5.228879678112583,OUTSIDE_EXTENDED_RANGE
0.9249999999999999,0.012750000000000001,7.572351699723518,1.4620237018418782,5.01753808718918,OUTSIDE_EXTENDED_RANGE
0.9249999999999999,0.013000000000000001,23.075474678941113,0.5306431741375124,4.792367016565971,OUTSIDE_EXTENDED_RANGE
0.9249999999999999,0.01325,inf,-0.15,4.551268233903259,NO_POSITIVE_BRAKE_BOUND
0.9249999999999999,0.0135,inf,-0.15,4.291494107708639,NO_POSITIVE_BRAKE_BOUND
0.9249999999999999,0.01375,inf,-0.15,4.009323485279293,NO_POSITIVE_BRAKE_BOUND
0.9249999999999999,0.014,inf,-0.15,3.6994931119473247,NO_POSITIVE_BRAKE_BOUND
0.9375,0.0,1.3979421623472479,7.572520242163499,9.20154171397841,PASS_OPERATIONAL
0.9375,0.00025,1.3985230555564172,7.56735337074991,9.196547203070464,PASS_OPERATIONAL
0.9375,0.0005,1.3994064007265374,7.5595695031710415,9.189314262192118,PASS_OPERATIONAL
0.9375,0.00075,1.400595601622346,7.549160702065193,9.17983754198769,PASS_OPERATIONAL
0.9375,0.001,1.4020953125756737,7.536116303115963,9.168110007806979,PASS_OPERATIONAL
0.9375,0.00125,1.4039114861273343,7.520422859961829,9.154122913418453,PASS_OPERATIONAL
0.9375,0.0015,1.4060514345486548,7.5020640740276745,9.137865768072077,PASS_OPERATIONAL
0.9375,0.00175,1.4085239064319934,7.481020708412801,9.119326296619336,PASS_OPERATIONAL
0.9375,0.002,1.4113391798584007,7.4572704847550275,9.098490392331874,PASS_OPERATIONAL
0.9375,0.0022500000000000003,1.4145091740176692,7.4307879617507435,9.075342061987891,PASS_OPERATIONAL
0.9375,0.0025,1.4180475815847262,7.401544393739933,9.049863362716163,PASS_OPERATIONAL
0.9375,0.00275,1.4219700246630689,7.369507567455797,9.022034329999467,PASS_OPERATIONAL
0.9375,0.003,1.4262942377110142,7.3346416146816935,8.991832896140652,PASS_OPERATIONAL
0.9375,0.0032500000000000003,1.4310402815954957,7.296906798142769,8.959234798383497,PASS_OPERATIONAL
0.9375,0.0035,1.436230793803305,7.256259267472682,8.924213475754598,PASS_OPERATIONAL
0.9375,0.00375,1.4418912809221578,7.212650781520539,8.886739953548703,PASS_OPERATIONAL
0.9375,0.004,1.4480504608368923,7.1660283925792,8.846782714214928,PASS_OPERATIONAL
0.9375,0.00425,1.4547406637379323,7.1163340872977345,8.804307553211173,PASS_OPERATIONAL
0.9375,0.0045000000000000005,1.4619983030993668,7.0635043780554385,8.759277418173474,PASS_OPERATIONAL
0.9375,0.00475,1.4698644303700317,7.007469837381433,8.711652229490522,PASS_OPERATIONAL
0.9375,0.005,1.4783853903883064,6.948154566549322,8.661388680073406,PASS_OPERATIONAL
0.9375,0.00525,1.4876135986870171,6.885475587693059,8.60844001175827,PASS_OPERATIONAL
0.9375,0.0055,1.4976084671775651,6.819342146589232,8.552755765363688,PASS_OPERATIONAL
0.9375,0.00575,1.5084375115693887,6.749654910517264,8.494281500931992,PASS_OPERATIONAL
0.9375,0.006,1.5201776828084719,6.6763050421897345,8.432958484097293,PASS_OPERATIONAL
0.9375,0.00625,1.5329169765191355,6.599173126437416,8.368723333821798,PASS_OPERATIONAL
0.9375,0.006500000000000001,1.5467563899001107,6.51812792086542,8.301507625899585,PASS_OPERATIONAL
0.9375,0.00675,1.5618123161584028,6.433024894698865,8.231237445609928,PASS_OPERATIONAL
0.9375,0.007,1.5782194943571317,6.34370451100333,8.15783288166794,PASS_OPERATIONAL
0.9375,0.00725,1.5961346703830146,6.249990195697568,8.081207452114565,PASS_OPERATIONAL
0.9375,0.0075,1.6157411768092342,6.151685921293206,8.001267450940329,PASS_OPERATIONAL
0.9375,0.00775,1.6372547119689698,6.04857331270874,7.917911201957276,PASS_OPERATIONAL
0.9375,0.008,1.6609307009345773,5.94040815481401,7.831028203601967,PASS_OPERATIONAL
0.9375,0.00825,1.6870737676453111,5.8269161436500845,7.74049814481288,PASS_OPERATIONAL
0.9375,0.0085,1.7160500604434328,5.7077876712138504,7.6461897676701085,PASS_OPERATIONAL
0.9375,0.00875,1.7483034881508301,5.582671360772828,7.547959546834894,PASS_OPERATIONAL
0.9375,0.009000000000000001,1.7843773978979842,5.451165965852556,7.4456501486042095,PASS_OPERATIONAL
0.9375,0.00925,1.8249439543447283,5.312810095566658,7.3390886230857175,PASS_OPERATIONAL
0.9375,0.0095,1.870844624651037,5.16706900653217,7.228084270888573,PASS_OPERATIONAL
0.9375,0.00975,1.9231470182185602,5.013317365514636,7.112426109820271,PASS_OPERATIONAL
0.9375,0.01,1.983226387830055,4.850816366417088,6.991879845970115,PASS_OPERATIONAL
0.9375,0.01025,2.052885331255462,4.678682756303731,6.866184225225401,PASS_OPERATIONAL
0.9375,0.0105,2.134534518783232,4.495845962601966,6.7350466027669365,PASS_OPERATIONAL
0.9375,0.010750000000000001,2.2314744604338363,4.300987190750496,6.598137515079922,PASS_OPERATIONAL
0.9375,0.011,2.348351739213452,4.092450229881901,6.455083964959792,PASS_OPERATIONAL
0.9375,0.01125,2.4919319693205177,3.8681059780231046,6.305461024878737,PASS_OPERATIONAL
0.9375,0.0115,2.6724838083732205,3.6251373571070222,6.148781212251694,PASS_OPERATIONAL
0.9375,0.01175,2.906434527935458,3.3596785032571006,5.984480866558159,PASS_EXTENDED
0.9375,0.012,3.2219410240632533,3.066165270042104,5.811902421863407,PASS_EXTENDED
0.9375,0.01225,3.6720694673481558,2.736050867366166,5.630270949753643,PASS_EXTENDED
0.9375,0.0125,4.3718355139405585,2.35490616403589,5.4386625264469615,OUTSIDE_EXTENDED_RANGE
0.9375,0.012750000000000001,5.635041723000256,1.8943861888168305,5.235960636306421,OUTSIDE_EXTENDED_RANGE
0.9375,0.013000000000000001,8.840338302466527,1.2797445940534278,5.020794553411985,OUTSIDE_EXTENDED_RANGE
0.9375,0.01325,inf,-0.15,4.7914496383195955,NO_POSITIVE_BRAKE_BOUND
0.9375,0.0135,inf,-0.15,4.545732073988385,NO_POSITIVE_BRAKE_BOUND
0.9375,0.01375,inf,-0.15,4.280756023889587,NO_POSITIVE_BRAKE_BOUND
0.9375,0.014,inf,-0.15,3.9925905874737286,NO_POSITIVE_BRAKE_BOUND
0.95,0.0,1.3905765161503938,7.675562818379262,9.322984750232703,PASS_OPERATIONAL
0.95,0.00025,1.3911364163310378,7.670464026053696,9.318056039611877,PASS_OPERATIONAL
0.95,0.0005,1.39198652156206,7.662782888190352,9.310918514926998,PASS_OPERATIONAL
0.95,0.00075,1.3931300118963752,7.652511778267303,9.30156703614254,PASS_OPERATIONAL
0.95,0.001,1.3945712345662302,7.639640451189,9.289994844689794,PASS_OPERATIONAL
0.95,0.00125,1.3963157472916963,7.62415599177171,9.276193538882286,PASS_OPERATIONAL
0.95,0.0015,1.398370374167162,7.606042749160165,9.260153043122424,PASS_OPERATIONAL
0.95,0.00175,1.4007432751766045,7.585282256388579,9.241861570633466,PASS_OPERATIONAL
0.95,0.002,1.4034440306683318,7.561853134104667,9.221305579390759,PASS_OPERATIONAL
0.95,0.0022500000000000003,1.406483742441104,7.535730977259091,9.19846972086103,PASS_OPERATIONAL
0.95,0.0025,1.4098751534675336,7.506888223318921,9.173336781086933,PASS_OPERATIONAL
0.95,0.00275,1.4136327887212186,7.475294000286152,9.145887613574743,PASS_OPERATIONAL
0.95,0.003,1.4177731200982586,7.440913952482928,9.116101063354657,PASS_OPERATIONAL
0.95,0.0032500000000000003,1.4223147590531349,7.403710041694742,9.083953881483641,PASS_OPERATIONAL
0.95,0.0035,1.427278681330289,7.363640320829843,9.049420629148292,PASS_OPERATIONAL
0.95,0.00375,1.4326884891003577,7.320658676743302,9.012473570396995,PASS_OPERATIONAL
0.95,0.004,1.438570716947794,7.27471453827014,8.973082552384204,PASS_OPERATIONAL
0.95,0.00425,1.4449551895609596,7.225752544791614,8.931214871840963,PASS_OPERATIONAL
0.95,0.0045000000000000005,1.4518754407200392,7.173712169794769,8.886835126291205,PASS_OPERATIONAL
0.95,0.00475,1.4593692053580372,7.118527292842752,8.83990504830716,PASS_OPERATIONAL
0.95,0.005,1.4674789992117387,7.060125712107937,8.790383320833724,PASS_OPERATIONAL
0.95,0.00525,1.4762528040500547,6.998428588074444,8.738225371303123,PASS_OPERATIONAL
0.95,0.0055,1.4857448808897389,6.933349807118097,8.683383141898362,PASS_OPERATIONAL
0.95,0.00575,1.4960167392841393,6.86479525132416,8.625804832895543,PASS_OPERATIONAL
0.95,0.006,1.5071382981078467,6.792661957981245,8.56543461550705,PASS_OPERATIONAL
0.95,0.00625,1.5191892828191043,6.716837148527697,8.502212310042218,PASS_OPERATIONAL
0.95,0.006500000000000001,1.5322609167378651,6.637197102103341,8.436073024477711,PASS_OPERATIONAL
0.95,0.00675,1.5464579805141883,6.553605842977344,8.366946747658712,PASS_OPERATIONAL
0.95,0.007,1.5619013362107381,6.465913603577362,8.294757890299444,PASS_OPERATIONAL
0.95,0.00725,1.5787310424739718,6.373955015080958,8.219424765673057,PASS_OPERATIONAL
0.95,0.0075,1.5971102282897536,6.277546964775909,8.140859000319866,PASS_OPERATIONAL
0.95,0.00775,1.617229949457692,6.176486042567389,8.058964863185727,PASS_OPERATIONAL
0.95,0.008,1.639315331087705,6.070545476563931,7.973638499234327,PASS_OPERATIONAL
0.95,0.00825,1.6636334115660485,5.95947142738224,7.884767050633242,PASS_OPERATIONAL
0.95,0.0085,1.6905032645995373,5.842978469409012,7.7922276449299765,PASS_OPERATIONAL
0.95,0.00875,1.7203092112222793,5.720744029882412,7.695886224992115,PASS_OPERATIONAL
0.95,0.009000000000000001,1.753518283081036,5.592401475933216,7.595596189591924,PASS_OPERATIONAL
0.95,0.00925,1.7907036271956212,5.457531424254348,7.491196805972967,PASS_OPERATIONAL
0.95,0.0095,1.8325763597608455,5.3156506798367555,7.38251134600043,PASS_OPERATIONAL
0.95,0.00975,1.8800296694071574,5.1661979600838785,7.269344884815139,PASS_OPERATIONAL
0.95,0.01,1.9342010689311155,5.008515180204473,7.151481684229562,PASS_OPERATIONAL
0.95,0.01025,1.9965622017655447,4.841822482300425,7.028682060927964,PASS_OPERATIONAL
0.95,0.0105,2.069051667960156,4.665184237596728,6.900678609714253,PASS_OPERATIONAL
0.95,0.010750000000000001,2.1542772036120197,4.477461669857459,6.767171611457514,PASS_OPERATIONAL
0.95,0.011,2.255833919868104,4.2772450222231875,6.627823399374787,PASS_OPERATIONAL
0.95,0.01125,2.3788255002272676,4.0627532783679605,6.482251378865063,PASS_OPERATIONAL
0.95,0.0115,2.5307595365346356,3.831680122611557,6.330019284514695,PASS_OPERATIONAL
0.95,0.01175,2.723178464702429,3.580945956456619,6.170626096262641,PASS_OPERATIONAL
0.95,0.012,2.9748583577168097,3.306274522950975,6.003491797963726,PASS_EXTENDED
0.95,0.01225,3.318717483288947,3.0014130390667595,5.827938801124274,PASS_EXTENDED
0.95,0.0125,3.818836911596858,2.6565404726103607,5.6431672988486445,PASS_EXTENDED
0.95,0.012750000000000001,4.621322190997441,2.2545019074228234,5.448221927839661,OUTSIDE_EXTENDED_RANGE
0.95,0.013000000000000001,6.1634979564099,1.7595245842879297,5.241945659828095,OUTSIDE_EXTENDED_RANGE
0.95,0.01325,10.916083027737606,1.0626968170157005,5.022914364543119,OUTSIDE_EXTENDED_RANGE
0.95,0.0135,inf,-0.15,4.789341084355561,NO_POSITIVE_BRAKE_BOUND
0.95,0.01375,inf,-0.15,4.538930846839698,NO_POSITIVE_BRAKE_BOUND
0.95,0.014,inf,-0.15,4.268650574637431,NO_POSITIVE_BRAKE_BOUND
0.9625,0.0,1.383418256679937,7.778604418069109,9.44442663558145,PASS_OPERATIONAL
0.9625,0.00025,1.3839582815051519,7.773571932949495,9.439562012972775,PASS_OPERATIONAL
0.9625,0.0005,1.3847769173957114,7.765990844602147,9.432517416719032,PASS_OPERATIONAL
0.9625,0.00075,1.3858771381179376,7.75585382130387,9.423287905313451,PASS_OPERATIONAL
0.9625,0.001,1.3872630078319186,7.743151015445289,9.411866981984014,PASS_OPERATIONAL
0.9625,0.00125,1.388939720511888,7.727870015316641,9.398246571680279,PASS_OPERATIONAL
0.9625,0.0015,1.3909136507811088,7.709995783753641,9.382416992258216,PASS_OPERATIONAL
0.9625,0.00175,1.3931924170912695,7.689510582927036,9.364366919620794,PASS_OPERATIONAL
0.9625,0.002,1.395784958422532,7.666393884383322,9.344083346517602,PASS_OPERATIONAL
0.9625,0.0022500000000000003,1.3987016259621237,7.640622263248617,9.321551534647739,PASS_OPERATIONAL
0.9625,0.0025,1.401954291546231,7.612169275287998,9.296754959645499,PASS_OPERATIONAL
0.9625,0.00275,1.4055564750338603,7.581005315263016,9.269675248456952,PASS_OPERATIONAL
0.9625,0.003,1.4095234932365346,7.547097454743898,9.240292108535922,PASS_OPERATIONAL
0.9625,0.0032500000000000003,1.4138726335723033,7.510409257201928,9.208583248198595,PASS_OPERATIONAL
0.9625,0.0035,1.4186233562690875,7.470900567821693,9.174524287375293,PASS_OPERATIONAL
0.9625,0.00375,1.4237975297394303,7.428527275020193,9.138088657883594,PASS_OPERATIONAL
0.9625,0.004,1.4294197047226,7.3832410401250925,9.09924749221645,PASS_OPERATIONAL
0.9625,0.00425,1.4355174339874697,7.334988991028978,9.057969499689316,PASS_OPERATIONAL
0.9625,0.0045000000000000005,1.4421216458708699,7.283713374876987,9.014220828617837,PASS_OPERATIONAL
0.9625,0.00475,1.4492670817695767,7.22935116393203,8.967964912998024,PASS_OPERATIONAL
0.9625,0.005,1.4569928100124594,7.171833607657646,8.919162301928912,PASS_OPERATIONAL
0.9625,0.00525,1.4653428314478718,7.1110857227156465,8.867770469746803,PASS_OPERATIONAL
0.9625,0.0055,1.474366795770018,7.047025710932607,8.81374360452292,PASS_OPERATIONAL
0.9625,0.00575,1.484120852317564,6.979564293266805,8.757032372202618,PASS_OPERATIONAL
0.9625,0.006,1.4946686651333916,6.9086039453014365,8.697583653222809,PASS_OPERATIONAL
0.9625,0.00625,1.506082629918743,6.834038016665216,8.635340247920059,PASS_OPERATIONAL
0.9625,0.006500000000000001,1.5184453407565217,6.755749712857034,8.570240546416853,PASS_OPERATIONAL
0.9625,0.00675,1.53185136796143,6.673610912986247,8.50221815792497,PASS_OPERATIONAL
0.9625,0.007,1.5464094263222994,6.587480790608979,8.431201493504048,PASS_OPERATIONAL
0.9625,0.00725,1.5622450370119505,6.497204196699918,8.357113295223947,PASS_OPERATIONAL
0.9625,0.0075,1.5795038189578923,6.402609753237638,8.279870103355192,PASS_OPERATIONAL
0.9625,0.00775,1.5983555899867459,6.303507592048296,8.199381651593166,PASS_OPERATIONAL
0.9625,0.008,1.618999519719402,6.199686655247249,8.115550178332368,PASS_OPERATIONAL
0.9625,0.00825,1.6416706626838045,6.09091144912544,8.028269639547087,PASS_OPERATIONAL
0.9625,0.0085,1.666648323083084,5.9769181101615025,7.937424805774156,PASS_OPERATIONAL
0.9625,0.00875,1.6942668800967569,5.857409596342253,7.84289022185928,PASS_OPERATIONAL
0.9625,0.009000000000000001,1.7249299627865717,5.732049753667933,7.744529003291443,PASS_OPERATIONAL
0.9625,0.00925,1.7591292520116453,5.600455918257699,7.642191436801646,PASS_OPERATIONAL
0.9625,0.0095,1.7974697776971493,5.462189585876889,7.535713345023736,PASS_OPERATIONAL
0.9625,0.00975,1.8407044985717045,5.316744492348715,7.4249141648325185,PASS_OPERATIONAL
0.9625,0.01,1.889782414488622,5.163531166580752,7.3095946756918355,PASS_OPERATIONAL
0.9625,0.01025,1.9459168541770422,5.001856586573911,7.18953429684659,PASS_OPERATIONAL
0.9625,0.0105,2.010684614352014,4.830896890704022,7.064487848891982,PASS_OPERATIONAL
0.9625,0.010750000000000001,2.0861736611557555,4.649659998356655,6.934181643866665,PASS_OPERATIONAL
0.9625,0.011,2.175209868751328,4.456933153479113,6.798308725205496,PASS_OPERATIONAL
0.9625,0.01125,2.281717509415346,4.251207195557261,6.656523019692989,PASS_OPERATIONAL
0.9625,0.0115,2.411316780892263,4.030563501805109,6.508432080483032,PASS_OPERATIONAL
0.9625,0.01175,2.572365431235367,3.792498233839175,6.353587981740089,PASS_OPERATIONAL
0.9625,0.012,2.777891279952356,3.5336351844102327,6.191475753326452,PASS_OPERATIONAL
0.9625,0.01225,3.049473086192474,3.2492261967431655,6.021498488910055,PASS_EXTENDED
0.9625,0.0125,3.4258918794381517,2.9322076533265897,5.842957874454945,PASS_EXTENDED
0.9625,0.012750000000000001,3.9854264039021854,2.5712063531869487,5.655028283831152,PASS_EXTENDED
0.9625,0.013000000000000001,4.917321261770331,2.145565013634989,5.456721629258335,OUTSIDE_EXTENDED_RANGE
0.9625,0.01325,6.856885234791267,1.608967925752209,5.24683857191617,OUTSIDE_EXTENDED_RANGE
0.9625,0.0135,15.201488973741935,0.7870231121082416,5.0238989886231495,OUTSIDE_EXTENDED_RANGE
0.9625,0.01375,inf,-0.15,4.786039746711938,NO_POSITIVE_BRAKE_BOUND
0.9625,0.014,inf,-0.15,4.53085872694719,NO_POSITIVE_BRAKE_BOUND
0.975,0.0,1.3764587869059104,7.881645078817913,9.565867414321112,PASS_OPERATIONAL
0.975,0.00025,1.3769799806894212,7.876677197352587,9.56106523346638,PASS_OPERATIONAL
0.975,0.0005,1.3777688015058698,7.86919358200686,9.554111174039909,PASS_OPERATIONAL
0.975,0.00075,1.3788280326961535,7.859187180838015,9.545000482959557,PASS_OPERATIONAL
0.975,0.001,1.3801614772081732,7.84664852338153,9.533726911878794,PASS_OPERATIONAL
0.975,0.00125,1.3817739935234827,7.831565675486232,9.520282695625767,PASS_OPERATIONAL
0.975,0.0015,1.3836715419567986,7.81392418186537,9.504658525215376,PASS_OPERATIONAL
0.975,0.00175,1.3858612421528327,7.7937069957105045,9.486843515213527,PASS_OPERATIONAL
0.975,0.002,1.3883514428218269,7.7708943945554525,9.466825165183039,PASS_OPERATIONAL
0.975,0.0022500000000000003,1.3911518050026785,7.745463881400509,9.444589314887319,PASS_OPERATIONAL
0.975,0.0025,1.3942734004289503,7.717390069908826,9.420120092869311,PASS_OPERATIONAL
0.975,0.00275,1.3977288269082138,7.686644552262147,9.39339985795867,PASS_OPERATIONAL
0.975,0.003,1.401532343021408,7.653195748006069,9.364409133188486,PASS_OPERATIONAL
0.975,0.0032500000000000003,1.4057000249213039,7.617008731918615,9.333126531522584,PASS_OPERATIONAL
0.975,0.0035,1.4102499485767266,7.578045038591584,9.299528672704175,PASS_OPERATIONAL
0.975,0.00375,1.4152024014957634,7.536262441011236,9.263590090434331,PASS_OPERATIONAL
0.975,0.004,1.4205801287970947,7.491614699950528,9.225283128972286,PASS_OPERATIONAL
0.975,0.00425,1.4264086195224732,7.4440512804233805,9.184577828116518,PASS_OPERATIONAL
0.975,0.0045000000000000005,1.4327164403450543,7.393517030782126,9.141441795372364,PASS_OPERATIONAL
0.975,0.00475,1.439535625392087,7.339951819237557,9.095840063935455,PASS_OPERATIONAL
0.975,0.005,1.446902132850315,7.283290121615058,9.047734934915441,PASS_OPERATIONAL
0.975,0.00525,1.4548563814684636,7.223460552990026,8.997085801986303,PASS_OPERATIONAL
0.975,0.0055,1.463443883158728,7.160385334419794,8.943848956371102,PASS_OPERATIONAL
0.975,0.00575,1.4727159918220625,7.093979684241252,8.887977369742497,PASS_OPERATIONAL
0.975,0.006,1.482730793540068,7.024151121247725,8.829420452235432,PASS_OPERATIONAL
0.975,0.00625,1.4935541697411152,6.95079866438276,8.768123782313348,PASS_OPERATIONAL
0.975,0.006500000000000001,1.505261073339973,6.873811910245033,8.704028804688315,PASS_OPERATIONAL
0.975,0.00675,1.5179370688298799,6.79306996549077,8.637072491850251,PASS_OPERATIONAL
0.975,0.007,1.5316802017937663,6.708440205885009,8.567186963986696,PASS_OPERATIONAL
0.975,0.00725,1.546603282590489,6.619776826934547,8.494299061143,PASS_OPERATIONAL
0.975,0.0075,1.5628366949015673,6.52691914224667,8.41832986034494,PASS_OPERATIONAL
0.975,0.00775,1.5805318750396717,6.429689574326436,8.339194129033872,PASS_OPERATIONAL
0.975,0.008,1.599865656278188,6.327891267511364,8.256799704486205,PASS_OPERATIONAL
0.975,0.00825,1.6210457396591191,6.22130523281533,8.171046786824261,PASS_OPERATIONAL
0.975,0.0085,1.6443176473196428,6.109686907705528,8.08182713067041,PASS_OPERATIONAL
0.975,0.00875,1.669973649368893,5.992761977490255,7.989023117313464,PASS_OPERATIONAL
0.975,0.009000000000000001,1.6983643509441384,5.870221254945701,7.892506685265418,PASS_OPERATIONAL
0.975,0.00925,1.729913914206257,5.74171434488299,7.792138092046077,PASS_OPERATIONAL
0.975,0.0095,1.7651403222273645,5.606841721091522,7.687764473618449,PASS_OPERATIONAL
0.975,0.00975,1.8046827530690512,5.465144699693855,7.579218159667911,PASS_OPERATIONAL
0.975,0.01,1.8493391669568073,5.3160925817351465,7.466314692266836,PASS_OPERATIONAL
0.975,0.01025,1.9001188683350005,5.159065919961815,7.348850481552661,PASS_OPERATIONAL
0.975,0.0105,1.9583175388888678,4.993334374673689,7.226600013688593,PASS_OPERATIONAL
0.975,0.010750000000000001,2.025626887375078,4.818026847119487,7.099312501889472,PASS_OPERATIONAL
0.975,0.011,2.104299255399779,4.632090310157264,6.966707838251621,PASS_OPERATIONAL
0.975,0.01125,2.197402558872018,4.434231607597941,6.82847165896582,PASS_OPERATIONAL
0.975,0.0115,2.3092299030540144,4.222832702779743,6.6842492729168645,PASS_OPERATIONAL
0.975,0.01175,2.445987190830932,3.9958228348181986,6.533638115647029,PASS_OPERATIONAL
0.975,0.012,2.6170105740260188,3.750477256144433,6.376178264764813,PASS_OPERATIONAL
0.975,0.01225,2.8370698747987473,3.4830831796836144,6.211340369502115,PASS_EXTENDED
0.975,0.0125,3.1311136807415547,3.1883466974087633,6.038510074547845,PASS_EXTENDED
0.975,0.012750000000000001,3.5452200876089917,2.8582417905647155,5.8569676038611025,PASS_EXTENDED
0.975,0.013000000000000001,4.176272781746163,2.479481581167665,5.665860523863875,OUTSIDE_EXTENDED_RANGE
0.975,0.01325,5.275144336833744,2.0268148331220144,5.4641666680954515,OUTSIDE_EXTENDED_RANGE
0.975,0.0135,7.817468826459862,1.4382590992970916,5.250642484963041,OUTSIDE_EXTENDED_RANGE
0.975,0.01375,34.19798682122517,0.36604828465949757,5.023749106677377,OUTSIDE_EXTENDED_RANGE
0.975,0.014,inf,-0.15,4.7815431020023995,NO_POSITIVE_BRAKE_BOUND
0.9874999999999999,0.0,1.3696899766612145,7.98468483630589,9.68730712850337,PASS_OPERATIONAL
0.9874999999999999,0.00025,1.3701933160573603,7.979779919802565,9.682565805808565,PASS_OPERATIONAL
0.9874999999999999,0.0005,1.370953868786078,7.972391299341899,9.675699982865563,PASS_OPERATIONAL
0.9874999999999999,0.00075,1.3719742422184331,7.962512188688839,9.666705085548083,PASS_OPERATIONAL
0.9874999999999999,0.001,1.3732579980035022,7.950133475469709,9.655575101408159,PASS_OPERATIONAL
0.9874999999999999,0.00125,1.3748096848511737,7.9352436788278045,9.642302559458674,PASS_OPERATIONAL
0.9874999999999999,0.0015,1.376634880753798,7.9178288955843,9.626878504875117,PASS_OPERATIONAL
0.9874999999999999,0.00175,1.3787402453787674,7.897872734308427,9.609292468414857,PASS_OPERATIONAL
0.9874999999999999,0.002,1.3811335835556027,7.875356236555795,9.589532430307173,PASS_OPERATIONAL
0.9874999999999999,0.0022500000000000003,1.3838239209990446,7.850257784373262,9.567584778318679,PASS_OPERATIONAL
0.9874999999999999,0.0025,1.3868215936610042,7.822552992989447,9.543434259645775,PASS_OPERATIONAL
0.9874999999999999,0.00275,1.3901383523975142,7.79221458740728,9.517063926227301,PASS_OPERATIONAL
0.9874999999999999,0.003,1.3937874849824456,7.7592122613838725,9.48845507300597,PASS_OPERATIONAL
0.9874999999999999,0.0032500000000000003,1.3977839579104765,7.723512517017102,9.45758716859488,PASS_OPERATIONAL
0.9874999999999999,0.0035,1.402144580923592,7.685078482850377,9.424437777724272,PASS_OPERATIONAL
0.9874999999999999,0.00375,1.4068881977883385,7.643869708047792,9.388982474752096,PASS_OPERATIONAL
0.9874999999999999,0.004,1.4120359075703415,7.5998419297702435,9.351194747417846,PASS_OPERATIONAL
0.9874999999999999,0.00425,1.4176113215304924,7.552946810385294,9.311045889900427,PASS_OPERATIONAL
0.9874999999999999,0.0045000000000000005,1.4236408618448975,7.503131640552447,9.26850488410469,PASS_OPERATIONAL
0.9874999999999999,0.00475,1.4301541096812083,7.450339003519843,9.22353826794471,PASS_OPERATIONAL
0.9874999999999999,0.005,1.4371842118161513,7.39450639512122,9.17610998921077,PASS_OPERATIONAL
0.9874999999999999,0.00525,1.4447683570428713,7.335565792939435,9.126181243396985,PASS_OPERATIONAL
0.9874999999999999,0.0055,1.4529483362101117,7.273443166861654,9.073710293621673,PASS_OPERATIONAL
0.9874999999999999,0.00575,1.4617712030148209,7.208057921736209,9.018652270486363,PASS_OPERATIONAL
0.9874999999999999,0.006,1.4712900568440488,7.13932226098044,8.96095894938305,PASS_OPERATIONAL
0.9874999999999999,0.00625,1.4815649743117736,7.067140457689941,8.900578502362873,PASS_OPERATIONAL
0.9874999999999999,0.006500000000000001,1.492664123041988,6.991408016940706,8.837455221210094,PASS_OPERATIONAL
0.9874999999999999,0.00675,1.5046651002319285,6.912010709396085,8.771529207807095,PASS_OPERATIONAL
0.9874999999999999,0.007,1.5176565503077808,6.828823451816573,8.70273602720969,PASS_OPERATIONAL
0.9874999999999999,0.00725,1.5317401315631025,6.741709004334482,8.631006318052492,PASS_OPERATIONAL
0.9874999999999999,0.0075,1.5470329224622357,6.650516447007902,8.556265353940328,PASS_OPERATIONAL
0.9874999999999999,0.00775,1.5636703863149202,6.555079388674304,8.478432548314245,PASS_OPERATIONAL
0.9874999999999999,0.008,1.581810051196903,6.4552138487429,8.39742089385922,PASS_OPERATIONAL
0.9874999999999999,0.00825,1.6016361145649443,6.35071573625743,8.313136325780278,PASS_OPERATIONAL
0.9874999999999999,0.0085,1.6233652553127662,6.2413578288517835,8.225476996130846,PASS_OPERATIONAL
0.9874999999999999,0.00875,1.6472540395547404,6.1268861249846625,8.134332443722473,PASS_OPERATIONAL
0.9874999999999999,0.009000000000000001,1.673608454777816,6.007015402971231,8.039582640835194,PASS_OPERATIONAL
0.9874999999999999,0.00925,1.7027963228811123,5.881423765217048,7.941096893793085,PASS_OPERATIONAL
0.9874999999999999,0.0095,1.7352636621221946,5.749745868732397,7.838732569216458,PASS_OPERATIONAL
0.9874999999999999,0.00975,1.7715565497151042,5.611564432723545,7.732333611068869,PASS_OPERATIONAL
0.9874999999999999,0.01,1.8123507781945425,5.466399453922859,7.621728805018933,PASS_OPERATIONAL
0.9874999999999999,0.01025,1.8584927658680224,5.31369432311371,7.506729735494036,PASS_OPERATIONAL
0.9874999999999999,0.0105,1.9110570665790356,5.152797677040393,7.3871283662257206,PASS_OPERATIONAL
0.9874999999999999,0.010750000000000001,1.9714289560021558,4.9829392620237565,7.262694155822344,PASS_OPERATIONAL
0.9874999999999999,0.011,2.041425946823288,4.803197194583009,7.133170594166728,PASS_OPERATIONAL
0.9874999999999999,0.01125,2.123481656958809,4.612452534779218,6.998271010641113,PASS_OPERATIONAL
0.9874999999999999,0.0115,2.2209332423433077,4.409324572831483,6.85767345753341,PASS_OPERATIONAL
0.9874999999999999,0.01175,2.338488348577628,4.192075735362638,6.711014405811831,PASS_OPERATIONAL
0.9874999999999999,0.012,2.4830195249257647,3.9584665679088826,6.557880897155935,PASS_OPERATIONAL
0.9874999999999999,0.01225,2.6649942318677704,3.705524361798923,6.397800662346463,PASS_OPERATIONAL
0.9874999999999999,0.0125,2.9012378025424628,3.42915260725566,6.2302295206828555,PASS_EXTENDED
0.9874999999999999,0.012750000000000001,3.2207844095930342,3.1234222740772384,6.054535083669552,PASS_EXTENDED
0.9874999999999999,0.013000000000000001,3.6789039850726946,2.7791548439140246,5.8699753415289,PASS_EXTENDED
0.9874999999999999,0.01325,4.39732727215561,2.380671359861848,5.675670014792083,OUTSIDE_EXTENDED_RANGE
0.9874999999999999,0.0135,5.718145703684159,1.896543837894757,5.470561430488581,OUTSIDE_EXTENDED_RANGE
0.9874999999999999,0.01375,9.263847483290604,1.2399930021496517,5.253359810478166,OUTSIDE_EXTENDED_RANGE
0.9874999999999999,0.014,inf,-0.15,5.022464615073586,NO_POSITIVE_BRAKE_BOUND
1.0,0.0,1.3631041314791896,8.08772372442776,9.808745818075577,PASS_OPERATIONAL
1.0,0.00025,1.363590530673076,8.082880195800252,9.804063829468559,PASS_OPERATIONAL
1.0,0.0005,1.364324263261537,8.075584185551808,9.797284029335223,PASS_OPERATIONAL
1.0,0.00075,1.3653077738364887,8.065829159957016,9.788402013624331,PASS_OPERATIONAL
1.0,0.001,1.3665444009107557,8.053606346869648,9.777411994040555,PASS_OPERATIONAL
1.0,0.00125,1.3680384068679545,8.038904695989567,9.764306779071118,PASS_OPERATIONAL
1.0,0.0015,1.369795016512422,8.021710828363911,9.749077750251576,PASS_OPERATIONAL
1.0,0.00175,1.3718204648702874,8.002008974577985,9.731714833486299,PASS_OPERATIONAL
1.0,0.002,1.3741220550621505,7.979780900959138,9.7122064651983,PASS_OPERATIONAL
1.0,0.0022500000000000003,1.3767082272599809,7.955005822971382,9.690539553038713,PASS_OPERATIONAL
1.0,0.0025,1.3795886399619648,7.927660304815992,9.666699430838204,PASS_OPERATIONAL
1.0,0.00275,1.3827742650761303,7.897718144070405,9.640669807429664,PASS_OPERATIONAL
1.0,0.003,1.3862774986057549,7.865150239989267,9.61243270891311,PASS_OPERATIONAL
1.0,0.0032500000000000003,1.3901122890873738,7.8299244438528355,9.581968413868506,PASS_OPERATIONAL
1.0,0.0035,1.3942942863594188,7.792005389471855,9.549255380949337,PASS_OPERATIONAL
1.0,0.00375,1.3988410137527547,7.751354301637156,9.51427016820741,PASS_OPERATIONAL
1.0,0.004,1.4037720674148981,7.70792877992668,9.476987343406197,PASS_OPERATIONAL
1.0,0.00425,1.4091093472344396,7.661682554840537,9.437379384473997,PASS_OPERATIONAL
1.0,0.0045000000000000005,1.4148773247552069,7.61256521271158,9.39541656912696,PASS_OPERATIONAL
1.0,0.00475,1.4211033546050325,7.56052188521633,9.351066852552737,PASS_OPERATIONAL
1.0,0.005,1.4278180373682348,7.505492898566362,9.304295731885196,PASS_OPERATIONAL
1.0,0.00525,1.435055643577717,7.4474133765644215,9.255066096014817,PASS_OPERATIONAL
1.0,0.0055,1.442854610688254,7.386212790626337,9.20333805906383,PASS_OPERATIONAL
1.0,0.00575,1.4512581276439107,7.32181444855264,9.149068775603377,PASS_OPERATIONAL
1.0,0.006,1.4603148251378875,7.254134912223034,9.092212235395692,PASS_OPERATIONAL
1.0,0.00625,1.470079594107437,7.183083332405271,9.032719035097879,PASS_OPERATIONAL
1.0,0.006500000000000001,1.4806145607131085,7.108560686417107,8.97053612395553,PASS_OPERATIONAL
1.0,0.00675,1.4919902534325618,7.030458901323787,8.905606520030293,PASS_OPERATIONAL
1.0,0.007,1.5042870075200143,6.948659841519384,8.83786899292957,PASS_OPERATIONAL
1.0,0.00725,1.517596664725873,6.863034134695195,8.767257708318127,PASS_OPERATIONAL
1.0,0.0075,1.532024642932512,6.773439804028054,8.69370182866499,PASS_OPERATIONAL
1.0,0.00775,1.5476924727903358,6.67972066649874,8.617125063681994,PASS_OPERATIONAL
1.0,0.008,1.564740928749128,6.581704446988147,8.537445162701799,PASS_OPERATIONAL
1.0,0.00825,1.5833339232831052,6.47920054437939,8.454573339770258,PASS_OPERATIONAL
1.0,0.0085,1.6036633903160624,6.371997368168742,8.368413620423205,PASS_OPERATIONAL
1.0,0.00875,1.6259554638829081,6.259859140417984,8.27886209689343,PASS_OPERATIONAL
1.0,0.009000000000000001,1.6504783715294349,6.142522025897088,8.185806075735428,PASS_OPERATIONAL
1.0,0.00925,1.6775526251794208,6.019689409492183,8.089123098413243,PASS_OPERATIONAL
1.0,0.0095,1.707564330762555,5.891026079202109,7.9886798110710515,PASS_OPERATIONAL
1.0,0.00975,1.740982792673551,5.756150987436741,7.884330654230973,PASS_OPERATIONAL
1.0,0.01,1.7783841268956464,5.614628140652266,7.775916336177721,PASS_OPERATIONAL
1.0,0.01025,1.8204834291196248,5.465954988281156,7.663262044805799,PASS_OPERATIONAL
1.0,0.0105,1.8681793635118704,5.309547415088543,7.546175341045898,PASS_OPERATIONAL
1.0,0.010750000000000001,1.9226171841165125,5.144720034298319,7.424443661712472,PASS_OPERATIONAL
1.0,0.011,1.985279797174891,4.97065984248124,7.297831339396611,PASS_OPERATIONAL
1.0,0.01125,2.0581227036706915,4.786390272253604,7.166076019970349,PASS_OPERATIONAL
1.0,0.0115,2.1437798797166843,4.590720972004152,7.028884321620618,PASS_OPERATIONAL
1.0,0.01175,2.245888767506904,4.382175687856772,6.885926529045242,PASS_OPERATIONAL
1.0,0.012,2.369624418673008,4.158885275056647,6.736830046460434,PASS_OPERATIONAL
1.0,0.01225,2.5226211707534034,3.918422652380158,6.581171234152049,PASS_OPERATIONAL
1.0,0.0125,2.7166612065160485,3.6575357069894956,6.418465111085127,PASS_OPERATIONAL
1.0,0.012750000000000001,2.9710114411743174,3.371688254005458,6.248152197725752,PASS_EXTENDED
1.0,0.013000000000000001,3.3197048709497,3.0542070584779633,6.069581461509676,PASS_EXTENDED
1.0,0.01325,3.829746775234825,2.6945196968205414,5.8819878500045295,PASS_EXTENDED
1.0,0.0135,4.656790411104387,2.273909332957817,5.684462146205309,OUTSIDE_EXTENDED_RANGE
1.0,0.01375,6.284065613460479,1.7523867430152078,5.4759096644195955,OUTSIDE_EXTENDED_RANGE
1.0,0.014,11.780584554685387,1.0000038706021805,5.254992266764326,OUTSIDE_EXTENDED_RANGE
