policy,method,scenario,seed,headway_s,budget_attempts_per_sample,strategy,ablation,loss_probability,burst_persistence,maximum_delay_steps,gap_rmse_m,speed_rmse_mps,lateral_rmse_m,jerk_rms_mps3,minimum_safe_margin_m,minimum_friction_reserve_fraction,attempted_packets,delivered_packets,occupied_slots,attempts_per_vehicle_km,delivery_ratio,computation_p95_ms,computation_max_ms,combined_tracking_score,combined_tracking_score_definition,collision
Periodic,Proposed,service,4101,2.1,5,periodic,none,0.2,0.55,2,0.6812590912087707,1.3881280183816493,0.16615694209945084,1.7746946137034694,19.857320586435236,0.48663361019027607,1755,1298,1755,372.29879714517153,0.7396011396011396,5.466600000000099,63.90799999999963,2.4984066371521143,(gap/tau_g)^2+(speed/tau_v)^2+(lateral/tau_y)^2,False
Periodic,Proposed,service,4102,2.1,5,periodic,none,0.2,0.55,2,0.6786005552548511,1.381620845249473,0.1664932866024604,1.7472130710022336,19.815777939447543,0.4951482684929146,1755,1220,1755,371.9979401074764,0.6951566951566952,0.515749999999926,1.2715000000014243,2.4855811499891622,(gap/tau_g)^2+(speed/tau_v)^2+(lateral/tau_y)^2,False
Periodic,Proposed,service,4103,2.1,5,periodic,none,0.2,0.55,2,0.678320643860988,1.380705299860536,0.16633538223529026,1.8068077721982176,20.09396629007354,0.4264205764124632,1755,1271,1755,372.13349690699164,0.7242165242165243,0.4140499999998326,1.1660999999989485,2.4823017170451127,(gap/tau_g)^2+(speed/tau_v)^2+(lateral/tau_y)^2,False
Periodic,Proposed,service,4104,2.1,5,periodic,none,0.2,0.55,2,0.675747491276032,1.372832316230625,0.16595786650459285,1.713599986467002,20.057192515901086,0.49465764678126356,1755,1276,1755,372.4804612046516,0.7270655270655271,0.4307499999995912,1.4099999999999113,2.461910904919551,(gap/tau_g)^2+(speed/tau_v)^2+(lateral/tau_y)^2,False
Periodic,Proposed,service,4105,2.1,5,periodic,none,0.2,0.55,2,0.6762136950637012,1.3781156016627394,0.1657363609812902,1.7633594647101085,20.00173650862957,0.4926509983185894,1755,1275,1755,372.684491026398,0.7264957264957265,3.4607499999999014,110.87690000000006,2.4686099449598915,(gap/tau_g)^2+(speed/tau_v)^2+(lateral/tau_y)^2,False
Periodic,Proposed,service,4106,2.1,5,periodic,none,0.2,0.55,2,0.6809084663606353,1.3751431474055171,0.16575363696672307,1.7725058927937214,20.201217433594415,0.485974503134605,1755,1269,1755,372.67674097026696,0.7230769230769231,0.4455000000005427,1.2793000000002053,2.4759045325007225,(gap/tau_g)^2+(speed/tau_v)^2+(lateral/tau_y)^2,False
Periodic,Proposed,service,4107,2.1,5,periodic,none,0.2,0.55,2,0.6763380746140114,1.3958259858943642,0.1663736098596172,1.8523034882504632,19.305046410782126,0.47587524662751457,1755,1254,1755,372.0716083028425,0.7145299145299145,0.35965000000004466,0.8742000000001582,2.4992650252102435,(gap/tau_g)^2+(speed/tau_v)^2+(lateral/tau_y)^2,False
Periodic,Proposed,service,4108,2.1,5,periodic,none,0.2,0.55,2,0.6857230140979854,1.3792801050186076,0.16630741538407098,1.8719056493898945,19.91416174796145,0.44651733839791374,1755,1226,1755,372.1506390755946,0.6985754985754986,0.3808500000008763,1.394900000001087,2.4980127462125554,(gap/tau_g)^2+(speed/tau_v)^2+(lateral/tau_y)^2,False
Periodic,Proposed,service,4109,2.1,5,periodic,none,0.2,0.55,2,0.6802950603023878,1.384113653605242,0.1663162123307929,1.729900418502316,20.195978322105283,0.49114056168432274,1755,1232,1755,372.1563558731916,0.701994301994302,4.251650000000051,64.94390000000027,2.4917190342648365,(gap/tau_g)^2+(speed/tau_v)^2+(lateral/tau_y)^2,False
Periodic,Proposed,service,4110,2.1,5,periodic,none,0.2,0.55,2,0.6776821090517001,1.3787119051355012,0.16625679003366714,1.7601104111117125,20.075800635603194,0.46964000635370395,1755,1290,1755,372.22452303403963,0.7350427350427351,0.45775000000070065,0.9340999999984945,2.477302508062982,(gap/tau_g)^2+(speed/tau_v)^2+(lateral/tau_y)^2,False
Periodic,Proposed,service,4111,2.1,5,periodic,none,0.2,0.55,2,0.679118435089732,1.3878516676375166,0.16627009051445416,1.748480176465437,20.090608115241068,0.4644220484464029,1755,1264,1755,372.20811648325594,0.7202279202279203,0.40370000000056194,0.7833000000001533,2.4937785094090685,(gap/tau_g)^2+(speed/tau_v)^2+(lateral/tau_y)^2,False
Periodic,Proposed,service,4112,2.1,5,periodic,none,0.2,0.55,2,0.678197152291519,1.3660320153176781,0.16503807846537263,1.796115857975364,19.828798907774967,0.4884490713473094,1755,1322,1755,373.3529528369813,0.7532763532763532,0.40900000000032577,1.1348000000008795,2.450693514448963,(gap/tau_g)^2+(speed/tau_v)^2+(lateral/tau_y)^2,False
Periodic,Proposed,service,4113,2.1,5,periodic,none,0.2,0.55,2,0.6762179915577833,1.3850518790592181,0.1665842699690763,1.8156702513304501,19.916856888585414,0.44813089146200813,1755,1278,1755,371.89946523422907,0.7282051282051282,0.8887000000004086,54.04639999999983,2.4854433368438573,(gap/tau_g)^2+(speed/tau_v)^2+(lateral/tau_y)^2,False
Periodic,Proposed,service,4114,2.1,5,periodic,none,0.2,0.55,2,0.6698003340337765,1.3866907007037703,0.16594214958367745,1.7738714125329593,20.021099727314905,0.4744840674529852,1755,1256,1755,372.5065441880996,0.7156695156695156,0.39395000000030933,1.0688999999999282,2.467065883367705,(gap/tau_g)^2+(speed/tau_v)^2+(lateral/tau_y)^2,False
Periodic,Proposed,service,4115,2.1,5,periodic,none,0.2,0.55,2,0.677541101171291,1.3783166705563594,0.1662637467258336,1.7527556499876842,19.72380399196878,0.4885161555066423,1755,1265,1755,372.20567301841004,0.7207977207977208,0.42015000000006353,1.7094000000010823,2.476464655240524,(gap/tau_g)^2+(speed/tau_v)^2+(lateral/tau_y)^2,False
Periodic,Proposed,service,4116,2.1,5,periodic,none,0.2,0.55,2,0.6719780198648451,1.383145969983059,0.16602322068309947,1.7398546393190335,20.0576951433245,0.49069242108577915,1755,1268,1755,372.4163394267382,0.7225071225071225,0.396000000000285,0.940800000000408,2.4679239701188074,(gap/tau_g)^2+(speed/tau_v)^2+(lateral/tau_y)^2,False
Periodic,Proposed,service,4117,2.1,5,periodic,none,0.2,0.55,2,0.6810241641214526,1.3885394001808882,0.1666854167687024,1.8444672196496859,19.951881535682325,0.4849170232279204,1755,1290,1755,371.7995642684153,0.7350427350427351,0.668849999999388,85.88400000000007,2.5028179419915855,(gap/tau_g)^2+(speed/tau_v)^2+(lateral/tau_y)^2,False
Periodic,Proposed,service,4118,2.1,5,periodic,none,0.2,0.55,2,0.6857624159702133,1.374202164208113,0.16568359676233432,1.8368257882105452,19.28142211836922,0.4579661955607489,1755,1226,1755,372.72477455999444,0.6985754985754986,0.38319999999991694,1.0476000000014807,2.485797577655509,(gap/tau_g)^2+(speed/tau_v)^2+(lateral/tau_y)^2,False
Periodic,Proposed,service,4119,2.1,5,periodic,none,0.2,0.55,2,0.6821578608960787,1.3831211368516871,0.16625600152109282,1.7606999544768853,19.845719054341103,0.45168748387500324,1755,1295,1755,372.2150335688869,0.7378917378917379,0.3747500000006454,0.7251999999997594,2.494329095063276,(gap/tau_g)^2+(speed/tau_v)^2+(lateral/tau_y)^2,False
Periodic,Proposed,service,4120,2.1,5,periodic,none,0.2,0.55,2,0.6832447611657376,1.392783524813723,0.16638223681172376,1.8382634018129838,20.066523338338662,0.48032676543149155,1755,1253,1755,372.072100465944,0.7139601139601139,0.3846499999990982,1.5619999999998413,2.511701811230056,(gap/tau_g)^2+(speed/tau_v)^2+(lateral/tau_y)^2,False
Periodic,Proposed,service,4121,2.1,5,periodic,none,0.2,0.55,2,0.6753279399687427,1.3807807955082232,0.16598421633945265,1.8300509737755768,19.94160810942389,0.4854947913594192,1755,1210,1755,372.46767001663017,0.6894586894586895,0.7443499999997272,51.65199999999981,2.4722887006162453,(gap/tau_g)^2+(speed/tau_v)^2+(lateral/tau_y)^2,False
Periodic,Proposed,service,4122,2.1,5,periodic,none,0.2,0.55,2,0.6788262472481418,1.371207462231809,0.16593045298495107,1.784735423578221,20.229326818473986,0.47837829241163754,1755,1242,1755,372.5229860087438,0.7076923076923077,0.3727999999991738,0.6897000000005704,2.4668226686475947,(gap/tau_g)^2+(speed/tau_v)^2+(lateral/tau_y)^2,False
Periodic,Proposed,service,4123,2.1,5,periodic,none,0.2,0.55,2,0.6742475247915618,1.3883731259342889,0.16589716538761617,1.7693165195196274,20.168312987972946,0.4628887153031519,1755,1252,1755,372.5395088065458,0.7133903133903133,0.41160000000051156,1.621899999999954,2.4797009546393625,(gap/tau_g)^2+(speed/tau_v)^2+(lateral/tau_y)^2,False
Periodic,Proposed,service,4124,2.1,5,periodic,none,0.2,0.55,2,0.678076095428659,1.3689056084090743,0.1648777318455857,1.754441011981847,19.979522457603863,0.4958599977949274,1755,1297,1755,373.5001094227119,0.739031339031339,0.40414999999960344,1.4210000000005607,2.453088849580314,(gap/tau_g)^2+(speed/tau_v)^2+(lateral/tau_y)^2,False
Periodic,Proposed,service,4125,2.1,5,periodic,none,0.2,0.55,2,0.6834602595685737,1.3801018757896448,0.16549740997661114,1.807705980031314,20.14511393812829,0.4841577078766942,1755,1242,1755,372.89664813462053,0.7076923076923077,0.5207499999997367,118.00170000000065,2.486942802997752,(gap/tau_g)^2+(speed/tau_v)^2+(lateral/tau_y)^2,False
Periodic,Proposed,service,4126,2.1,5,periodic,none,0.2,0.55,2,0.6757552111355627,1.3761422356274722,0.1662154234555863,1.7999288427141535,20.040871552664633,0.4787706474803173,1755,1271,1755,372.25690897098525,0.7242165242165243,0.3739000000004822,0.7299999999990092,2.46871057955226,(gap/tau_g)^2+(speed/tau_v)^2+(lateral/tau_y)^2,False
Periodic,Proposed,service,4127,2.1,5,periodic,none,0.2,0.55,2,0.6665356832183703,1.3902917136504576,0.1656022203127409,1.817851803574063,19.701689855249512,0.47247253459783456,1755,1261,1755,372.8148038754178,0.7185185185185186,0.3980500000002607,0.7956000000000074,2.4615944989744243,(gap/tau_g)^2+(speed/tau_v)^2+(lateral/tau_y)^2,False
Periodic,Proposed,service,4128,2.1,5,periodic,none,0.2,0.55,2,0.6793383262539286,1.3890757465625025,0.1657723590692163,1.6601179639916037,19.68926555695804,0.4834424963060123,1755,1301,1755,372.6653020479311,0.7413105413105413,0.3975500000006349,1.493399999999312,2.491912129547483,(gap/tau_g)^2+(speed/tau_v)^2+(lateral/tau_y)^2,False
Periodic,Proposed,service,4129,2.1,5,periodic,none,0.2,0.55,2,0.6839794713291081,1.3821650099612683,0.1654534274389518,1.8672268592289607,19.901424808714026,0.45851089120634003,1755,1286,1755,372.9688670718606,0.7327635327635328,0.48025000000073703,89.54040000000063,2.490748723325043,(gap/tau_g)^2+(speed/tau_v)^2+(lateral/tau_y)^2,False
Periodic,Proposed,service,4130,2.1,5,periodic,none,0.2,0.55,2,0.6705280955817836,1.38003140785298,0.16593547844794876,1.7826704736924417,19.643280930694964,0.488262543164099,1755,1268,1755,372.52492415031423,0.7225071225071225,0.39709999999981704,1.0374999999989143,2.459344437413349,(gap/tau_g)^2+(speed/tau_v)^2+(lateral/tau_y)^2,False
Periodic,Proposed,service,4131,2.1,5,periodic,none,0.2,0.55,2,0.6831683803273042,1.3824088283873808,0.16636389650164163,1.761084153106254,19.97429738266174,0.49461889976133555,1755,1242,1755,372.1278479938894,0.7076923076923077,0.3743999999992198,1.5760000000000218,2.496674019076413,(gap/tau_g)^2+(speed/tau_v)^2+(lateral/tau_y)^2,False
Periodic,Proposed,service,4132,2.1,5,periodic,none,0.2,0.55,2,0.6786273035765363,1.3810491459715766,0.1664031976003137,1.7482742177924004,20.100428071219746,0.49447688372348564,1755,1276,1755,372.0793792956492,0.7270655270655271,0.3961999999999577,0.7196999999994347,2.4840901071486843,(gap/tau_g)^2+(speed/tau_v)^2+(lateral/tau_y)^2,False
Periodic,Proposed,service,4133,2.1,5,periodic,none,0.2,0.55,2,0.6871714434629242,1.3847459562309559,0.1668586925536063,1.7914417945726318,19.825529358426557,0.4702105540649324,1755,1281,1755,371.6675462772619,0.7299145299145299,0.4242500000000149,1.614400000001126,2.513847639675992,(gap/tau_g)^2+(speed/tau_v)^2+(lateral/tau_y)^2,False
Periodic,Proposed,service,4134,2.1,5,periodic,none,0.2,0.55,2,0.6880980519458157,1.3830091431158156,0.1667109102956323,1.834076259472236,20.30899980623903,0.47362285416761385,1755,1258,1755,371.7833320926283,0.7168091168091169,0.4021999999999082,1.2349000000000387,2.512428146400554,(gap/tau_g)^2+(speed/tau_v)^2+(lateral/tau_y)^2,False
Periodic,Proposed,service,4135,2.1,5,periodic,none,0.2,0.55,2,0.6799277642785441,1.3792481487379917,0.1665063600242192,1.7560841863381924,20.16105478573221,0.4867492545038984,1755,1230,1755,371.98153941358004,0.7008547008547008,0.45819999999974215,1.3350999999985902,2.4855532141530796,(gap/tau_g)^2+(speed/tau_v)^2+(lateral/tau_y)^2,False
Periodic,Proposed,service,4136,2.1,5,periodic,none,0.2,0.55,2,0.6779762970934049,1.378277513832856,0.1660818893707767,1.8125909572596317,19.906017880613064,0.4376506072701918,1755,1243,1755,372.3594761693408,0.7082621082621082,0.41544999999931775,1.232099999999292,2.4759473356861856,(gap/tau_g)^2+(speed/tau_v)^2+(lateral/tau_y)^2,False
Periodic,Proposed,service,4137,2.1,5,periodic,none,0.2,0.55,2,0.6711422058906503,1.3681591034087182,0.16577971336210956,1.8702109942823804,20.219226296886028,0.47973105745542677,1755,1304,1755,372.6573748835291,0.743019943019943,0.3846499999990982,0.8380999999992866,2.442870857661042,(gap/tau_g)^2+(speed/tau_v)^2+(lateral/tau_y)^2,False
Periodic,Proposed,service,4138,2.1,5,periodic,none,0.2,0.55,2,0.6781642671023144,1.3915017059260386,0.1663561922337785,1.7236121340898556,20.12088578181713,0.48999227526504074,1755,1251,1755,372.1158098572922,0.7128205128205128,0.3920000000006141,0.9657999999994615,2.4973680359064407,(gap/tau_g)^2+(speed/tau_v)^2+(lateral/tau_y)^2,False
Periodic,Proposed,service,4139,2.1,5,periodic,none,0.2,0.55,2,0.6753502840252069,1.3923935934409424,0.16665772369595236,1.7863916602271899,19.80894390717041,0.48435135587686406,1755,1285,1755,371.83119363815354,0.7321937321937322,0.3883500000005924,1.6823999999999728,2.4943740454876284,(gap/tau_g)^2+(speed/tau_v)^2+(lateral/tau_y)^2,False
Periodic,Proposed,service,4140,2.1,5,periodic,none,0.2,0.55,2,0.6684008956216094,1.369845843469162,0.16536866318088816,1.8184645378385538,20.025999616638387,0.4826406608692515,1755,1280,1755,373.0197924511683,0.7293447293447294,0.3911499999995627,0.9648000000002099,2.4352959859348147,(gap/tau_g)^2+(speed/tau_v)^2+(lateral/tau_y)^2,False
Periodic,Proposed,service,4141,2.1,5,periodic,none,0.2,0.55,2,0.6810798478752936,1.3826067389736454,0.16626036664289506,1.8442543271838208,19.91365316284662,0.4558919826067641,1755,1238,1755,372.1943185504327,0.7054131054131054,0.3978000000008919,0.9278999999988713,2.4910269215701653,(gap/tau_g)^2+(speed/tau_v)^2+(lateral/tau_y)^2,False
Periodic,Proposed,service,4142,2.1,5,periodic,none,0.2,0.55,2,0.6823348197758533,1.3861705403919933,0.1662661178243304,1.7776718428198435,20.11585618525244,0.4930325848605721,1755,1267,1755,372.2043547787283,0.721937321937322,0.4161499999995044,2.0293000000002337,2.499150967250106,(gap/tau_g)^2+(speed/tau_v)^2+(lateral/tau_y)^2,False
Periodic,Proposed,service,4143,2.1,5,periodic,none,0.2,0.55,2,0.682125132731878,1.382838126425947,0.16597259691038457,1.6490793091149645,19.928774860267538,0.49554237520016176,1755,1269,1755,372.48028783990264,0.7230769230769231,0.3951500000001218,1.0697999999997876,2.491496453159333,(gap/tau_g)^2+(speed/tau_v)^2+(lateral/tau_y)^2,False
Periodic,Proposed,service,4144,2.1,5,periodic,none,0.2,0.55,2,0.6813489476464636,1.3766822407785269,0.16603288481936687,1.7157745171248961,19.973755005206407,0.4916336030176033,1755,1222,1755,372.42969915152895,0.6962962962962963,0.4150499999999724,1.216899999999299,2.481448428561388,(gap/tau_g)^2+(speed/tau_v)^2+(lateral/tau_y)^2,False
Periodic,Proposed,service,4145,2.1,5,periodic,none,0.2,0.55,2,0.6783259442673032,1.383610511155207,0.1660291246465131,1.7601249897480633,19.916983646049495,0.473268447140049,1755,1246,1755,372.419545997897,0.7099715099715099,0.4027500000001183,1.2460999999994726,2.4838671807757193,(gap/tau_g)^2+(speed/tau_v)^2+(lateral/tau_y)^2,False
Periodic,Proposed,service,4146,2.1,5,periodic,none,0.2,0.55,2,0.6843650164366041,1.3812562489402094,0.16652110812347348,1.8679215727914562,19.835058898601453,0.41784379372118785,1755,1262,1755,371.94646495625904,0.719088319088319,0.3994000000000497,1.0058999999991158,2.4992664049616304,(gap/tau_g)^2+(speed/tau_v)^2+(lateral/tau_y)^2,False
Periodic,Proposed,service,4147,2.1,5,periodic,none,0.2,0.55,2,0.6915944131240237,1.3808875118492254,0.1662818022556474,1.7391659616957418,19.830134726947925,0.4887343628417905,1755,1202,1755,372.16598432513786,0.6849002849002849,0.37294999999915035,1.5547999999991902,2.514439906803404,(gap/tau_g)^2+(speed/tau_v)^2+(lateral/tau_y)^2,False
Periodic,Proposed,service,4148,2.1,5,periodic,none,0.2,0.55,2,0.679668365730915,1.3886915283020618,0.1664696272315052,1.7912633420495192,19.81046694673742,0.4860465540413923,1755,1268,1755,372.0014345080214,0.7225071225071225,0.41650000000004184,0.8972000000007085,2.497956527876681,(gap/tau_g)^2+(speed/tau_v)^2+(lateral/tau_y)^2,False
Periodic,Proposed,service,4149,2.1,5,periodic,none,0.2,0.55,2,0.6764636778822127,1.385482874146929,0.16572839762063843,1.748077907941418,20.039547675687047,0.47128413240231526,1755,1264,1755,372.69040055672065,0.7202279202279203,0.41234999999950617,1.1588000000006815,2.47953295272423,(gap/tau_g)^2+(speed/tau_v)^2+(lateral/tau_y)^2,False
Periodic,Proposed,service,4150,2.1,5,periodic,none,0.2,0.55,2,0.6729872712741789,1.3806577627818641,0.16583327415592639,1.6731557711028275,19.816729479056256,0.4790385589451116,1755,1256,1755,372.6089762819893,0.7156695156695156,0.39895000000012004,1.1050000000007998,2.465252634593111,(gap/tau_g)^2+(speed/tau_v)^2+(lateral/tau_y)^2,False
Reduced rate,Proposed,service,4101,2.1,5,reduced,none,0.2,0.55,2,0.6833162604302655,1.386821638632871,0.16619523874789896,1.7047008426424828,19.78892888696675,0.4826581069848329,440,357,440,93.33532980277421,0.8113636363636364,0.3985999999995826,0.9028999999998177,2.5018657872534087,(gap/tau_g)^2+(speed/tau_v)^2+(lateral/tau_y)^2,False
Reduced rate,Proposed,service,4102,2.1,5,reduced,none,0.2,0.55,2,0.6778006051547908,1.382306274918127,0.16646724030788043,1.6345369473696647,19.946497823225464,0.49623784826831696,440,335,440,93.27087333854183,0.7613636363636364,0.4080499999998821,1.2074000000001917,2.4844019269747766,(gap/tau_g)^2+(speed/tau_v)^2+(lateral/tau_y)^2,False
Reduced rate,Proposed,service,4103,2.1,5,reduced,none,0.2,0.55,2,0.6925171873695087,1.3755960887257415,0.16638622639850698,1.6681493881044103,19.96395193682052,0.48590680939639774,440,350,440,93.2875373532608,0.7954545454545454,0.3705500000004136,0.9163999999994843,2.5101372945719316,(gap/tau_g)^2+(speed/tau_v)^2+(lateral/tau_y)^2,False
Reduced rate,Proposed,service,4104,2.1,5,reduced,none,0.2,0.55,2,0.6730573913800499,1.3746658064332145,0.1659884493645233,1.670345852360844,19.956133091013946,0.4420829403864518,440,359,440,93.38357286081846,0.8159090909090909,0.41074999999946016,2.1740000000001203,2.4582843360073356,(gap/tau_g)^2+(speed/tau_v)^2+(lateral/tau_y)^2,False
Reduced rate,Proposed,service,4105,2.1,5,reduced,none,0.2,0.55,2,0.6805632742206542,1.3756082284490598,0.16574234634428922,1.7595503538867203,19.65921582568798,0.42150613799284853,440,354,440,93.4419029708105,0.8045454545454546,0.3626499999995758,0.8534000000004482,2.4756281770152846,(gap/tau_g)^2+(speed/tau_v)^2+(lateral/tau_y)^2,False
Reduced rate,Proposed,service,4106,2.1,5,reduced,none,0.2,0.55,2,0.676306505658817,1.3813629744479845,0.16577471140560043,1.7167051105392503,19.75926648309195,0.48569096357731034,440,344,440,93.43173743270114,0.7818181818181819,0.4001500000008207,0.9023999999993038,2.473722913127917,(gap/tau_g)^2+(speed/tau_v)^2+(lateral/tau_y)^2,False
Reduced rate,Proposed,service,4107,2.1,5,reduced,none,0.2,0.55,2,0.6851512426168261,1.3898162001391956,0.1663754653930067,1.7216600092059398,19.632513479925628,0.4839964447593619,440,343,440,93.28931218412409,0.7795454545454545,0.3649499999998085,0.8762000000004377,2.5120706929948136,(gap/tau_g)^2+(speed/tau_v)^2+(lateral/tau_y)^2,False
Reduced rate,Proposed,service,4108,2.1,5,reduced,none,0.2,0.55,2,0.67773229201909,1.3867642321233933,0.1663292154024177,1.682018088000412,19.489072926790193,0.46615437419386674,440,342,440,93.30063497425469,0.7772727272727272,0.38454999999970596,1.6316000000013986,2.4893871106722014,(gap/tau_g)^2+(speed/tau_v)^2+(lateral/tau_y)^2,False
Reduced rate,Proposed,service,4109,2.1,5,reduced,none,0.2,0.55,2,0.66744259877536,1.3949154779123032,0.16631592891433217,1.6787277605356117,19.95809497561934,0.4513029954908703,440,338,440,93.3041249393367,0.7681818181818182,0.40185000000025894,1.620899999998926,2.4762380658833663,(gap/tau_g)^2+(speed/tau_v)^2+(lateral/tau_y)^2,False
Reduced rate,Proposed,service,4110,2.1,5,reduced,none,0.2,0.55,2,0.6801756735137914,1.3731210529953424,0.16630802184243818,1.6985685562604524,20.00613313658566,0.46739864124439123,440,351,440,93.31763644705208,0.7977272727272727,0.39560000000005147,0.7082000000000477,2.47589830745265,(gap/tau_g)^2+(speed/tau_v)^2+(lateral/tau_y)^2,False
Reduced rate,Proposed,service,4111,2.1,5,reduced,none,0.2,0.55,2,0.6872038145050505,1.3858750826069688,0.16628663327022025,1.6749865111854645,19.67818369987461,0.4822486783516833,440,353,440,93.31340368403751,0.8022727272727272,0.376000000000154,0.8027999999988822,2.5107583739327795,(gap/tau_g)^2+(speed/tau_v)^2+(lateral/tau_y)^2,False
Reduced rate,Proposed,service,4112,2.1,5,reduced,none,0.2,0.55,2,0.6833110330426222,1.3649230929791407,0.1650700696182081,1.7148959829222958,19.635016560277762,0.48132731011491814,440,357,440,93.59950522602644,0.8113636363636364,0.40894999999974146,1.431200000000743,2.461790355845517,(gap/tau_g)^2+(speed/tau_v)^2+(lateral/tau_y)^2,False
Reduced rate,Proposed,service,4113,2.1,5,reduced,none,0.2,0.55,2,0.6834093630744977,1.3811770042606304,0.16662786996947657,1.692933146632459,19.774528160345504,0.4898262750903297,440,359,440,93.23425932329,0.8159090909090909,0.36514999999948117,0.7257000000002733,2.4977201414723726,(gap/tau_g)^2+(speed/tau_v)^2+(lateral/tau_y)^2,False
Reduced rate,Proposed,service,4114,2.1,5,reduced,none,0.2,0.55,2,0.6688176884374156,1.3868679114768587,0.165932145499866,1.6471952664540987,19.894329533565433,0.47779293570801873,440,349,440,93.39294099533409,0.7931818181818182,0.40659999999981267,1.2076000000007525,2.4648951825313334,(gap/tau_g)^2+(speed/tau_v)^2+(lateral/tau_y)^2,False
Reduced rate,Proposed,service,4115,2.1,5,reduced,none,0.2,0.55,2,0.6757553903138651,1.3776857858325542,0.16629140282199542,1.651171502905317,19.88899489779466,0.4889426363025964,440,352,440,93.31449796709332,0.8,0.3782000000009944,1.5691000000011002,2.471511311616811,(gap/tau_g)^2+(speed/tau_v)^2+(lateral/tau_y)^2,False
Reduced rate,Proposed,service,4116,2.1,5,reduced,none,0.2,0.55,2,0.678145625077011,1.378073043514868,0.16604938503629588,1.7019044437548503,20.023618791982976,0.48274707584508425,440,348,440,93.3674101324834,0.7909090909090909,0.39925000000007316,1.1043999999991172,2.4757981261880833,(gap/tau_g)^2+(speed/tau_v)^2+(lateral/tau_y)^2,False
Reduced rate,Proposed,service,4117,2.1,5,reduced,none,0.2,0.55,2,0.6885437019066271,1.3837187443863344,0.166673822492237,1.6979231190960604,19.821617952221672,0.4793880392426345,440,371,440,93.21889869782622,0.8431818181818181,0.3946499999996078,0.9359999999993818,2.5142113712089516,(gap/tau_g)^2+(speed/tau_v)^2+(lateral/tau_y)^2,False
Reduced rate,Proposed,service,4118,2.1,5,reduced,none,0.2,0.55,2,0.6796817499033208,1.3808605156825688,0.16569011179081877,1.7024408934525541,19.46885681752783,0.44579382274390555,440,334,440,93.44673776829006,0.759090909090909,0.4656499999997621,1.207299999999023,2.4804502725574054,(gap/tau_g)^2+(speed/tau_v)^2+(lateral/tau_y)^2,False
Reduced rate,Proposed,service,4119,2.1,5,reduced,none,0.2,0.55,2,0.6828677300645155,1.3849813993440352,0.16627049618137799,1.6686214036136928,19.440880076819177,0.4741436548155794,440,361,440,93.32206311525579,0.8204545454545454,0.38394999999979973,1.6338000000004627,2.4987994832052163,(gap/tau_g)^2+(speed/tau_v)^2+(lateral/tau_y)^2,False
Reduced rate,Proposed,service,4120,2.1,5,reduced,none,0.2,0.55,2,0.6782284733959353,1.3920687177897506,0.16643620921492752,1.7332793809352864,20.045954148699806,0.4888907201068745,440,347,440,93.27788662418124,0.7886363636363637,0.39209999999911815,0.9870999999996855,2.498993850797273,(gap/tau_g)^2+(speed/tau_v)^2+(lateral/tau_y)^2,False
Reduced rate,Proposed,service,4121,2.1,5,reduced,none,0.2,0.55,2,0.6701194468304833,1.3842573037069268,0.16598075426833844,1.7214895248223339,19.972373453981874,0.48273643607829964,440,343,440,93.3849071577065,0.7795454545454545,0.38300000000024426,1.0508999999991886,2.4647061674033353,(gap/tau_g)^2+(speed/tau_v)^2+(lateral/tau_y)^2,False
Reduced rate,Proposed,service,4122,2.1,5,reduced,none,0.2,0.55,2,0.6812507759272234,1.3747728445773526,0.16595670410377517,1.725234880240594,19.76753892657232,0.43454295579467794,440,353,440,93.38876371090771,0.8022727272727272,0.42229999999943146,1.1630000000000251,2.477897920035983,(gap/tau_g)^2+(speed/tau_v)^2+(lateral/tau_y)^2,False
Reduced rate,Proposed,service,4123,2.1,5,reduced,none,0.2,0.55,2,0.6710041993109648,1.3961138174460006,0.16589304707547542,1.6650912169536578,19.788803984722684,0.4891820417757905,440,346,440,93.39831311816057,0.7863636363636364,0.4007000000001426,0.6900999999999158,2.4829070557490627,(gap/tau_g)^2+(speed/tau_v)^2+(lateral/tau_y)^2,False
Reduced rate,Proposed,service,4124,2.1,5,reduced,none,0.2,0.55,2,0.6802011303905623,1.3712483467364798,0.16490478267857492,1.7119033050432528,19.931003659344988,0.4518301195699346,440,367,440,93.63665243789598,0.8340909090909091,0.3853999999998692,0.5679000000000656,2.461718462394613,(gap/tau_g)^2+(speed/tau_v)^2+(lateral/tau_y)^2,False
Reduced rate,Proposed,service,4125,2.1,5,reduced,none,0.2,0.55,2,0.6907647836099895,1.3808767611736825,0.16551257147160608,1.7198191278123451,19.898329675241037,0.47602456511967595,440,346,440,93.48681608224764,0.7863636363636364,0.3820000000001045,0.8967000000001946,2.5060052599507743,(gap/tau_g)^2+(speed/tau_v)^2+(lateral/tau_y)^2,False
Reduced rate,Proposed,service,4126,2.1,5,reduced,none,0.2,0.55,2,0.6737676912412313,1.3768567589691285,0.16621295647269319,1.7691716631158532,19.726932887181498,0.46332394592280446,440,355,440,93.33612516524828,0.8068181818181818,0.37329999999968777,1.5438000000003171,2.464925328475837,(gap/tau_g)^2+(speed/tau_v)^2+(lateral/tau_y)^2,False
Reduced rate,Proposed,service,4127,2.1,5,reduced,none,0.2,0.55,2,0.6684818331513267,1.3906452593210055,0.16561882047582138,1.7312975983676113,19.421866390537893,0.4922326042274868,440,352,440,93.46196874119792,0.8,0.37940000000080687,0.8684999999992726,2.466852506814174,(gap/tau_g)^2+(speed/tau_v)^2+(lateral/tau_y)^2,False
Reduced rate,Proposed,service,4128,2.1,5,reduced,none,0.2,0.55,2,0.690750338177465,1.38275993388289,0.1657833325395852,1.6613441789933738,20.02757611070833,0.4906475973750266,440,361,440,93.43106939226901,0.8204545454545454,0.37719999999996645,0.8673000000012365,2.5108676411765156,(gap/tau_g)^2+(speed/tau_v)^2+(lateral/tau_y)^2,False
Reduced rate,Proposed,service,4129,2.1,5,reduced,none,0.2,0.55,2,0.68674111256104,1.3826578105703056,0.16549214564581896,1.6740459423402196,20.005796647741256,0.48520335307567797,440,363,440,93.50006450379777,0.825,0.40035000000049337,1.017100000000326,2.498493888527514,(gap/tau_g)^2+(speed/tau_v)^2+(lateral/tau_y)^2,False
Reduced rate,Proposed,service,4130,2.1,5,reduced,none,0.2,0.55,2,0.6658296540996096,1.3803265165193923,0.1659859008344269,1.6678509151361145,19.77341511569699,0.46922038929674703,440,350,440,93.38938546786962,0.7954545454545454,0.38955000000040485,0.9558999999992324,2.4490161504141037,(gap/tau_g)^2+(speed/tau_v)^2+(lateral/tau_y)^2,False
Reduced rate,Proposed,service,4131,2.1,5,reduced,none,0.2,0.55,2,0.6957429898235294,1.379244450177207,0.1663675711487325,1.707568403272378,19.405193956374426,0.4082549431357978,440,346,440,93.29568418842567,0.7863636363636364,0.3882499999994238,0.9895000000010867,2.5230713279697348,(gap/tau_g)^2+(speed/tau_v)^2+(lateral/tau_y)^2,False
Reduced rate,Proposed,service,4132,2.1,5,reduced,none,0.2,0.55,2,0.6835044928973675,1.3806894133234429,0.16642533366027026,1.7111903234125376,19.776820190363864,0.4767347251434598,440,357,440,93.28038480889175,0.8113636363636364,0.4016999999993942,1.1987999999991672,2.4955778573908427,(gap/tau_g)^2+(speed/tau_v)^2+(lateral/tau_y)^2,False
Reduced rate,Proposed,service,4133,2.1,5,reduced,none,0.2,0.55,2,0.6841685391833339,1.390361362448639,0.16686562960791357,1.6769721939537567,20.037195870267645,0.4849626420930965,440,349,440,93.1810039893227,0.7931818181818182,0.41364999999959906,1.8482999999989147,2.514535313847488,(gap/tau_g)^2+(speed/tau_v)^2+(lateral/tau_y)^2,False
Reduced rate,Proposed,service,4134,2.1,5,reduced,none,0.2,0.55,2,0.6925277421922867,1.3821295906492808,0.166756580326432,1.7155766572993811,19.765464467137882,0.4735892577760543,440,341,440,93.20513259183019,0.775,0.41470000000032314,0.8818000000001547,2.5224404585481133,(gap/tau_g)^2+(speed/tau_v)^2+(lateral/tau_y)^2,False
Reduced rate,Proposed,service,4135,2.1,5,reduced,none,0.2,0.55,2,0.6659428675563066,1.3885113009099677,0.16649760107306627,1.7170099634802196,19.893416694677605,0.4941706993335837,440,350,440,93.26235566542267,0.7954545454545454,0.35965000000004466,0.8618000000009118,2.4650999099241155,(gap/tau_g)^2+(speed/tau_v)^2+(lateral/tau_y)^2,False
Reduced rate,Proposed,service,4136,2.1,5,reduced,none,0.2,0.55,2,0.6716282349627889,1.3811744214330863,0.1660925760124616,1.725958582568196,19.72873031379229,0.43939228200042213,440,344,440,93.3582183043915,0.7818181818181819,0.37664999999975635,0.554400000000399,2.464883704159403,(gap/tau_g)^2+(speed/tau_v)^2+(lateral/tau_y)^2,False
Reduced rate,Proposed,service,4137,2.1,5,reduced,none,0.2,0.55,2,0.6831505762771118,1.3680880285402122,0.16577729923450946,1.7281542873467572,20.108466066355014,0.48531568748642884,440,360,440,93.42829139936464,0.8181818181818182,0.39825000000082156,1.0026999999990238,2.4716633556215584,(gap/tau_g)^2+(speed/tau_v)^2+(lateral/tau_y)^2,False
Reduced rate,Proposed,service,4138,2.1,5,reduced,none,0.2,0.55,2,0.679994772665057,1.3934726298247126,0.16635987848207387,1.6530759339485133,19.82510348133706,0.47909095855768924,440,346,440,93.29352873269909,0.7863636363636364,0.41334999999964595,1.2048000000000059,2.5046189586784284,(gap/tau_g)^2+(speed/tau_v)^2+(lateral/tau_y)^2,False
Reduced rate,Proposed,service,4139,2.1,5,reduced,none,0.2,0.55,2,0.6840221540458246,1.3892977074982287,0.16667607327146383,1.7570399792193796,19.400533839033493,0.48304110539741396,440,358,440,93.22013342571417,0.8136363636363636,0.387749999999798,0.6360999999994732,2.5110901635519607,(gap/tau_g)^2+(speed/tau_v)^2+(lateral/tau_y)^2,False
Reduced rate,Proposed,service,4140,2.1,5,reduced,none,0.2,0.55,2,0.6741871476765277,1.3679266440685645,0.16537874298722263,1.6836112685697784,19.945220631298447,0.48236750561878383,440,355,440,93.51958638163724,0.8068181818181818,0.3590000000004423,0.8487000000005906,2.446509311972384,(gap/tau_g)^2+(speed/tau_v)^2+(lateral/tau_y)^2,False
Reduced rate,Proposed,service,4141,2.1,5,reduced,none,0.2,0.55,2,0.6789059191453037,1.38414269975627,0.16629517878891273,1.7439711538622937,19.720857291296113,0.43958336721811897,440,356,440,93.306135073342,0.8090909090909091,0.39664999999988737,0.8359000000002226,2.4882284970806277,(gap/tau_g)^2+(speed/tau_v)^2+(lateral/tau_y)^2,False
Reduced rate,Proposed,service,4142,2.1,5,reduced,none,0.2,0.55,2,0.6883710281609441,1.3849680939936533,0.16628203125414823,1.6762426098713725,19.72137290815006,0.48110564006539025,440,348,440,93.31560347816468,0.7909090909090909,0.4289499999998725,1.7289999999992034,2.512292287816568,(gap/tau_g)^2+(speed/tau_v)^2+(lateral/tau_y)^2,False
Reduced rate,Proposed,service,4143,2.1,5,reduced,none,0.2,0.55,2,0.6819707795974542,1.3837329528915174,0.16596787642805808,1.6323310298158014,19.8030761169232,0.4875558906058811,440,353,440,93.38501972537556,0.8022727272727272,0.4008999999998153,1.0571000000005881,2.4923460264066115,(gap/tau_g)^2+(speed/tau_v)^2+(lateral/tau_y)^2,False
Reduced rate,Proposed,service,4144,2.1,5,reduced,none,0.2,0.55,2,0.6793093464089377,1.3803710744307918,0.16605246940374305,1.6893460245299614,19.6679782692538,0.4639666172679414,440,345,440,93.36939966375067,0.7840909090909091,0.4019499999996512,0.7498000000012439,2.481866267117633,(gap/tau_g)^2+(speed/tau_v)^2+(lateral/tau_y)^2,False
Reduced rate,Proposed,service,4145,2.1,5,reduced,none,0.2,0.55,2,0.6879705879448471,1.3769069446010123,0.16602810021547648,1.7289616260409761,19.921152978190193,0.4715639709572621,440,348,440,93.37037902236244,0.7909090909090909,0.3840999999997763,1.372099999999321,2.4978437562774642,(gap/tau_g)^2+(speed/tau_v)^2+(lateral/tau_y)^2,False
Reduced rate,Proposed,service,4146,2.1,5,reduced,none,0.2,0.55,2,0.6697567105033386,1.3905881290653512,0.1665485420173427,1.744449273803604,19.76381729669199,0.4448641631152045,440,344,440,93.24836128771763,0.7818181818181819,0.4036000000002815,1.4470000000006422,2.4775250668898794,(gap/tau_g)^2+(speed/tau_v)^2+(lateral/tau_y)^2,False
Reduced rate,Proposed,service,4147,2.1,5,reduced,none,0.2,0.55,2,0.6796389412828149,1.3867508107571513,0.1662783846904241,1.6612214040379887,20.14471569432532,0.4856577629483154,440,338,440,93.31104623016748,0.7681818181818182,0.3961499999993734,1.5733000000004438,2.4935463953787087,(gap/tau_g)^2+(speed/tau_v)^2+(lateral/tau_y)^2,False
Reduced rate,Proposed,service,4148,2.1,5,reduced,none,0.2,0.55,2,0.6862054177301514,1.3860835887374683,0.1664720465665358,1.687019830885816,19.93512266233538,0.4706472769565837,440,355,440,93.26490136214304,0.8068181818181818,0.3710500000000394,0.8286000000001792,2.5101580019184264,(gap/tau_g)^2+(speed/tau_v)^2+(lateral/tau_y)^2,False
Reduced rate,Proposed,service,4149,2.1,5,reduced,none,0.2,0.55,2,0.6821617434782099,1.379479985562387,0.16577703786151682,1.687051965919954,19.832351102641915,0.47445710713373956,440,353,440,93.43458565865755,0.8022727272727272,0.41180000000018424,1.4365000000005068,2.485230550435696,(gap/tau_g)^2+(speed/tau_v)^2+(lateral/tau_y)^2,False
Reduced rate,Proposed,service,4150,2.1,5,reduced,none,0.2,0.55,2,0.6787998351332422,1.3759474265223235,0.1658583765784789,1.6446318350766578,19.87423448554334,0.47565292843865625,440,366,440,93.4155893760079,0.8318181818181818,0.3904999999999603,0.8130000000008408,2.472804647455746,(gap/tau_g)^2+(speed/tau_v)^2+(lateral/tau_y)^2,False
Fixed event trigger,CACC,service,4101,2.1,5,event,none,0.2,0.55,2,0.94003494005089,1.2776537472350364,0.165935648978683,0.3843493690649323,20.658491259795824,0.4971486588357892,651,468,651,138.1099551262849,0.7188940092165899,0.25649999999899364,1.614999999999256,3.092183896641844,(gap/tau_g)^2+(speed/tau_v)^2+(lateral/tau_y)^2,False
Fixed event trigger,CACC,service,4102,2.1,5,event,none,0.2,0.55,2,0.9451249777110242,1.2686686078624623,0.16627495732934433,0.3818887369501811,20.78722773907574,0.49623784826831696,704,448,704,149.22567916210394,0.6363636363636364,0.20985000000006693,0.5912999999999613,3.1003876808792437,(gap/tau_g)^2+(speed/tau_v)^2+(lateral/tau_y)^2,False
Fixed event trigger,CACC,service,4103,2.1,5,event,none,0.2,0.55,2,0.9401815246783797,1.2733231071334103,0.16606725134018005,0.45363332787471816,20.607045141353026,0.49685194667267907,679,460,679,143.98848650094357,0.6774668630338734,0.2073999999998577,0.6564000000004455,3.088129771071153,(gap/tau_g)^2+(speed/tau_v)^2+(lateral/tau_y)^2,False
Fixed event trigger,CACC,service,4104,2.1,5,event,none,0.2,0.55,2,0.9116773608867381,1.2716609331364814,0.16576703289371472,0.4535017938112643,20.716739781587712,0.4979876871715623,682,461,682,144.7494224597081,0.6759530791788856,0.2136999999997613,0.37890000000118107,2.9896397083444994,(gap/tau_g)^2+(speed/tau_v)^2+(lateral/tau_y)^2,False
Fixed event trigger,CACC,service,4105,2.1,5,event,none,0.2,0.55,2,0.9360803246316046,1.2694902329796014,0.1655130446020441,0.3713923913953413,20.51482159967908,0.49743074818617794,671,475,671,142.5026474190829,0.7078986587183308,0.2079500000000678,0.9589999999999321,3.06488320958361,(gap/tau_g)^2+(speed/tau_v)^2+(lateral/tau_y)^2,False
Fixed event trigger,CACC,service,4106,2.1,5,event,none,0.2,0.55,2,0.9338264781546282,1.271901905232703,0.16552540697031284,0.35236259281091153,19.795718465926484,0.49768395312254177,678,466,678,143.9791855057283,0.6873156342182891,0.20434999999974224,0.362400000000207,3.0606201494103407,(gap/tau_g)^2+(speed/tau_v)^2+(lateral/tau_y)^2,False
Fixed event trigger,CACC,service,4107,2.1,5,event,none,0.2,0.55,2,0.9357160514191808,1.2886495902986945,0.1661401026658127,0.3992325472019773,20.27858609867463,0.49555559985534736,685,454,685,145.23062806183611,0.6627737226277373,0.20660000000027878,0.6155999999997164,3.093876467844013,(gap/tau_g)^2+(speed/tau_v)^2+(lateral/tau_y)^2,False
Fixed event trigger,CACC,service,4108,2.1,5,event,none,0.2,0.55,2,0.9409436768696194,1.274935996715216,0.1661244998937866,0.39185834557552907,20.649015565625852,0.4958933289915256,700,459,700,148.43912019664668,0.6557142857142857,0.20484999999936804,0.35309999999988406,3.0932509847444947,(gap/tau_g)^2+(speed/tau_v)^2+(lateral/tau_y)^2,False
Fixed event trigger,CACC,service,4109,2.1,5,event,none,0.2,0.55,2,0.9416499104977849,1.2775431373675483,0.16612337363563845,0.3481952174491203,20.585634332387173,0.4967023977592889,672,442,672,142.49353187082528,0.6577380952380952,0.21245000000025271,0.6086999999990184,3.099000516741146,(gap/tau_g)^2+(speed/tau_v)^2+(lateral/tau_y)^2,False
Fixed event trigger,CACC,service,4110,2.1,5,event,none,0.2,0.55,2,0.930087169061916,1.2749750446582657,0.16601267199845374,0.36766843252423836,20.6922196499114,0.49754910872277225,654,466,654,138.72096590844572,0.7125382262996942,0.25220000000114595,0.9559000000010087,3.0562614772543357,(gap/tau_g)^2+(speed/tau_v)^2+(lateral/tau_y)^2,False
Fixed event trigger,CACC,service,4111,2.1,5,event,none,0.2,0.55,2,0.9325543108524172,1.2838561083695517,0.16604916791273003,0.37891247795010913,20.681808386356593,0.4953282482013215,658,472,658,139.55108881417397,0.7173252279635258,0.20445000000002267,0.41099999999971715,3.0763285113531538,(gap/tau_g)^2+(speed/tau_v)^2+(lateral/tau_y)^2,False
Fixed event trigger,CACC,service,4112,2.1,5,event,none,0.2,0.55,2,0.9392749448258516,1.253578345683536,0.16482856325615933,0.3420733875319314,20.411275551582357,0.50095297577058,629,462,629,133.81602932718533,0.7344992050874404,0.21284999999959808,0.4057999999993456,3.0493980920647585,(gap/tau_g)^2+(speed/tau_v)^2+(lateral/tau_y)^2,False
Fixed event trigger,CACC,service,4113,2.1,5,event,none,0.2,0.55,2,0.9396241334995291,1.274728497867119,0.16639790858745235,0.39192363645373407,20.38861546290604,0.4948437052028275,643,459,643,136.25486123581015,0.713841368584759,0.217349999999783,0.7917000000006169,3.090842383784829,(gap/tau_g)^2+(speed/tau_v)^2+(lateral/tau_y)^2,False
Fixed event trigger,CACC,service,4114,2.1,5,event,none,0.2,0.55,2,0.9277374226770372,1.2761984675895353,0.16570447022012577,0.37547045729048006,20.45565469242966,0.49813219548885646,661,469,661,140.3129546593684,0.7095310136157338,0.21020000000060435,1.113900000000001,3.047537271973769,(gap/tau_g)^2+(speed/tau_v)^2+(lateral/tau_y)^2,False
Fixed event trigger,CACC,service,4115,2.1,5,event,none,0.2,0.55,2,0.938624165542398,1.2687176828426052,0.16604063761495336,0.37751947238180045,20.427162795178248,0.49770750013693443,685,459,685,145.28337921606519,0.67007299270073,0.20804999999946006,0.4642999999990849,3.0767340224834463,(gap/tau_g)^2+(speed/tau_v)^2+(lateral/tau_y)^2,False
Fixed event trigger,CACC,service,4116,2.1,5,event,none,0.2,0.55,2,0.9337571711299035,1.266384078524371,0.16580881288206778,0.3456455759201482,20.567520021937675,0.49780271453784164,684,455,684,145.15987300744743,0.6652046783625731,0.20839999999999748,0.8438000000001722,3.055591764048155,(gap/tau_g)^2+(speed/tau_v)^2+(lateral/tau_y)^2,False
Fixed event trigger,CACC,service,4117,2.1,5,event,none,0.2,0.55,2,0.9391361484566075,1.279968454387119,0.16646712267473632,0.3493835988166601,20.647758900002188,0.49665159161510464,630,467,630,133.47604146179424,0.7412698412698413,0.2062999999994375,0.6735999999989417,3.096618325979046,(gap/tau_g)^2+(speed/tau_v)^2+(lateral/tau_y)^2,False
Fixed event trigger,CACC,service,4118,2.1,5,event,none,0.2,0.55,2,0.94003938035513,1.2693649059519936,0.1654441971511908,0.3731851104126267,20.50177729819309,0.4996450779525906,674,450,674,143.15371790304886,0.6676557863501483,0.23719999999993746,1.1345000000009264,3.0773559633860175,(gap/tau_g)^2+(speed/tau_v)^2+(lateral/tau_y)^2,False
Fixed event trigger,CACC,service,4119,2.1,5,event,none,0.2,0.55,2,0.9287911891428614,1.287017611234517,0.16602173697753486,0.3855099825964662,20.308210200215,0.4963810345904399,664,474,664,140.83412251621206,0.713855421686747,0.20400000000098117,0.40560000000056107,3.067795244760669,(gap/tau_g)^2+(speed/tau_v)^2+(lateral/tau_y)^2,False
Fixed event trigger,CACC,service,4120,2.1,5,event,none,0.2,0.55,2,0.9457684907904922,1.2773452560510254,0.16616426351224303,0.3467975220250165,20.74986898034907,0.49511344514679845,663,445,663,140.5745043647366,0.6711915535444947,0.20654999999969448,0.3033999999999537,3.1129017831133816,(gap/tau_g)^2+(speed/tau_v)^2+(lateral/tau_y)^2,False
Fixed event trigger,CACC,service,4121,2.1,5,event,none,0.2,0.55,2,0.928930679003967,1.2722115650073293,0.16577805895609155,0.3647261838480645,20.602027610128978,0.49810100187971884,674,448,674,143.0495656751234,0.6646884272997032,0.21074999999992627,0.4962000000006128,3.0469019318801918,(gap/tau_g)^2+(speed/tau_v)^2+(lateral/tau_y)^2,False
Fixed event trigger,CACC,service,4122,2.1,5,event,none,0.2,0.55,2,0.9304039983248703,1.2656576678255511,0.1657074881629662,0.38869056808033087,20.52379828573951,0.4974109819238267,691,461,691,146.67945385512985,0.6671490593342981,0.2062999999994375,0.6252999999993847,3.042700944359891,(gap/tau_g)^2+(speed/tau_v)^2+(lateral/tau_y)^2,False
Fixed event trigger,CACC,service,4123,2.1,5,event,none,0.2,0.55,2,0.9309196078041742,1.2862954682920675,0.1656309550270197,0.36960537330278753,20.573284360017766,0.49606565124416324,677,458,677,143.72228422865385,0.6765140324963073,0.20610000000065298,0.5313999999998487,3.07064391216812,(gap/tau_g)^2+(speed/tau_v)^2+(lateral/tau_y)^2,False
Fixed event trigger,CACC,service,4124,2.1,5,event,none,0.2,0.55,2,0.9345230762153989,1.2581927111443225,0.16466917648968019,0.37637113468629063,20.306286993715958,0.5010689290266079,645,473,645,137.27764968021756,0.7333333333333333,0.2042499999994618,0.389600000000101,3.03816912703899,(gap/tau_g)^2+(speed/tau_v)^2+(lateral/tau_y)^2,False
Fixed event trigger,CACC,service,4125,2.1,5,event,none,0.2,0.55,2,0.948817065893932,1.264948920438536,0.1653535068301781,0.39431345848845495,20.50194905065394,0.49915100378237376,687,459,687,145.97137815712702,0.6681222707423581,0.2089999999999037,1.006999999999536,3.100371192667531,(gap/tau_g)^2+(speed/tau_v)^2+(lateral/tau_y)^2,False
Fixed event trigger,CACC,service,4126,2.1,5,event,none,0.2,0.55,2,0.9334991934539989,1.2650109208042186,0.16598359745243588,0.35717417321765493,20.56683304789678,0.4960659402934331,657,444,657,139.36944084951818,0.6757990867579908,0.2084499999996936,0.8121000000009815,3.0544117230216266,(gap/tau_g)^2+(speed/tau_v)^2+(lateral/tau_y)^2,False
Fixed event trigger,CACC,service,4127,2.1,5,event,none,0.2,0.55,2,0.9189287252071408,1.2828768453404824,0.16536333497644745,0.3514138807580769,20.216900446753677,0.4989304045513363,670,464,670,142.33739229470117,0.6925373134328359,0.2057999999998117,1.0447999999989577,3.024514808526362,(gap/tau_g)^2+(speed/tau_v)^2+(lateral/tau_y)^2,False
Fixed event trigger,CACC,service,4128,2.1,5,event,none,0.2,0.55,2,0.9440270168078768,1.2761499748573537,0.1655358042351622,0.35362754886924785,20.431379270323355,0.4985096193571573,631,456,631,133.9965402907018,0.722662440570523,0.2086999999999506,0.41829999999976053,3.100282347262413,(gap/tau_g)^2+(speed/tau_v)^2+(lateral/tau_y)^2,False
Fixed event trigger,CACC,service,4129,2.1,5,event,none,0.2,0.55,2,0.9418258391079879,1.269936359289147,0.1652175934182344,0.37410531915026646,20.480896749020737,0.4995490406119393,656,457,656,139.4209575956479,0.6966463414634146,0.20664999999908673,0.5831000000000586,3.0821997525810296,(gap/tau_g)^2+(speed/tau_v)^2+(lateral/tau_y)^2,False
Fixed event trigger,CACC,service,4130,2.1,5,event,none,0.2,0.55,2,0.9294132645918293,1.2687583476221869,0.16573232785665967,0.39787646195771925,20.38491750595172,0.4970965850903032,675,468,675,143.285797827127,0.6933333333333334,0.21180000000065036,1.3068000000000524,3.043640455743326,(gap/tau_g)^2+(speed/tau_v)^2+(lateral/tau_y)^2,False
Fixed event trigger,CACC,service,4131,2.1,5,event,none,0.2,0.55,2,0.937543305816658,1.2786803204910386,0.1661308775690043,0.37457297357671504,20.706812876010773,0.49596777011720383,678,452,678,143.76427979044814,0.6666666666666666,0.20540000000046632,0.4406000000010124,3.086826660965203,(gap/tau_g)^2+(speed/tau_v)^2+(lateral/tau_y)^2,False
Fixed event trigger,CACC,service,4132,2.1,5,event,none,0.2,0.55,2,0.939844768321471,1.2752859379306902,0.1662357815590366,0.354161041643541,20.436931882652786,0.49447688372348564,654,441,654,138.64657886823278,0.6743119266055045,0.21139999999775227,1.2454000000019505,3.090956608283271,(gap/tau_g)^2+(speed/tau_v)^2+(lateral/tau_y)^2,False
Fixed event trigger,CACC,service,4133,2.1,5,event,none,0.2,0.55,2,0.9487068147687197,1.276618955552319,0.16663413358338874,0.3315826007144395,20.67176074715816,0.4936941210617587,637,450,637,134.90681574596277,0.706436420722135,0.21015000000002004,0.6754000000004368,3.1257608286836427,(gap/tau_g)^2+(speed/tau_v)^2+(lateral/tau_y)^2,False
Fixed event trigger,CACC,service,4134,2.1,5,event,none,0.2,0.55,2,0.9430821416546864,1.278346486466921,0.1664712427634112,0.35527964599296347,20.860890982551936,0.49411914178985694,667,476,667,141.30844669779302,0.7136431784107946,0.21130000000013638,0.4860999999998228,3.107739472781648,(gap/tau_g)^2+(speed/tau_v)^2+(lateral/tau_y)^2,False
Fixed event trigger,CACC,service,4135,2.1,5,event,none,0.2,0.55,2,0.9394679439252868,1.2717557614668378,0.16624577919131095,0.34533767563055506,20.682917218197822,0.4941706993335837,668,463,668,141.599338267375,0.6931137724550899,0.213250000001608,0.501899999999722,3.085193235145205,(gap/tau_g)^2+(speed/tau_v)^2+(lateral/tau_y)^2,False
Fixed event trigger,CACC,service,4136,2.1,5,event,none,0.2,0.55,2,0.9437969121108972,1.2680599723463455,0.1658236819354173,0.37643135534123456,20.576325881029838,0.49710900716996864,689,455,689,146.20807503996338,0.660377358490566,0.2432999999992802,0.5491999999982511,3.09139350120462,(gap/tau_g)^2+(speed/tau_v)^2+(lateral/tau_y)^2,False
Fixed event trigger,CACC,service,4137,2.1,5,event,none,0.2,0.55,2,0.9275600565703644,1.259075139684989,0.16554206963608806,0.3170529289335829,20.88663982784032,0.4975380840409057,641,457,641,136.1180307237098,0.7129485179407177,0.20420000000065386,0.5834999999994039,3.023458254856893,(gap/tau_g)^2+(speed/tau_v)^2+(lateral/tau_y)^2,False
Fixed event trigger,CACC,service,4138,2.1,5,event,none,0.2,0.55,2,0.9329583726425512,1.286930377526899,0.16615741903844647,0.34848009229273463,20.47811512484813,0.4949698099786153,673,455,673,142.7018392570114,0.6760772659732541,0.2365500000003351,0.49650000000056593,3.0825999029825555,(gap/tau_g)^2+(speed/tau_v)^2+(lateral/tau_y)^2,False
Fixed event trigger,CACC,service,4139,2.1,5,event,none,0.2,0.55,2,0.9374392154242029,1.2850913561931974,0.1664479354678092,0.3271487172573605,20.75026438300452,0.49628130957550365,650,474,650,137.71415759564587,0.7292307692307692,0.20620000000093341,0.6670999999975891,3.0975017992830454,(gap/tau_g)^2+(speed/tau_v)^2+(lateral/tau_y)^2,False
Fixed event trigger,CACC,service,4140,2.1,5,event,none,0.2,0.55,2,0.9222235556888714,1.2645511744314673,0.1651361304169875,0.36646165878981285,20.607953346623916,0.5006735774519911,676,459,676,143.6861679603924,0.6789940828402367,0.2231500000000608,1.2056999999998652,3.00960401568401,(gap/tau_g)^2+(speed/tau_v)^2+(lateral/tau_y)^2,False
Fixed event trigger,CACC,service,4141,2.1,5,event,none,0.2,0.55,2,0.9384265891600473,1.2724519054644252,0.16603519851442308,0.348206987010859,20.576350455224514,0.49653499048575767,669,443,669,141.88427261191535,0.6621823617339312,0.2029500000002571,0.5544999999997913,3.0808710353759263,(gap/tau_g)^2+(speed/tau_v)^2+(lateral/tau_y)^2,False
Fixed event trigger,CACC,service,4142,2.1,5,event,none,0.2,0.55,2,0.9493800713904111,1.2702001772414595,0.16605776279071519,0.38127643400901207,20.481507990109264,0.49536856124101003,661,454,661,140.1919853092802,0.686838124054463,0.20724999999899296,0.4099000000010733,3.1148982582336027,(gap/tau_g)^2+(speed/tau_v)^2+(lateral/tau_y)^2,False
Fixed event trigger,CACC,service,4143,2.1,5,event,none,0.2,0.55,2,0.9272543043771244,1.2792300476926421,0.16576323969849727,0.34560960061069657,20.549743357212364,0.49760370405352927,662,460,662,140.50909684211894,0.6948640483383686,0.2029500000002571,0.30990000000130635,3.0503836108968843,(gap/tau_g)^2+(speed/tau_v)^2+(lateral/tau_y)^2,False
Fixed event trigger,CACC,service,4144,2.1,5,event,none,0.2,0.55,2,0.9382343835051558,1.2636313498651006,0.16586418393738944,0.4022851357168659,20.604302976844558,0.496240076139156,708,448,708,150.24679776879805,0.632768361581921,0.21304999999927077,1.4807999999995047,3.067397697944249,(gap/tau_g)^2+(speed/tau_v)^2+(lateral/tau_y)^2,False
Fixed event trigger,CACC,service,4145,2.1,5,event,none,0.2,0.55,2,0.9341969025071799,1.2735467505280633,0.16578294135896396,0.3998712144561073,20.540288142760424,0.49818474324048434,682,441,682,144.73565943807745,0.6466275659824047,0.20439999999943836,0.5044999999999078,3.0661195430259487,(gap/tau_g)^2+(speed/tau_v)^2+(lateral/tau_y)^2,False
Fixed event trigger,CACC,service,4146,2.1,5,event,none,0.2,0.55,2,0.9393366242307492,1.2740043327438473,0.16629827477635029,0.38768247471691025,20.464460864477665,0.49583770391780135,679,452,679,143.91222320544165,0.6656848306332842,0.2061500000003491,0.4216000000027975,3.088111614965177,(gap/tau_g)^2+(speed/tau_v)^2+(lateral/tau_y)^2,False
Fixed event trigger,CACC,service,4147,2.1,5,event,none,0.2,0.55,2,0.9403071155606894,1.2756952996853352,0.166026618450142,0.3472787194628335,20.69916124009292,0.4977075483913326,689,440,689,146.1297383008154,0.6386066763425254,0.21100000000018326,0.7335000000026071,3.091297367364236,(gap/tau_g)^2+(speed/tau_v)^2+(lateral/tau_y)^2,False
Fixed event trigger,CACC,service,4148,2.1,5,event,none,0.2,0.55,2,0.9341726029900329,1.2771801704268022,0.1663033763360713,0.37198082909138974,20.517429043554515,0.4948087971751278,678,454,678,143.7114851159802,0.6696165191740413,0.24450000000086902,0.9097000000011235,3.075088065441141,(gap/tau_g)^2+(speed/tau_v)^2+(lateral/tau_y)^2,False
Fixed event trigger,CACC,service,4149,2.1,5,event,none,0.2,0.55,2,0.9299390553151563,1.2750620410432136,0.16548411786512005,0.35106668942137975,20.656716957491533,0.5001486037541787,669,461,669,142.08612799730278,0.6890881913303438,0.20815000000062867,0.737699999998398,3.051504543316428,(gap/tau_g)^2+(speed/tau_v)^2+(lateral/tau_y)^2,False
Fixed event trigger,CACC,service,4150,2.1,5,event,none,0.2,0.55,2,0.9394096382527761,1.2631887399989514,0.16558664586646835,0.36377701186549893,20.71666443496354,0.4979665529200631,668,454,668,141.83815748772483,0.6796407185628742,0.20409999999948525,0.4409999999985814,3.068450372487159,(gap/tau_g)^2+(speed/tau_v)^2+(lateral/tau_y)^2,False
Aware B=1,Proposed,service,4101,2.1,1,aware,none,0.2,0.55,2,0.6806209421855354,1.3956297399697133,0.1661957568426217,1.8246043121084887,19.65507240356088,0.4374185826013973,350,260,350,74.2411447113043,0.7428571428571429,0.4071499999991346,1.065200000002875,2.5078386857917527,(gap/tau_g)^2+(speed/tau_v)^2+(lateral/tau_y)^2,False
Aware B=1,Proposed,service,4102,2.1,1,aware,none,0.2,0.55,2,0.6669274649308968,1.390426498963004,0.16652711004010698,1.7323973589853379,19.62760577883533,0.44257809818916527,350,235,350,74.18538140864416,0.6714285714285714,0.4822000000004323,1.3721000000010974,2.4703940567748037,(gap/tau_g)^2+(speed/tau_v)^2+(lateral/tau_y)^2,False
Aware B=1,Proposed,service,4103,2.1,1,aware,none,0.2,0.55,2,0.6567636731677923,1.395966119444235,0.16634336236944838,1.7151488308257812,19.802341502081667,0.38023703215511995,350,236,350,74.21390577678146,0.6742857142857143,0.39690000000014436,1.466699999999932,2.452822510549565,(gap/tau_g)^2+(speed/tau_v)^2+(lateral/tau_y)^2,False
Aware B=1,Proposed,service,4104,2.1,1,aware,none,0.2,0.55,2,0.6792046570647371,1.3779801875517292,0.1659988146385075,1.783459377525394,19.379918704084062,0.37640074719926797,350,254,350,74.27756391585555,0.7257142857142858,0.39259999999963213,0.9689000000001613,2.477803276893093,(gap/tau_g)^2+(speed/tau_v)^2+(lateral/tau_y)^2,False
Aware B=1,Proposed,service,4105,2.1,1,aware,none,0.2,0.55,2,0.6738407983560153,1.384031524420367,0.1657668495376822,1.745847473240219,19.840894284154793,0.47844999245713804,350,271,350,74.32284715498062,0.7742857142857142,0.4392000000006391,1.6193999999991604,2.4715045051784017,(gap/tau_g)^2+(speed/tau_v)^2+(lateral/tau_y)^2,False
Aware B=1,Proposed,service,4106,2.1,1,aware,none,0.2,0.55,2,0.6747625452557935,1.3803652640945123,0.16581540523523622,1.7273764842187735,19.890856157109674,0.4712948571031188,350,233,350,74.31592069957686,0.6657142857142857,0.42410000000003834,1.0539999999998884,2.468945996798198,(gap/tau_g)^2+(speed/tau_v)^2+(lateral/tau_y)^2,False
Aware B=1,Proposed,service,4107,2.1,1,aware,none,0.2,0.55,2,0.6791388837326711,1.3979564502489736,0.166434991588932,1.8736785306260524,19.926741591013794,0.3919797518129543,350,249,350,74.1938606215073,0.7114285714285714,0.39629999999934995,0.8587999999996043,2.5095617094331995,(gap/tau_g)^2+(speed/tau_v)^2+(lateral/tau_y)^2,False
Aware B=1,Proposed,service,4108,2.1,1,aware,none,0.2,0.55,2,0.6821233255691833,1.3873170072780936,0.16632455103369317,1.7839063602362801,19.88325639557692,0.43809211759026156,350,228,350,74.21736732296868,0.6514285714285715,0.37180000000169855,0.6490000000027862,2.500746105398267,(gap/tau_g)^2+(speed/tau_v)^2+(lateral/tau_y)^2,False
Aware B=1,Proposed,service,4109,2.1,1,aware,none,0.2,0.55,2,0.665701043550737,1.4008387388837844,0.1663098932400556,1.8916876491117358,20.100299271581846,0.4102445391513322,350,237,350,74.22581241055185,0.6771428571428572,0.4400499999999141,1.5145000000025277,2.480509302080189,(gap/tau_g)^2+(speed/tau_v)^2+(lateral/tau_y)^2,False
Aware B=1,Proposed,service,4110,2.1,1,aware,none,0.2,0.55,2,0.6816372807442718,1.3817845236819322,0.16629691798917912,1.7878389338493503,19.7538694175528,0.4187943449122524,350,263,350,74.22838140961335,0.7514285714285714,0.40594999999932213,1.413100000000611,2.4915215929431236,(gap/tau_g)^2+(speed/tau_v)^2+(lateral/tau_y)^2,False
Aware B=1,Proposed,service,4111,2.1,1,aware,none,0.2,0.55,2,0.663992723889494,1.400080799380438,0.1662754715268637,1.836717887798103,19.727012458990878,0.4344175934929,350,241,350,74.2329956848882,0.6885714285714286,0.42569999999919617,1.0657000000016126,2.4751016749210315,(gap/tau_g)^2+(speed/tau_v)^2+(lateral/tau_y)^2,False
Aware B=1,Proposed,service,4112,2.1,1,aware,none,0.2,0.55,2,0.6680565078260121,1.3761265636638218,0.16509309093969954,1.8417125733081592,19.56407813336429,0.3823571027254121,350,265,350,74.45305328447984,0.7571428571428571,0.4009499999995114,1.4500999999995656,2.441000423207491,(gap/tau_g)^2+(speed/tau_v)^2+(lateral/tau_y)^2,False
Aware B=1,Proposed,service,4113,2.1,1,aware,none,0.2,0.55,2,0.6686126305093631,1.3922200918530367,0.16660168032642345,1.7650542359635437,19.87426939820618,0.4455777920632116,350,251,350,74.16334352682435,0.7171428571428572,0.38524999999900444,1.004800000000472,2.4775625676711717,(gap/tau_g)^2+(speed/tau_v)^2+(lateral/tau_y)^2,False
Aware B=1,Proposed,service,4114,2.1,1,aware,none,0.2,0.55,2,0.6712772182350889,1.3885005422600805,0.16596117867059398,1.786483001904625,19.600081869599613,0.45095345337974657,350,251,350,74.28835165302361,0.7171428571428572,0.36605000000200505,0.8558999999976891,2.4733074541701443,(gap/tau_g)^2+(speed/tau_v)^2+(lateral/tau_y)^2,False
Aware B=1,Proposed,service,4115,2.1,1,aware,none,0.2,0.55,2,0.6698556195921027,1.3806195186100614,0.16624996156162716,1.809648239886955,20.060474790002857,0.4345429189355956,350,237,350,74.23934993803991,0.6771428571428572,0.3982499999999334,1.089900000000199,2.461182010496488,(gap/tau_g)^2+(speed/tau_v)^2+(lateral/tau_y)^2,False
Aware B=1,Proposed,service,4116,2.1,1,aware,none,0.2,0.55,2,0.6701860350022952,1.3800889251478503,0.1660779389575821,1.75012450605778,19.7579865971478,0.34219996984670353,350,234,350,74.27186267874634,0.6685714285714286,0.38549999999837326,1.441800000002047,2.459792606120454,(gap/tau_g)^2+(speed/tau_v)^2+(lateral/tau_y)^2,False
Aware B=1,Proposed,service,4117,2.1,1,aware,none,0.2,0.55,2,0.6829564000558572,1.3949393924260454,0.1666810440511534,1.9385626786147934,19.57158764699605,0.3844798528846509,350,255,350,74.14623162068256,0.7285714285714285,0.4255999999998039,1.2769999999981962,2.5165557890718,(gap/tau_g)^2+(speed/tau_v)^2+(lateral/tau_y)^2,False
Aware B=1,Proposed,service,4118,2.1,1,aware,none,0.2,0.55,2,0.6753557918291889,1.3882695722823792,0.16571618377832587,1.8634949215518612,19.45054935297123,0.36199263850936425,350,241,350,74.32798417359773,0.6885714285714286,0.4332500000003847,0.7583000000010998,2.4807129162828536,(gap/tau_g)^2+(speed/tau_v)^2+(lateral/tau_y)^2,False
Aware B=1,Proposed,service,4119,2.1,1,aware,none,0.2,0.55,2,0.6782989732327246,1.38825266066447,0.16621996247001117,1.7918535758411909,19.551106196435683,0.4577202131211314,350,254,350,74.2357265921318,0.7257142857142858,0.4515000000004932,0.892399999997906,2.4919522766186457,(gap/tau_g)^2+(speed/tau_v)^2+(lateral/tau_y)^2,False
Aware B=1,Proposed,service,4120,2.1,1,aware,none,0.2,0.55,2,0.6825509781193542,1.3992858362000895,0.16637637193738233,1.8845547288280817,19.87388212073234,0.3972203979121819,350,253,350,74.20566604649483,0.7228571428571429,0.41174999999959994,1.1981999999974846,2.5192311662186357,(gap/tau_g)^2+(speed/tau_v)^2+(lateral/tau_y)^2,False
Aware B=1,Proposed,service,4121,2.1,1,aware,none,0.2,0.55,2,0.674346037878549,1.3892319510311226,0.16599634263680446,1.9198386049470784,19.77035091777556,0.4089385329141708,350,230,350,74.28263591937407,0.6571428571428571,0.40119999999888023,0.9969999999981383,2.481977126937457,(gap/tau_g)^2+(speed/tau_v)^2+(lateral/tau_y)^2,False
Aware B=1,Proposed,service,4122,2.1,1,aware,none,0.2,0.55,2,0.6678122517709651,1.3871593121201935,0.16595911109683412,1.8556134813104463,19.872230090210124,0.262804258758221,350,225,350,74.28637321609588,0.6428571428571429,0.4074499999990877,0.6573999999979208,2.4631421990597344,(gap/tau_g)^2+(speed/tau_v)^2+(lateral/tau_y)^2,False
Aware B=1,Proposed,service,4123,2.1,1,aware,none,0.2,0.55,2,0.664426581407148,1.4016337390404752,0.16590251972927925,1.717047960456764,20.124036591054654,0.47307817894096604,350,229,350,74.29271433003255,0.6542857142857142,0.41559999999840613,1.0519000000002166,2.475248971936128,(gap/tau_g)^2+(speed/tau_v)^2+(lateral/tau_y)^2,False
Aware B=1,Proposed,service,4124,2.1,1,aware,none,0.2,0.55,2,0.6770073738925875,1.3751678884960554,0.16488074153041235,1.8663783064018,18.062513326741666,0.2927432887502306,350,260,350,74.48554666694287,0.7428571428571429,0.40359999999850515,0.775499999999596,2.4593064982335013,(gap/tau_g)^2+(speed/tau_v)^2+(lateral/tau_y)^2,False
Aware B=1,Proposed,service,4125,2.1,1,aware,none,0.2,0.55,2,0.6845822784321687,1.385749059644136,0.1655312438645647,1.8528919618535236,19.84300532517964,0.4168963335093787,350,246,350,74.36048222616203,0.7028571428571428,0.4030000000003753,1.785699999999224,2.4979206520507473,(gap/tau_g)^2+(speed/tau_v)^2+(lateral/tau_y)^2,False
Aware B=1,Proposed,service,4126,2.1,1,aware,none,0.2,0.55,2,0.66283945992943,1.389972224224018,0.16623022315901792,1.7922523979454246,19.630012767657973,0.41744315732829007,350,229,350,74.23641574976091,0.6542857142857142,0.3827000000011793,1.241900000000129,2.4576156869089814,(gap/tau_g)^2+(speed/tau_v)^2+(lateral/tau_y)^2,False
Aware B=1,Proposed,service,4127,2.1,1,aware,none,0.2,0.55,2,0.6707034775748054,1.3898219704000505,0.16564066771595887,1.8226237243287693,19.66050994454031,0.4199819014553565,350,241,350,74.34823412462988,0.6885714285714286,0.3676499999993865,1.0694000000022186,2.4711547451003817,(gap/tau_g)^2+(speed/tau_v)^2+(lateral/tau_y)^2,False
Aware B=1,Proposed,service,4128,2.1,1,aware,none,0.2,0.55,2,0.6770517321650112,1.3931822724826084,0.16576810047572088,1.7270326976816488,19.45459974686883,0.3976744903080416,350,275,350,74.32487679325172,0.7857142857142857,0.4027999999998144,1.0158999999987373,2.4921923235864543,(gap/tau_g)^2+(speed/tau_v)^2+(lateral/tau_y)^2,False
Aware B=1,Proposed,service,4129,2.1,1,aware,none,0.2,0.55,2,0.666813933539521,1.3988553713300196,0.16544391723914048,1.866671922557592,19.552760580358154,0.40759249075731785,350,247,350,74.38659655965259,0.7057142857142857,0.39944999999974584,0.9844999999977233,2.4731303008057446,(gap/tau_g)^2+(speed/tau_v)^2+(lateral/tau_y)^2,False
Aware B=1,Proposed,service,4130,2.1,1,aware,none,0.2,0.55,2,0.6660586059482235,1.380208611578284,0.16599950762921323,1.6879515588603382,19.742815330201147,0.4584267800682045,350,241,350,74.28687596188585,0.6885714285714286,0.395549999998579,0.6817999999988444,2.4495051327459274,(gap/tau_g)^2+(speed/tau_v)^2+(lateral/tau_y)^2,False
Aware B=1,Proposed,service,4131,2.1,1,aware,none,0.2,0.55,2,0.6762034861052456,1.3913867206342312,0.16637170251727879,1.7700513676391627,19.867433106984677,0.40742971641887904,350,232,350,74.21391513190358,0.6628571428571428,0.36319999999889774,0.9484999999997967,2.492612693019508,(gap/tau_g)^2+(speed/tau_v)^2+(lateral/tau_y)^2,False
Aware B=1,Proposed,service,4132,2.1,1,aware,none,0.2,0.55,2,0.6659200599095575,1.3949835826779258,0.16641109707867802,1.8200115155420395,19.880632022942585,0.4241478229828449,350,254,350,74.20189518969782,0.7257142857142858,0.40685000000095783,0.7283999999998514,2.473517572541102,(gap/tau_g)^2+(speed/tau_v)^2+(lateral/tau_y)^2,False
Aware B=1,Proposed,service,4133,2.1,1,aware,none,0.2,0.55,2,0.672609626921899,1.3967504640132693,0.1668815383600532,1.7821988473838892,19.948542738630145,0.40942156874450386,350,256,350,74.11969132068869,0.7314285714285714,0.3915499999997962,1.2284999999998547,2.495872651988176,(gap/tau_g)^2+(speed/tau_v)^2+(lateral/tau_y)^2,False
Aware B=1,Proposed,service,4134,2.1,1,aware,none,0.2,0.55,2,0.6886945170934676,1.391009332765486,0.16671580394790084,1.8710023874610642,19.78961531363698,0.3787913476373308,350,261,350,74.14569821822992,0.7457142857142857,0.3636499999988274,0.9778000000011389,2.5252516577912414,(gap/tau_g)^2+(speed/tau_v)^2+(lateral/tau_y)^2,False
Aware B=1,Proposed,service,4135,2.1,1,aware,none,0.2,0.55,2,0.6693940300598363,1.3924062045481809,0.16652396473673345,1.6851101060463312,19.390448297188797,0.4383689485483445,350,250,350,74.18265979165055,0.7142857142857143,0.3899000000000541,0.9838000000002012,2.479038455050849,(gap/tau_g)^2+(speed/tau_v)^2+(lateral/tau_y)^2,False
Aware B=1,Proposed,service,4136,2.1,1,aware,none,0.2,0.55,2,0.6717172997601119,1.3857848666459014,0.16612643283180079,1.8205008302650454,19.788572309613926,0.4348314707565809,350,240,350,74.25771416058637,0.6857142857142857,0.40574999999876127,0.9827999999991732,2.4718862326920243,(gap/tau_g)^2+(speed/tau_v)^2+(lateral/tau_y)^2,False
Aware B=1,Proposed,service,4137,2.1,1,aware,none,0.2,0.55,2,0.6772084197369937,1.3707881744297998,0.16577339411891984,1.8053399766712186,20.26906470059304,0.4838425585382963,350,257,350,74.31999186153217,0.7342857142857143,0.40295000000156733,0.9897000000016476,2.461033526190218,(gap/tau_g)^2+(speed/tau_v)^2+(lateral/tau_y)^2,False
Aware B=1,Proposed,service,4138,2.1,1,aware,none,0.2,0.55,2,0.6872645046227448,1.396518175043355,0.16642157350417355,1.798646925996519,19.489812359641775,0.4492458168167237,350,260,350,74.20058753585806,0.7428571428571429,0.3833000000028619,0.8715999999999724,2.5271378737987273,(gap/tau_g)^2+(speed/tau_v)^2+(lateral/tau_y)^2,False
Aware B=1,Proposed,service,4139,2.1,1,aware,none,0.2,0.55,2,0.6698998797999591,1.401566189505904,0.16667387737541425,1.771202774120857,19.84671821332553,0.45067270741389776,350,254,350,74.15373928593273,0.7257142857142858,0.38344999999928575,0.8189999999999031,2.4945491537681654,(gap/tau_g)^2+(speed/tau_v)^2+(lateral/tau_y)^2,False
Aware B=1,Proposed,service,4140,2.1,1,aware,none,0.2,0.55,2,0.6601806656766762,1.3784500769995232,0.16536092253632073,1.7873213536312325,19.49604462168181,0.4648012900351707,350,233,350,74.39394198817176,0.6657142857142857,0.4087500000000688,0.7461000000006379,2.427881221771089,(gap/tau_g)^2+(speed/tau_v)^2+(lateral/tau_y)^2,False
Aware B=1,Proposed,service,4141,2.1,1,aware,none,0.2,0.55,2,0.6693513970806396,1.3930861804880548,0.16628346264704633,1.7782683470981795,19.807103284202974,0.43662034423674334,350,250,350,74.22366331136956,0.7142857142857143,0.3663500000001818,1.1970999999988408,2.477902327986955,(gap/tau_g)^2+(speed/tau_v)^2+(lateral/tau_y)^2,False
Aware B=1,Proposed,service,4142,2.1,1,aware,none,0.2,0.55,2,0.684804144498157,1.3891013107517705,0.16626250902199521,1.7352733409764751,19.4708508143952,0.3980533118235061,350,257,350,74.22969952767498,0.7342857142857143,0.4106000000003718,0.9399999999999409,2.509272423373999,(gap/tau_g)^2+(speed/tau_v)^2+(lateral/tau_y)^2,False
Aware B=1,Proposed,service,4143,2.1,1,aware,none,0.2,0.55,2,0.6741689191099709,1.393533341526063,0.16599895821975322,1.6740303557285445,19.7489228290137,0.4666465252597104,350,253,350,74.2824905051891,0.7228571428571429,0.40210000000051593,0.819099999997519,2.48768123903068,(gap/tau_g)^2+(speed/tau_v)^2+(lateral/tau_y)^2,False
Aware B=1,Proposed,service,4144,2.1,1,aware,none,0.2,0.55,2,0.6709981834731868,1.384008196329004,0.16605686891786026,1.7801748606448338,19.793693824596758,0.4420689061597378,350,242,350,74.27311046810581,0.6914285714285714,0.3888500000002182,0.6947000000003811,2.4670812481369415,(gap/tau_g)^2+(speed/tau_v)^2+(lateral/tau_y)^2,False
Aware B=1,Proposed,service,4145,2.1,1,aware,none,0.2,0.55,2,0.6709467633777322,1.3881676360929505,0.16605302115954787,1.8016645865347696,19.734810891343237,0.4497844570145293,350,249,350,74.27245016068528,0.7114285714285714,0.40339999999972065,0.7877000000000578,2.472809638666388,(gap/tau_g)^2+(speed/tau_v)^2+(lateral/tau_y)^2,False
Aware B=1,Proposed,service,4146,2.1,1,aware,none,0.2,0.55,2,0.6740021333718991,1.3931329360500209,0.1665598283311569,1.9289268840246547,19.247989912202733,0.3379731474117481,350,245,350,74.17790762891971,0.7,0.3980499999993725,0.9083999999965897,2.491375268751712,(gap/tau_g)^2+(speed/tau_v)^2+(lateral/tau_y)^2,False
Aware B=1,Proposed,service,4147,2.1,1,aware,none,0.2,0.55,2,0.682111283827478,1.3847935804259506,0.16634297698644757,1.7857457778631165,19.465553130979835,0.4199903745650281,350,211,350,74.22268582735275,0.6028571428571429,0.3742000000013235,0.9982999999991193,2.497301154468475,(gap/tau_g)^2+(speed/tau_v)^2+(lateral/tau_y)^2,False
Aware B=1,Proposed,service,4148,2.1,1,aware,none,0.2,0.55,2,0.6762078068654489,1.3944035213191261,0.1665017151649306,1.8552617345765605,19.809290377640203,0.4086621773252831,350,243,350,74.18566476632041,0.6942857142857143,0.3899000000000541,0.6118000000014945,2.4979928690567097,(gap/tau_g)^2+(speed/tau_v)^2+(lateral/tau_y)^2,False
Aware B=1,Proposed,service,4149,2.1,1,aware,none,0.2,0.55,2,0.6713337540626818,1.391195749194265,0.16578616011255368,1.7786151756442379,19.570770417596925,0.4065413186445178,350,243,350,74.32072463738976,0.6942857142857143,0.40680000000037353,0.8228000000016777,2.4758132248546385,(gap/tau_g)^2+(speed/tau_v)^2+(lateral/tau_y)^2,False
Aware B=1,Proposed,service,4150,2.1,1,aware,none,0.2,0.55,2,0.6702936491847344,1.3838297018777588,0.1658461445870946,1.7227334264926246,19.816899088031285,0.4477202775555513,350,252,350,74.31348834283041,0.72,0.400599999998974,1.005100000000425,2.46340070874559,(gap/tau_g)^2+(speed/tau_v)^2+(lateral/tau_y)^2,False
Aware B=2,Proposed,service,4101,2.1,2,aware,none,0.2,0.55,2,0.6854023440499335,1.387256887925658,0.16611788607011516,1.8967796204388272,19.567920195378406,0.4579469900818015,700,502,700,148.50546671049838,0.7171428571428572,0.37850000000005934,0.6321999999983063,2.5069152033033237,(gap/tau_g)^2+(speed/tau_v)^2+(lateral/tau_y)^2,False
Aware B=2,Proposed,service,4102,2.1,2,aware,none,0.2,0.55,2,0.6896841549022475,1.3750886546699554,0.16647506394147404,1.8832522465569603,19.677989812148155,0.43509680298365727,700,478,700,148.37610008685564,0.6828571428571428,0.419100000002004,0.9753000000003453,2.503202960675785,(gap/tau_g)^2+(speed/tau_v)^2+(lateral/tau_y)^2,False
Aware B=2,Proposed,service,4103,2.1,2,aware,none,0.2,0.55,2,0.6885203226396011,1.3802956647810805,0.16632553858748444,1.8242515261002012,20.02580944299993,0.40117515461742614,700,487,700,148.42551046406564,0.6957142857142857,0.3833499999998935,1.3109000000000037,2.5064274121620373,(gap/tau_g)^2+(speed/tau_v)^2+(lateral/tau_y)^2,False
Aware B=2,Proposed,service,4104,2.1,2,aware,none,0.2,0.55,2,0.6758955325041119,1.3793970402987454,0.16595455159615044,1.8871413982919143,19.08121933760892,0.40547222964177343,700,483,700,148.56469786717673,0.69,0.3795999999987032,0.7641000000013776,2.471457306485806,(gap/tau_g)^2+(speed/tau_v)^2+(lateral/tau_y)^2,False
Aware B=2,Proposed,service,4105,2.1,2,aware,none,0.2,0.55,2,0.6797918048843155,1.3783611274983778,0.1657390946277689,1.8692500635193263,19.908413625120488,0.4197613001772861,700,509,700,148.656995907431,0.7271428571428571,0.4136999999992952,0.8365000000019052,2.4776035625458905,(gap/tau_g)^2+(speed/tau_v)^2+(lateral/tau_y)^2,False
Aware B=2,Proposed,service,4106,2.1,2,aware,none,0.2,0.55,2,0.6792940423321778,1.3812407826978204,0.16575894179458192,1.8868385954012057,20.13801879176504,0.42059563347534257,699,503,699,148.4329717234774,0.7195994277539342,0.3856000000013182,0.8028000000024349,2.48061981446379,(gap/tau_g)^2+(speed/tau_v)^2+(lateral/tau_y)^2,False
Aware B=2,Proposed,service,4107,2.1,2,aware,none,0.2,0.55,2,0.6788192042535476,1.400844391713812,0.1663763690196424,2.0335536641764507,19.131650345383726,0.2643090823836145,700,478,700,148.4053630773302,0.6828571428571428,0.42160000000102116,0.8458000000004517,2.5124260633011257,(gap/tau_g)^2+(speed/tau_v)^2+(lateral/tau_y)^2,False
Aware B=2,Proposed,service,4108,2.1,2,aware,none,0.2,0.55,2,0.6973066316449085,1.3756658497293042,0.16632075073399402,1.9858139093482845,19.821996274855657,0.4298469410970518,700,481,700,148.42977654682582,0.6871428571428572,0.4106499999991797,0.8518000000030668,2.5215243620460455,(gap/tau_g)^2+(speed/tau_v)^2+(lateral/tau_y)^2,False
Aware B=2,Proposed,service,4109,2.1,2,aware,none,0.2,0.55,2,0.6833523217868099,1.3878499991119366,0.16633425669399407,1.8543707913210625,20.13560843594047,0.4559678921352831,700,480,700,148.4316608794597,0.6857142857142857,0.3685500000010222,0.5746000000002027,2.5045648895761428,(gap/tau_g)^2+(speed/tau_v)^2+(lateral/tau_y)^2,False
Aware B=2,Proposed,service,4110,2.1,2,aware,none,0.2,0.55,2,0.6859697318270955,1.3762021806821336,0.1662658524040254,1.8904131877086323,19.41357182959586,0.45945431758956,700,500,700,148.46479197732376,0.7142857142857143,0.4042499999989957,0.9309000000001788,2.493941689497123,(gap/tau_g)^2+(speed/tau_v)^2+(lateral/tau_y)^2,False
Aware B=2,Proposed,service,4111,2.1,2,aware,none,0.2,0.55,2,0.6774070474793931,1.3923590897147673,0.166274459025147,1.8336438595851645,19.86739643470257,0.467946815845948,700,490,700,148.45193964211552,0.7,0.3887999999996339,0.6215000000011628,2.496081308663298,(gap/tau_g)^2+(speed/tau_v)^2+(lateral/tau_y)^2,False
Aware B=2,Proposed,service,4112,2.1,2,aware,none,0.2,0.55,2,0.6793321742660954,1.364475173498228,0.16505623780538484,1.8319865686880612,19.91053795945389,0.45867926719030383,700,537,700,148.91768600924166,0.7671428571428571,0.4653000000018892,1.1928999999994971,2.4514137562508553,(gap/tau_g)^2+(speed/tau_v)^2+(lateral/tau_y)^2,False
Aware B=2,Proposed,service,4113,2.1,2,aware,none,0.2,0.55,2,0.6892114254910023,1.3776812581083273,0.1665922597568026,1.969925674044601,19.758548423648598,0.43666649955349257,700,522,700,148.34174730541216,0.7457142857142857,0.36230000000081475,0.9554000000022711,2.5066612237064088,(gap/tau_g)^2+(speed/tau_v)^2+(lateral/tau_y)^2,False
Aware B=2,Proposed,service,4114,2.1,2,aware,none,0.2,0.55,2,0.6799474251023491,1.382896398158164,0.1659338265190387,1.863424853882322,19.940858255945763,0.445642926999155,700,512,700,148.57877797673626,0.7314285714285714,0.40530000000060795,1.066600000001472,2.4859837392341717,(gap/tau_g)^2+(speed/tau_v)^2+(lateral/tau_y)^2,False
Aware B=2,Proposed,service,4115,2.1,2,aware,none,0.2,0.55,2,0.6835648403615205,1.3769466554446967,0.16626489986114934,1.8397393390793955,19.85827047813708,0.44815358342545886,700,481,700,148.46037870265937,0.6871428571428572,0.404750000001286,1.7743000000010056,2.489124253562497,(gap/tau_g)^2+(speed/tau_v)^2+(lateral/tau_y)^2,False
Aware B=2,Proposed,service,4116,2.1,2,aware,none,0.2,0.55,2,0.6712438571732405,1.3815396802677904,0.1660001776290411,1.8169732110589032,19.998332356095524,0.4448406633642735,700,481,700,148.55369058221146,0.6871428571428572,0.401099999999488,1.8038999999987482,2.4637137972613066,(gap/tau_g)^2+(speed/tau_v)^2+(lateral/tau_y)^2,False
Aware B=2,Proposed,service,4117,2.1,2,aware,none,0.2,0.55,2,0.6798501523607015,1.3919183573548775,0.16670700541318717,1.8927374274460311,19.567963371303236,0.4665572857030811,700,510,700,148.2921310693948,0.7285714285714285,0.38610000000005584,0.7659000000010963,2.5049509465705153,(gap/tau_g)^2+(speed/tau_v)^2+(lateral/tau_y)^2,False
Aware B=2,Proposed,service,4118,2.1,2,aware,none,0.2,0.55,2,0.6796895557397292,1.382408472287395,0.16567685465767998,1.8335586382798827,19.39762635790796,0.4606552425210313,700,472,700,148.6636792373361,0.6742857142857143,0.3982999999987413,1.0086999999998625,2.482541669599176,(gap/tau_g)^2+(speed/tau_v)^2+(lateral/tau_y)^2,False
Aware B=2,Proposed,service,4119,2.1,2,aware,none,0.2,0.55,2,0.6849271132912095,1.3822032938291586,0.1662553540169585,1.9013267612282592,19.551606891429124,0.47490306886928113,700,532,700,148.4615113230896,0.76,0.40989999999929694,1.1310000000008813,2.4997590633579794,(gap/tau_g)^2+(speed/tau_v)^2+(lateral/tau_y)^2,False
Aware B=2,Proposed,service,4120,2.1,2,aware,none,0.2,0.55,2,0.6921074377416747,1.392918851033342,0.1663953272729389,1.8778506664587697,19.86319540860267,0.40709987038883255,699,481,699,148.19355455403982,0.6881258941344778,0.4621000000000208,1.443899999998166,2.533672922249794,(gap/tau_g)^2+(speed/tau_v)^2+(lateral/tau_y)^2,False
Aware B=2,Proposed,service,4121,2.1,2,aware,none,0.2,0.55,2,0.6726468178452791,1.3830873316305963,0.1659539982936318,1.8778612146185785,19.841141876304334,0.4242784208072673,700,469,700,148.57629382162432,0.67,0.37745000000022344,0.8102000000000942,2.4688654290751293,(gap/tau_g)^2+(speed/tau_v)^2+(lateral/tau_y)^2,False
Aware B=2,Proposed,service,4122,2.1,2,aware,none,0.2,0.55,2,0.6934556373740839,1.369117148929531,0.16593191945680152,1.8931840792798467,19.70483271642457,0.36081600506652556,700,475,700,148.57711063976714,0.6785714285714286,0.3612499999992025,0.9232000000025664,2.4996023556523825,(gap/tau_g)^2+(speed/tau_v)^2+(lateral/tau_y)^2,False
Aware B=2,Proposed,service,4123,2.1,2,aware,none,0.2,0.55,2,0.6863683718076456,1.3874669672248552,0.16588944322701418,1.8257950626274975,20.02303920905438,0.45011087051311804,700,482,700,148.5872494465527,0.6885714285714286,0.3980500000011489,0.799799999999351,2.50767234521986,(gap/tau_g)^2+(speed/tau_v)^2+(lateral/tau_y)^2,False
Aware B=2,Proposed,service,4124,2.1,2,aware,none,0.2,0.55,2,0.6875821079868064,1.3644350747025136,0.16488423751845785,1.8211864435178415,19.712039742296014,0.4502626600023949,700,522,700,148.97113863755752,0.7457142857142857,0.40754999999847996,1.5247000000009336,2.4699870953173826,(gap/tau_g)^2+(speed/tau_v)^2+(lateral/tau_y)^2,False
Aware B=2,Proposed,service,4125,2.1,2,aware,none,0.2,0.55,2,0.679840626650234,1.3848097531331331,0.16550576388840738,1.8680738331369544,19.979820573471223,0.45676003449066616,700,487,700,148.73499912558523,0.6957142857142857,0.43639999999989243,2.0205000000004247,2.484880480922971,(gap/tau_g)^2+(speed/tau_v)^2+(lateral/tau_y)^2,False
Aware B=2,Proposed,service,4126,2.1,2,aware,none,0.2,0.55,2,0.6792715337368501,1.3768885353544,0.16620775257044168,1.8695219857619148,20.043907224025084,0.45077629468083114,700,497,700,148.48371455284655,0.71,0.41704999999936376,0.9263999999973294,2.478165685905522,(gap/tau_g)^2+(speed/tau_v)^2+(lateral/tau_y)^2,False
Aware B=2,Proposed,service,4127,2.1,2,aware,none,0.2,0.55,2,0.6749262219191918,1.3899051629957575,0.16563035986155955,1.8002922814867595,19.70095579436206,0.47319089381135826,700,485,700,148.6889080263627,0.6928571428571428,0.4837499999990058,1.354099999996805,2.481289141980767,(gap/tau_g)^2+(speed/tau_v)^2+(lateral/tau_y)^2,False
Aware B=2,Proposed,service,4128,2.1,2,aware,none,0.2,0.55,2,0.6870915207376881,1.3862562859858567,0.16576932505721614,1.6853656292749866,19.790662967746513,0.45605782066127953,700,523,700,148.64276002380117,0.7471428571428571,0.40839999999953136,1.3567999999999358,2.506728792914183,(gap/tau_g)^2+(speed/tau_v)^2+(lateral/tau_y)^2,False
Aware B=2,Proposed,service,4129,2.1,2,aware,none,0.2,0.55,2,0.682050884668103,1.38725428983647,0.1654655116171428,1.8816877474794633,19.66110187550092,0.4595931553802932,700,505,700,148.7569072144945,0.7214285714285714,0.44744999999934976,1.4388000000025158,2.4933561206208794,(gap/tau_g)^2+(speed/tau_v)^2+(lateral/tau_y)^2,False
Aware B=2,Proposed,service,4130,2.1,2,aware,none,0.2,0.55,2,0.668623519383427,1.3827882738112314,0.16591348454712515,1.8832315875381709,19.64437000931315,0.4278522302006924,700,472,700,148.59198995844554,0.6742857142857143,0.5128000000009791,0.9672000000016112,2.458513803331567,(gap/tau_g)^2+(speed/tau_v)^2+(lateral/tau_y)^2,False
Aware B=2,Proposed,service,4131,2.1,2,aware,none,0.2,0.55,2,0.6939368580048705,1.3794301674185134,0.16637175829489892,1.9422018706334865,19.709604549495012,0.36601339771087293,700,464,700,148.42584393025746,0.6628571428571428,0.4044000000007486,1.6132999999989295,2.5189054288587016,(gap/tau_g)^2+(speed/tau_v)^2+(lateral/tau_y)^2,False
Aware B=2,Proposed,service,4132,2.1,2,aware,none,0.2,0.55,2,0.6799149165742787,1.3837481245233312,0.1664272481462844,1.8622077033334146,19.750650307748806,0.43032268338214774,700,504,700,148.4015498657322,0.72,0.41384999999927174,1.5910999999988462,2.491207259535668,(gap/tau_g)^2+(speed/tau_v)^2+(lateral/tau_y)^2,False
Aware B=2,Proposed,service,4133,2.1,2,aware,none,0.2,0.55,2,0.6918303378382562,1.3883077031979367,0.16685437333085176,1.8592657579384895,19.386705742625573,0.468207632746393,700,501,700,148.2393446299164,0.7157142857142857,0.4110499999985251,1.4387999999989631,2.530272400873495,(gap/tau_g)^2+(speed/tau_v)^2+(lateral/tau_y)^2,False
Aware B=2,Proposed,service,4134,2.1,2,aware,none,0.2,0.55,2,0.6928035104973094,1.3835511809268413,0.16673287901157005,1.8822568123405068,19.861670481770737,0.43972176636640103,700,504,700,148.28305993921924,0.72,0.4542500000006555,1.3149000000005628,2.524927971805563,(gap/tau_g)^2+(speed/tau_v)^2+(lateral/tau_y)^2,False
Aware B=2,Proposed,service,4135,2.1,2,aware,none,0.2,0.55,2,0.6820430380180533,1.3807683560627932,0.16649944652809825,1.7951924748582675,20.125027417973357,0.4811267970666634,700,475,700,148.36992183511876,0.6785714285714286,0.414900000000884,1.524599999999765,2.49275804422313,(gap/tau_g)^2+(speed/tau_v)^2+(lateral/tau_y)^2,False
Aware B=2,Proposed,service,4136,2.1,2,aware,none,0.2,0.55,2,0.677933097737528,1.375600316220858,0.16610898919283676,1.7939587096975886,19.771889109731397,0.4822404005383436,700,478,700,148.5140739037654,0.6828571428571428,0.40560000000056107,1.2501000000000317,2.4723066922855392,(gap/tau_g)^2+(speed/tau_v)^2+(lateral/tau_y)^2,False
Aware B=2,Proposed,service,4137,2.1,2,aware,none,0.2,0.55,2,0.6869641474589069,1.3605590013649533,0.16579741739822731,1.895297815319798,19.85885692497496,0.474444588458377,700,517,700,148.63111557197863,0.7385714285714285,0.4192500000002042,1.8951999999998748,2.470637402690048,(gap/tau_g)^2+(speed/tau_v)^2+(lateral/tau_y)^2,False
Aware B=2,Proposed,service,4138,2.1,2,aware,none,0.2,0.55,2,0.6811973363467843,1.391198372997773,0.16634853962722562,1.8103815984052072,20.05771995724941,0.40626357725847495,700,511,700,148.41794320485366,0.73,0.5256500000001552,1.468899999998996,2.5042035741616084,(gap/tau_g)^2+(speed/tau_v)^2+(lateral/tau_y)^2,False
Aware B=2,Proposed,service,4139,2.1,2,aware,none,0.2,0.55,2,0.6737635077129853,1.3978568509877007,0.16666619386338072,1.8992980040025682,19.59448584569835,0.45131549118773573,700,519,700,148.30587523260027,0.7414285714285714,0.4103499999992266,1.3225000000005593,2.4984163429676274,(gap/tau_g)^2+(speed/tau_v)^2+(lateral/tau_y)^2,False
Aware B=2,Proposed,service,4140,2.1,2,aware,none,0.2,0.55,2,0.6704760583698406,1.3695289917449787,0.16536721032429597,1.8067132514731212,19.95945139747902,0.4518261390223498,700,502,700,148.7849680534145,0.7171428571428572,0.41204999999955305,1.4755999999991332,2.439780484122508,(gap/tau_g)^2+(speed/tau_v)^2+(lateral/tau_y)^2,False
Aware B=2,Proposed,service,4141,2.1,2,aware,none,0.2,0.55,2,0.6804288848717617,1.387289112069554,0.16624652869264955,1.8460421800778783,19.811346926205374,0.46690296565953593,700,485,700,148.4518841998258,0.6928571428571428,0.41795000000099947,1.4548000000011996,2.49595344797022,(gap/tau_g)^2+(speed/tau_v)^2+(lateral/tau_y)^2,False
Aware B=2,Proposed,service,4142,2.1,2,aware,none,0.2,0.55,2,0.6819246654132922,1.3888653573015084,0.16629014499084255,1.7732829529727108,19.926348604265627,0.4263034751583795,700,502,700,148.45170161532278,0.7171428571428572,0.4419500000008014,1.624500000001916,2.502171374037533,(gap/tau_g)^2+(speed/tau_v)^2+(lateral/tau_y)^2,False
Aware B=2,Proposed,service,4143,2.1,2,aware,none,0.2,0.55,2,0.6790915783013726,1.3892593048587647,0.16600818121379285,1.8644947747856113,19.514713129101345,0.40185117160853556,700,493,700,148.5574748535299,0.7042857142857143,0.4287499999993116,1.3740999999996006,2.4935324637049523,(gap/tau_g)^2+(speed/tau_v)^2+(lateral/tau_y)^2,False
Aware B=2,Proposed,service,4144,2.1,2,aware,none,0.2,0.55,2,0.6757621984723144,1.3822999999825154,0.16604501972401559,1.805180756116893,19.69236850946683,0.4313611451466165,700,466,700,148.54377331379112,0.6657142857142857,0.37479999999945335,1.4049999999983243,2.475978151032429,(gap/tau_g)^2+(speed/tau_v)^2+(lateral/tau_y)^2,False
Aware B=2,Proposed,service,4145,2.1,2,aware,none,0.2,0.55,2,0.67221167369081,1.3879824248239934,0.1660667670386537,1.894096369436472,19.84029325207075,0.4174820494232131,700,477,700,148.5334803071515,0.6814285714285714,0.4372000000003595,1.165500000002595,2.475681836741108,(gap/tau_g)^2+(speed/tau_v)^2+(lateral/tau_y)^2,False
Aware B=2,Proposed,service,4146,2.1,2,aware,none,0.2,0.55,2,0.6822911294255098,1.3827283876591228,0.16652751790001888,1.874428264811283,19.679565310198406,0.4204886252748775,700,487,700,148.3581967619195,0.6957142857142857,0.3970500000001209,1.1721999999991795,2.4963570400928496,(gap/tau_g)^2+(speed/tau_v)^2+(lateral/tau_y)^2,False
Aware B=2,Proposed,service,4147,2.1,2,aware,none,0.2,0.55,2,0.6949745155883563,1.3781196564720601,0.16629245125102607,1.8946601870051325,19.662767635581332,0.41176040111904544,700,445,700,148.4432192790269,0.6357142857142857,0.4279000000000366,1.7879999999976803,2.5189642473332,(gap/tau_g)^2+(speed/tau_v)^2+(lateral/tau_y)^2,False
Aware B=2,Proposed,service,4148,2.1,2,aware,none,0.2,0.55,2,0.6856846216233902,1.3850407812677392,0.16650843078984676,1.7752579495252103,20.164946204487386,0.42758227628811163,700,501,700,148.36694084118537,0.7157142857142857,0.3990999999992084,1.3640999999999792,2.507716343224142,(gap/tau_g)^2+(speed/tau_v)^2+(lateral/tau_y)^2,False
Aware B=2,Proposed,service,4149,2.1,2,aware,none,0.2,0.55,2,0.6721164161696345,1.3912417980691707,0.16571693837839374,1.8544166995730884,19.89048579840651,0.4454075401975215,700,519,700,148.6539976631374,0.7414285714285714,0.4960499999988599,1.2048000000000059,2.477174191487894,(gap/tau_g)^2+(speed/tau_v)^2+(lateral/tau_y)^2,False
Aware B=2,Proposed,service,4150,2.1,2,aware,none,0.2,0.55,2,0.6795336415741072,1.3800428192497176,0.16585489031251072,1.7642305722705263,19.97986798409557,0.44954220865905237,700,477,700,148.61145526227816,0.6814285714285714,0.409850000000489,1.5679000000012877,2.480306346560605,(gap/tau_g)^2+(speed/tau_v)^2+(lateral/tau_y)^2,False
Aware B=3,Proposed,service,4101,2.1,3,aware,none,0.2,0.55,2,0.6846792137137298,1.38539620404708,0.16615596389067208,1.8651438977909212,19.67885680157913,0.4839321601600989,1050,774,1050,222.7469003262703,0.7371428571428571,0.4147999999997154,1.1340999999980284,2.5028380223215425,(gap/tau_g)^2+(speed/tau_v)^2+(lateral/tau_y)^2,False
Aware B=3,Proposed,service,4102,2.1,3,aware,none,0.2,0.55,2,0.683122182572085,1.3805392704817274,0.16649611986027749,1.8887693277027355,19.701163389304156,0.471332297186162,1050,707,1050,222.55672114724698,0.6733333333333333,0.4034999999991129,1.3936000000001059,2.4950266484365216,(gap/tau_g)^2+(speed/tau_v)^2+(lateral/tau_y)^2,False
Aware B=3,Proposed,service,4103,2.1,3,aware,none,0.2,0.55,2,0.6784227986836326,1.3821357489091919,0.1663203981894813,1.945646052041594,20.014028872401227,0.4237290682164019,1050,755,1050,222.6539215623936,0.719047619047619,0.43714999999799886,1.1646000000027357,2.484439879310231,(gap/tau_g)^2+(speed/tau_v)^2+(lateral/tau_y)^2,False
Aware B=3,Proposed,service,4104,2.1,3,aware,none,0.2,0.55,2,0.672441989325402,1.376081323186933,0.16595084491172604,1.8394962767701017,19.868270488454428,0.4771008088407692,1050,762,1050,222.85696154983216,0.7257142857142858,0.3991500000015691,1.8108000000012225,2.4584868313306587,(gap/tau_g)^2+(speed/tau_v)^2+(lateral/tau_y)^2,False
Aware B=3,Proposed,service,4105,2.1,3,aware,none,0.2,0.55,2,0.6796304452182208,1.376298978110372,0.16575699876362696,1.7999255902651399,19.898334656314645,0.4900010798822393,1050,760,1050,222.96777005666613,0.7238095238095238,0.38839999999851216,0.920000000000698,2.4744637504206555,(gap/tau_g)^2+(speed/tau_v)^2+(lateral/tau_y)^2,False
Aware B=3,Proposed,service,4106,2.1,3,aware,none,0.2,0.55,2,0.6817584710496833,1.3764769536170236,0.16574691632636623,1.7934211028353775,19.719718993474906,0.48575098938105565,1048,747,1048,222.54470339881078,0.7127862595419847,0.4038000000008424,1.040999999997183,2.4797805018867356,(gap/tau_g)^2+(speed/tau_v)^2+(lateral/tau_y)^2,False
Aware B=3,Proposed,service,4107,2.1,3,aware,none,0.2,0.55,2,0.6772477035828222,1.3949895936458991,0.16636790874314236,1.9150604847283825,19.61064540925056,0.46704625675654643,1050,737,1050,222.61340670281112,0.7019047619047619,0.36539999999973816,1.5149000000000967,2.500215581613909,(gap/tau_g)^2+(speed/tau_v)^2+(lateral/tau_y)^2,False
Aware B=3,Proposed,service,4108,2.1,3,aware,none,0.2,0.55,2,0.6849172263047014,1.3815380172377818,0.16631340357827779,1.8674842985947246,19.999820156277693,0.47570598108290474,1050,724,1050,222.6505210815769,0.6895238095238095,0.4031999999991598,1.1888000000013221,2.499279534592647,(gap/tau_g)^2+(speed/tau_v)^2+(lateral/tau_y)^2,False
Aware B=3,Proposed,service,4109,2.1,3,aware,none,0.2,0.55,2,0.6846215689910332,1.383460675179842,0.16635216002513134,1.8294353977559137,20.00591326039789,0.46918041777203423,1050,720,1050,222.64715842654695,0.6857142857142857,0.37865000000181226,1.1237999999984538,2.501594330318622,(gap/tau_g)^2+(speed/tau_v)^2+(lateral/tau_y)^2,False
Aware B=3,Proposed,service,4110,2.1,3,aware,none,0.2,0.55,2,0.6798377493780834,1.3797603107173049,0.16625352713190625,1.8623455961879545,20.04298421980244,0.47689575201312584,1049,755,1049,222.48379858798336,0.7197330791229742,0.3875499999992371,1.0312999999975148,2.483953248121757,(gap/tau_g)^2+(speed/tau_v)^2+(lateral/tau_y)^2,False
Aware B=3,Proposed,service,4111,2.1,3,aware,none,0.2,0.55,2,0.6805333928240849,1.389822897743919,0.1662606492936221,1.8391393912792664,20.083595820915257,0.47456197491406116,1050,742,1050,222.6849994091765,0.7066666666666667,0.3876500000004057,2.258100000002372,2.4999137892096064,(gap/tau_g)^2+(speed/tau_v)^2+(lateral/tau_y)^2,False
Aware B=3,Proposed,service,4112,2.1,3,aware,none,0.2,0.55,2,0.6777424778155577,1.3677543712273454,0.16504483667561817,1.7999355861636583,19.746893479819065,0.4877099882746213,1050,785,1050,223.37167220135274,0.7476190476190476,0.40640000000102816,1.313800000001919,2.4520555869165683,(gap/tau_g)^2+(speed/tau_v)^2+(lateral/tau_y)^2,False
Aware B=3,Proposed,service,4113,2.1,3,aware,none,0.2,0.55,2,0.6804053624128595,1.3834456873108554,0.1665847135009068,1.9150808701240523,19.915273135968853,0.4710115032710547,1050,769,1050,222.5033686197353,0.7323809523809524,0.40809999999957824,0.7397999999980698,2.493277282992038,(gap/tau_g)^2+(speed/tau_v)^2+(lateral/tau_y)^2,False
Aware B=3,Proposed,service,4114,2.1,3,aware,none,0.2,0.55,2,0.6774744194889198,1.383141109004008,0.1659376381827532,1.8133710357578479,19.99464991157553,0.481934875894772,1050,746,1050,222.8638804386214,0.7104761904761905,0.4082499999995548,0.9909000000014601,2.4803928671423883,(gap/tau_g)^2+(speed/tau_v)^2+(lateral/tau_y)^2,False
Aware B=3,Proposed,service,4115,2.1,3,aware,none,0.2,0.55,2,0.6822883247976587,1.3767458686286131,0.16625541899999197,1.8690453748484541,19.722686324025652,0.4547091975615868,1050,741,1050,222.6893919918423,0.7057142857142857,0.37015000000018006,0.6816999999976758,2.4856637307135516,(gap/tau_g)^2+(speed/tau_v)^2+(lateral/tau_y)^2,False
Aware B=3,Proposed,service,4116,2.1,3,aware,none,0.2,0.55,2,0.670273245113777,1.3842274346167192,0.16603089312878194,1.7732298747735649,20.03392609784715,0.4867929556129138,1050,742,1050,222.81214237102535,0.7066666666666667,0.3853500000019494,0.9113999999996736,2.4654466337450636,(gap/tau_g)^2+(speed/tau_v)^2+(lateral/tau_y)^2,False
Aware B=3,Proposed,service,4117,2.1,3,aware,none,0.2,0.55,2,0.6903690337852709,1.3868441815964787,0.16670477885029986,1.8670820311636815,19.21894507207226,0.4724094411269468,1050,786,1050,222.43180542617768,0.7485714285714286,0.4426500000000999,0.7098999999968214,2.5233619648483536,(gap/tau_g)^2+(speed/tau_v)^2+(lateral/tau_y)^2,False
Aware B=3,Proposed,service,4118,2.1,3,aware,none,0.2,0.55,2,0.6888855046589655,1.37200143809512,0.16567524908173367,1.8016239461808652,19.780350128150076,0.4728093738236794,1050,724,1050,223.00675078326532,0.6895238095238095,0.3708000000006706,1.0247999999997148,2.490277196899119,(gap/tau_g)^2+(speed/tau_v)^2+(lateral/tau_y)^2,False
Aware B=3,Proposed,service,4119,2.1,3,aware,none,0.2,0.55,2,0.6805113050325892,1.3867706582371104,0.1662551446568158,1.832044265912732,19.51580769063215,0.4436232754953576,1050,769,1050,222.69132530420057,0.7323809523809524,0.419950000001279,2.186900000001657,2.4954906932336094,(gap/tau_g)^2+(speed/tau_v)^2+(lateral/tau_y)^2,False
Aware B=3,Proposed,service,4120,2.1,3,aware,none,0.2,0.55,2,0.6764815676478286,1.3989085153272658,0.16639470517463284,1.8919297154322334,19.831496281987107,0.46993834402739276,1048,743,1048,222.18403400309404,0.708969465648855,0.39640000000140674,0.6916999999972973,2.50418095641446,(gap/tau_g)^2+(speed/tau_v)^2+(lateral/tau_y)^2,False
Aware B=3,Proposed,service,4121,2.1,3,aware,none,0.2,0.55,2,0.6786821307532721,1.3801606368864783,0.16599390612578444,1.955220786559006,19.895373864793633,0.4717934668351922,1050,710,1050,222.83921702080215,0.6761904761904762,0.40815000000016255,1.058199999999232,2.479569508035048,(gap/tau_g)^2+(speed/tau_v)^2+(lateral/tau_y)^2,False
Aware B=3,Proposed,service,4122,2.1,3,aware,none,0.2,0.55,2,0.6835564292524439,1.3699214530251609,0.16590916107210651,1.9019227492418949,20.064416442050423,0.41608980088824987,1049,727,1049,222.6693708875467,0.6930409914204004,0.4134999999987343,1.0124000000004685,2.4763040674191488,(gap/tau_g)^2+(speed/tau_v)^2+(lateral/tau_y)^2,False
Aware B=3,Proposed,service,4123,2.1,3,aware,none,0.2,0.55,2,0.669666837647828,1.3942308761403701,0.1658806320045409,1.8439528602255122,20.045181880198044,0.4215047908576889,1050,747,1050,222.89021269469694,0.7114285714285714,0.41494999999969195,1.190199999999919,2.4769359523710164,(gap/tau_g)^2+(speed/tau_v)^2+(lateral/tau_y)^2,False
Aware B=3,Proposed,service,4124,2.1,3,aware,none,0.2,0.55,2,0.6836422867795058,1.3654867270586626,0.16487554594723397,1.8313121593415964,19.83415726440448,0.48053151082570067,1049,772,1049,223.24486181700425,0.7359389895138226,0.3771500000002703,0.8980999999970152,2.4617759723442134,(gap/tau_g)^2+(speed/tau_v)^2+(lateral/tau_y)^2,False
Aware B=3,Proposed,service,4125,2.1,3,aware,none,0.2,0.55,2,0.6826118898140199,1.3809174757422478,0.16550960309029641,1.8869908638481652,19.98627142802546,0.4732455539600764,1050,732,1050,223.1034632875121,0.6971428571428572,0.42034999999884803,1.1927000000007126,2.4861322975848372,(gap/tau_g)^2+(speed/tau_v)^2+(lateral/tau_y)^2,False
Aware B=3,Proposed,service,4126,2.1,3,aware,none,0.2,0.55,2,0.6797406837042177,1.374411990630546,0.1662186327986036,1.9066308937367547,20.112479567038676,0.4370825458257487,1050,754,1050,222.7147939154622,0.7180952380952381,0.4067500000015656,0.7983999999972013,2.475913197146013,(gap/tau_g)^2+(speed/tau_v)^2+(lateral/tau_y)^2,False
Aware B=3,Proposed,service,4127,2.1,3,aware,none,0.2,0.55,2,0.6715931073481067,1.3886857603082354,0.1656228822854216,1.8790886576790442,19.48307585843736,0.4688125154583026,1050,750,1050,223.0386112490261,0.7142857142857143,0.39914999999801637,1.3225000000005593,2.471519683264133,(gap/tau_g)^2+(speed/tau_v)^2+(lateral/tau_y)^2,False
Aware B=3,Proposed,service,4128,2.1,3,aware,none,0.2,0.55,2,0.6866800460255217,1.3842514999419278,0.16578267943107336,1.743235401207931,19.891037591551566,0.48094586561995667,1050,766,1050,222.95352405397557,0.7295238095238096,0.40495000000007053,0.7671999999985246,2.503000742236527,(gap/tau_g)^2+(speed/tau_v)^2+(lateral/tau_y)^2,False
Aware B=3,Proposed,service,4129,2.1,3,aware,none,0.2,0.55,2,0.685881410204861,1.3834430773795818,0.1654430796383706,1.951404340987605,19.915978311696925,0.4566551497257413,1050,767,1050,223.14564505092733,0.7304761904761905,0.4022500000004925,0.6280000000025154,2.497098313936518,(gap/tau_g)^2+(speed/tau_v)^2+(lateral/tau_y)^2,False
Aware B=3,Proposed,service,4130,2.1,3,aware,none,0.2,0.55,2,0.6731286113894247,1.3776124477351328,0.16593687073531826,1.8338013797433466,19.67317970063192,0.4883480723328444,1050,716,1050,222.88171592122495,0.6819047619047619,0.3734500000014407,0.48310000000029163,2.4621645180557743,(gap/tau_g)^2+(speed/tau_v)^2+(lateral/tau_y)^2,False
Aware B=3,Proposed,service,4131,2.1,3,aware,none,0.2,0.55,2,0.6778452608948407,1.3875147595123376,0.1663449980566977,1.8528599862259698,19.770787625241297,0.4871353286928255,1050,731,1050,222.64900160738364,0.6961904761904761,0.40724999999852685,1.2673999999996965,2.4908529510269775,(gap/tau_g)^2+(speed/tau_v)^2+(lateral/tau_y)^2,False
Aware B=3,Proposed,service,4132,2.1,3,aware,none,0.2,0.55,2,0.6786024286134567,1.3838960549956614,0.16638549490976146,1.785281480576403,20.083359816405775,0.49447688372348564,1050,766,1050,222.61226596408022,0.7295238095238096,0.3891500000001713,0.6295999999998969,2.4878989017764326,(gap/tau_g)^2+(speed/tau_v)^2+(lateral/tau_y)^2,False
Aware B=3,Proposed,service,4133,2.1,3,aware,none,0.2,0.55,2,0.6894877516034645,1.3850384435977996,0.16684426003719052,1.8603033930875168,19.803893076832757,0.4680392968771888,1050,759,1050,222.37081813130874,0.7228571428571429,0.37645000000097184,0.8227000000005091,2.519809484350698,(gap/tau_g)^2+(speed/tau_v)^2+(lateral/tau_y)^2,False
Aware B=3,Proposed,service,4134,2.1,3,aware,none,0.2,0.55,2,0.6921609698762433,1.3841988904145233,0.1667027801407475,1.9175266280020948,19.999302286117512,0.4744385471485275,1050,736,1050,222.42847337848164,0.700952380952381,0.43409999999965976,0.9939999999986071,2.524009675489663,(gap/tau_g)^2+(speed/tau_v)^2+(lateral/tau_y)^2,False
Aware B=3,Proposed,service,4135,2.1,3,aware,none,0.2,0.55,2,0.6774036053202251,1.3824389996641142,0.16650141133260973,1.7713477472433072,20.131590179056147,0.4663494450981095,1050,736,1050,222.55229377786065,0.700952380952381,0.3932000000013147,0.9632000000010521,2.483917120804043,(gap/tau_g)^2+(speed/tau_v)^2+(lateral/tau_y)^2,False
Aware B=3,Proposed,service,4136,2.1,3,aware,none,0.2,0.55,2,0.6734402458072387,1.3801988402003056,0.16609137589050832,1.9284299133157583,19.750046508846395,0.4432733684793495,1050,726,1050,222.782467006754,0.6914285714285714,0.40079999999953486,0.612000000000279,2.4678322163032393,(gap/tau_g)^2+(speed/tau_v)^2+(lateral/tau_y)^2,False
Aware B=3,Proposed,service,4137,2.1,3,aware,none,0.2,0.55,2,0.6796547647226764,1.3660253161588087,0.16576742129052335,1.894833104552212,20.255602823854304,0.4815029156772034,1050,777,1050,222.95407668540926,0.74,0.4112999999978939,0.8977000000029989,2.4602345584836525,(gap/tau_g)^2+(speed/tau_v)^2+(lateral/tau_y)^2,False
Aware B=3,Proposed,service,4138,2.1,3,aware,none,0.2,0.55,2,0.6813070199916086,1.3892047915051777,0.1663576065495783,1.7391426010317872,20.00746882596446,0.49199667955837756,1050,743,1050,222.6323702624041,0.7076190476190476,0.40964999999815177,0.9249000000011165,2.5017166277281673,(gap/tau_g)^2+(speed/tau_v)^2+(lateral/tau_y)^2,False
Aware B=3,Proposed,service,4139,2.1,3,aware,none,0.2,0.55,2,0.6775321967090429,1.3957203558569806,0.1666450324273375,1.9213720507820393,19.64500258878966,0.4706882123118803,1050,763,1050,222.46304858233648,0.7266666666666667,0.4646000000025907,1.2761999999995055,2.5042484092875785,(gap/tau_g)^2+(speed/tau_v)^2+(lateral/tau_y)^2,False
Aware B=3,Proposed,service,4140,2.1,3,aware,none,0.2,0.55,2,0.6729874363291232,1.3666341108317057,0.1653622280824284,1.8818278540558762,19.687058596871573,0.4881403636917788,1050,754,1050,223.1766916491965,0.7180952380952381,0.4267500000008084,0.7502999999999815,2.44169615518432,(gap/tau_g)^2+(speed/tau_v)^2+(lateral/tau_y)^2,False
Aware B=3,Proposed,service,4141,2.1,3,aware,none,0.2,0.55,2,0.6792390915505105,1.3857235735899027,0.16626218017109717,1.9002806268196832,19.92678321147327,0.4171731414588642,1050,735,1050,222.67461397202132,0.7,0.4131999999987812,0.9093000000000018,2.490992673148887,(gap/tau_g)^2+(speed/tau_v)^2+(lateral/tau_y)^2,False
Aware B=3,Proposed,service,4142,2.1,3,aware,none,0.2,0.55,2,0.6803820635671832,1.3850822074340992,0.16627424491009532,1.8466705672287869,20.021185585079202,0.47885486440076963,1050,754,1050,222.6847173759472,0.7180952380952381,0.44990000000133534,1.4037999999985118,2.492948970616532,(gap/tau_g)^2+(speed/tau_v)^2+(lateral/tau_y)^2,False
Aware B=3,Proposed,service,4143,2.1,3,aware,none,0.2,0.55,2,0.6838315260497878,1.3812695535648774,0.16597969362790585,1.6915513063023058,20.08256991626517,0.49244226666238455,1050,742,1050,222.84944353280372,0.7066666666666667,0.4769499999994764,0.8504000000009171,2.4934870033172714,(gap/tau_g)^2+(speed/tau_v)^2+(lateral/tau_y)^2,False
Aware B=3,Proposed,service,4144,2.1,3,aware,none,0.2,0.55,2,0.6739017191964881,1.3821927242710679,0.16602804880694455,1.8176140318453342,19.883184252502005,0.47408416374412743,1050,711,1050,222.82314805585048,0.6771428571428572,0.3887499999990496,0.7465999999993755,2.4712219151421797,(gap/tau_g)^2+(speed/tau_v)^2+(lateral/tau_y)^2,False
Aware B=3,Proposed,service,4145,2.1,3,aware,none,0.2,0.55,2,0.6802688323068921,1.3826364479026865,0.16604073384273144,1.8201157645787707,19.92203995454671,0.473225932480811,1050,738,1050,222.81435731775562,0.7028571428571428,0.4676000000003455,0.9435000000017624,2.487281430583826,(gap/tau_g)^2+(speed/tau_v)^2+(lateral/tau_y)^2,False
Aware B=3,Proposed,service,4146,2.1,3,aware,none,0.2,0.55,2,0.6831698204786573,1.384492689168291,0.16650326456814535,1.8773470569310575,19.90042672818157,0.4252339466620174,1050,732,1050,222.53501487768932,0.6971428571428572,0.461850000000652,0.8307999999992433,2.5007790474415232,(gap/tau_g)^2+(speed/tau_v)^2+(lateral/tau_y)^2,False
Aware B=3,Proposed,service,4147,2.1,3,aware,none,0.2,0.55,2,0.6947538972647705,1.376838932366436,0.16628956310385257,1.8405025928869998,19.81613015749484,0.47989255193760194,1049,698,1049,222.4535897137995,0.665395614871306,0.43780000000026575,0.8790999999988003,2.516594993390767,(gap/tau_g)^2+(speed/tau_v)^2+(lateral/tau_y)^2,False
Aware B=3,Proposed,service,4148,2.1,3,aware,none,0.2,0.55,2,0.6857968550721949,1.3863485650055583,0.16649581812410155,1.7855338213887018,19.886461267372987,0.4948087971751278,1050,741,1050,222.5518756645863,0.7057142857142857,0.4330500000016002,1.2763000000006741,2.5097341602423846,(gap/tau_g)^2+(speed/tau_v)^2+(lateral/tau_y)^2,False
Aware B=3,Proposed,service,4149,2.1,3,aware,none,0.2,0.55,2,0.6736577731775857,1.3872958968005826,0.165739358938598,1.8437395810863135,20.039284348378807,0.4281014313918722,1050,744,1050,222.97536369950686,0.7085714285714285,0.43804999999963457,0.883200000000528,2.4754538610995276,(gap/tau_g)^2+(speed/tau_v)^2+(lateral/tau_y)^2,False
Aware B=3,Proposed,service,4150,2.1,3,aware,none,0.2,0.55,2,0.673878398070962,1.3787255674122736,0.16580643500776865,1.7335924851768647,19.82465584499758,0.4732905935807261,1050,728,1050,222.94318108835216,0.6933333333333334,0.4571000000002101,0.8230000000004623,2.4644436116177264,(gap/tau_g)^2+(speed/tau_v)^2+(lateral/tau_y)^2,False
