gain_mode,headway_s,seed,service_success,method,scenario,budget_attempts_per_sample,strategy,ablation,loss_probability,burst_persistence,maximum_delay_steps,gap_rmse_m,speed_rmse_mps,lateral_rmse_m,jerk_rms_mps3,minimum_safe_margin_m,minimum_friction_reserve_fraction,attempted_packets,delivered_packets,occupied_slots,attempts_per_vehicle_km,delivery_ratio,computation_p95_ms,computation_max_ms,combined_tracking_score,combined_tracking_score_definition,collision
retuned,1.8,5101,True,Proposed,service,1,aware,none,0.2,0.55,2,0.6634346111207027,1.2793217902847809,0.16716361902717372,1.8723783389315556,11.653644190256813,0.44105893414922126,350,259,350,74.05519950254562,0.74,4.557500000000214,56.932600000000555,2.316105524327763,(gap/tau_g)^2+(speed/tau_v)^2+(lateral/tau_y)^2,False
retuned,1.8,5102,True,Proposed,service,1,aware,none,0.2,0.55,2,0.6429743996664533,1.3010801375307877,0.16729444253729797,1.9690989579628737,11.371520087177117,0.27981375343424664,350,232,350,74.02782565626862,0.6628571428571428,0.7730499999998308,1.6537999999997055,2.2983260088675643,(gap/tau_g)^2+(speed/tau_v)^2+(lateral/tau_y)^2,False
retuned,1.8,5103,True,Proposed,service,1,aware,none,0.2,0.55,2,0.6477094370696688,1.292903533760316,0.1678666339845837,1.786942824198176,11.673817551338189,0.4649860146628062,350,269,350,73.92560859080949,0.7685714285714286,0.9973999999997041,1.5174999999993943,2.3031637752793634,(gap/tau_g)^2+(speed/tau_v)^2+(lateral/tau_y)^2,False
retuned,1.8,5104,True,Proposed,service,1,aware,none,0.2,0.55,2,0.6458657065991628,1.2975139694142055,0.1670443918838409,1.9707942417794841,11.454470442225194,0.38177784604089826,350,262,350,74.07610299279631,0.7485714285714286,0.9453499999994008,1.9037999999991229,2.2981326631716152,(gap/tau_g)^2+(speed/tau_v)^2+(lateral/tau_y)^2,False
retuned,1.8,5105,True,Proposed,service,1,aware,none,0.2,0.55,2,0.6452320550954856,1.301977611404594,0.1669911978732493,1.8908249151735141,11.533073234220097,0.40269709573622103,350,248,350,74.08580821417495,0.7085714285714285,0.8267999999995723,9.350099999998918,2.3021540350043357,(gap/tau_g)^2+(speed/tau_v)^2+(lateral/tau_y)^2,False
retuned,1.8,5106,True,Proposed,service,1,aware,none,0.2,0.55,2,0.6513388055095419,1.3130836327318671,0.16801040988002658,2.027533546042712,11.053898290254011,0.4254897198177665,350,267,350,73.8960522632826,0.7628571428571429,0.8861000000006669,1.234999999999431,2.339583946359974,(gap/tau_g)^2+(speed/tau_v)^2+(lateral/tau_y)^2,False
retuned,1.8,5107,True,Proposed,service,1,aware,none,0.2,0.55,2,0.6500958394263414,1.2916488475552859,0.16703204355970466,1.8100328335670746,11.410120862993523,0.44857159408174085,350,243,350,74.07620060650767,0.6942857142857143,0.8670000000003952,6.553600000000159,2.3000276335145298,(gap/tau_g)^2+(speed/tau_v)^2+(lateral/tau_y)^2,False
retuned,1.8,5108,True,Proposed,service,1,aware,none,0.2,0.55,2,0.6297959712971529,1.313098162682602,0.16718137472065664,1.703651248392142,11.645534649302817,0.48585651690796794,350,229,350,74.04652967195861,0.6542857142857142,0.8258500000000168,1.8688999999998401,2.2835908943335896,(gap/tau_g)^2+(speed/tau_v)^2+(lateral/tau_y)^2,False
retuned,1.8,5109,True,Proposed,service,1,aware,none,0.2,0.55,2,0.638411206737307,1.302579962023801,0.16684659599294213,1.7728535193775337,11.574512492653348,0.44263782982793887,350,238,350,74.10976755061812,0.68,3.107050000000111,60.33100000000058,2.2861822354681856,(gap/tau_g)^2+(speed/tau_v)^2+(lateral/tau_y)^2,False
retuned,1.8,5110,True,Proposed,service,1,aware,none,0.2,0.55,2,0.6418510198798392,1.3042081886589507,0.16722538027886216,1.9904819401204852,11.571927397937287,0.42323816493677624,350,241,350,74.04703308875168,0.6885714285714286,0.8038999999997465,2.068599999999421,2.299340386904725,(gap/tau_g)^2+(speed/tau_v)^2+(lateral/tau_y)^2,False
retuned,1.8,5111,True,Proposed,service,1,aware,none,0.2,0.55,2,0.6401253464123141,1.3122164110203367,0.16642687786563146,1.8335649372622165,10.959344615465888,0.4414077236257755,350,227,350,74.19102866499396,0.6485714285714286,1.105100000000192,2.4425000000007913,2.299437164699988,(gap/tau_g)^2+(speed/tau_v)^2+(lateral/tau_y)^2,False
retuned,1.8,5112,True,Proposed,service,1,aware,none,0.2,0.55,2,0.6574155350754227,1.2752939815406967,0.16694733793571254,1.856231719062621,11.437095064737775,0.33333463953137266,350,251,350,74.0994396998592,0.7171428571428572,0.934950000000434,1.573600000000397,2.2949153682821466,(gap/tau_g)^2+(speed/tau_v)^2+(lateral/tau_y)^2,False
retuned,1.8,5113,True,Proposed,service,1,aware,none,0.2,0.55,2,0.6547892824487108,1.3060739630221396,0.16751224528520514,1.9633481655836842,11.83666346389601,0.4053734983341807,350,236,350,73.99279487500709,0.6742857142857143,0.8617499999994394,5.466000000000193,2.334050279114725,(gap/tau_g)^2+(speed/tau_v)^2+(lateral/tau_y)^2,False
retuned,1.8,5114,True,Proposed,service,1,aware,none,0.2,0.55,2,0.6248505954816223,1.298293850760173,0.16622402976257744,1.9591179359112636,11.538243286438508,0.4019915118098898,350,241,350,74.23552230146205,0.6885714285714286,0.9932999999993086,1.7090999999993528,2.2448562997890327,(gap/tau_g)^2+(speed/tau_v)^2+(lateral/tau_y)^2,False
retuned,1.8,5115,True,Proposed,service,1,aware,none,0.2,0.55,2,0.6538715144224891,1.2942263319293015,0.16683816850006733,1.9350697649125486,11.61674585306389,0.4220803954124318,350,245,350,74.1108034293141,0.7,0.8292000000000854,6.112499999998633,2.3105625775592022,(gap/tau_g)^2+(speed/tau_v)^2+(lateral/tau_y)^2,False
retuned,1.8,5116,True,Proposed,service,1,aware,none,0.2,0.55,2,0.6387861779284788,1.2753213677604749,0.1665789806560155,1.8696203848190232,11.280934495388152,0.3759828304744197,350,269,350,74.17108925283135,0.7685714285714286,0.8026000000000977,3.879099999998914,2.2489508663546705,(gap/tau_g)^2+(speed/tau_v)^2+(lateral/tau_y)^2,False
retuned,1.8,5117,True,Proposed,service,1,aware,none,0.2,0.55,2,0.6360450117340358,1.3133044599132635,0.1666550497087269,1.934071032902949,11.541736962654262,0.3540925262358313,350,239,350,74.14000701057545,0.6828571428571428,4.178200000000132,55.78119999999931,2.2935374118229555,(gap/tau_g)^2+(speed/tau_v)^2+(lateral/tau_y)^2,False
retuned,1.8,5118,True,Proposed,service,1,aware,none,0.2,0.55,2,0.6607491319408607,1.2814906017504013,0.1672344089645698,1.9293432701153888,10.72743468394598,0.3898940103842832,350,240,350,74.0402975289185,0.6857142857142857,0.7584000000000479,1.7201000000000022,2.3132090585590914,(gap/tau_g)^2+(speed/tau_v)^2+(lateral/tau_y)^2,False
retuned,1.8,5119,True,Proposed,service,1,aware,none,0.2,0.55,2,0.647786016995679,1.290997441902185,0.16766801136060014,1.8210582875229315,11.523417959611052,0.3499887639712229,350,212,350,73.95785018560554,0.6057142857142858,0.9105499999999545,1.5653999999987178,2.2991611944812878,(gap/tau_g)^2+(speed/tau_v)^2+(lateral/tau_y)^2,False
retuned,1.8,5120,True,Proposed,service,1,aware,none,0.2,0.55,2,0.6324194652493446,1.299313098515673,0.1674250747064268,1.9127486475143143,11.634343652054504,0.4254456060681566,350,234,350,74.00349767919111,0.6685714285714286,0.9225500000002995,1.5851000000015603,2.273142842790982,(gap/tau_g)^2+(speed/tau_v)^2+(lateral/tau_y)^2,False
retuned,1.8,5121,True,Proposed,service,1,aware,none,0.2,0.55,2,0.6559482731988678,1.2851465249302074,0.16657243777927058,1.8226999357676366,11.746717668612732,0.4173814631942351,350,253,350,74.16930912821586,0.7228571428571429,0.88430000000006,4.048499999999677,2.3012344310623907,(gap/tau_g)^2+(speed/tau_v)^2+(lateral/tau_y)^2,False
retuned,1.8,5122,True,Proposed,service,1,aware,none,0.2,0.55,2,0.6534988124272931,1.290314088427023,0.16669591580326562,2.0154128318950195,11.558246880258928,0.39908615282074966,350,259,350,74.14310252032038,0.74,0.8876499999992404,1.9396000000000413,2.3033513325331247,(gap/tau_g)^2+(speed/tau_v)^2+(lateral/tau_y)^2,False
retuned,1.8,5123,True,Proposed,service,1,aware,none,0.2,0.55,2,0.65283236227333,1.2937010933792104,0.16720984967402902,1.9071881872393435,11.458347114970543,0.31238921192142033,350,237,350,74.04530883639869,0.6771428571428572,0.8220000000003225,5.572400000000144,2.310559071030842,(gap/tau_g)^2+(speed/tau_v)^2+(lateral/tau_y)^2,False
retuned,1.8,5124,True,Proposed,service,1,aware,none,0.2,0.55,2,0.6686365181033361,1.2851172904951482,0.16754247400881006,2.0112967777656103,11.576785869168638,0.3932446905001973,350,245,350,73.98771914596121,0.7,0.7812500000001776,11.12020000000058,2.3391771834141144,(gap/tau_g)^2+(speed/tau_v)^2+(lateral/tau_y)^2,False
retuned,1.8,5125,True,Proposed,service,1,aware,none,0.2,0.55,2,0.6450131659099776,1.2912397709004768,0.1672207155798265,1.7989189893235122,11.360436876443238,0.4777798207873648,350,256,350,74.0363639644583,0.7314285714285714,1.588550000000133,58.89610000000012,2.289362726877126,(gap/tau_g)^2+(speed/tau_v)^2+(lateral/tau_y)^2,False
retuned,1.8,5126,True,Proposed,service,1,aware,none,0.2,0.55,2,0.6417344428217395,1.2993940092914302,0.16729625526733083,1.9230578933782307,11.67520407095013,0.40556765115219906,350,251,350,74.02359006900498,0.7171428571428572,0.6935499999998207,1.6249999999997655,2.2932720926059615,(gap/tau_g)^2+(speed/tau_v)^2+(lateral/tau_y)^2,False
retuned,1.8,5127,True,Proposed,service,1,aware,none,0.2,0.55,2,0.6457366610651594,1.2936420968436768,0.16686453517409686,1.9302041114546344,11.478417346021423,0.39489744637042634,350,242,350,74.1150981401682,0.6914285714285714,0.920000000000698,1.736899999999153,2.2912162703314145,(gap/tau_g)^2+(speed/tau_v)^2+(lateral/tau_y)^2,False
retuned,1.8,5128,True,Proposed,service,1,aware,none,0.2,0.55,2,0.6539166380832427,1.3030587755925511,0.16731987364613782,1.9634550179156416,11.237274789240608,0.39654135856600004,350,273,350,74.02497827986899,0.78,1.0079500000008679,1.6695999999996047,2.3263959019776155,(gap/tau_g)^2+(speed/tau_v)^2+(lateral/tau_y)^2,False
retuned,1.8,5129,True,Proposed,service,1,aware,none,0.2,0.55,2,0.6455394182502435,1.2903979922547306,0.16724189570435613,1.8661005001322906,11.71899164938577,0.4617636733868705,350,261,350,74.03761706068642,0.7457142857142857,0.8905500000002675,8.858599999999939,2.289638455931202,(gap/tau_g)^2+(speed/tau_v)^2+(lateral/tau_y)^2,False
retuned,1.8,5130,True,Proposed,service,1,aware,none,0.2,0.55,2,0.6684791443978128,1.288824222475687,0.1670349367037342,1.9796796304923303,11.128180322707976,0.4043441044033419,350,267,350,74.07453846297373,0.7628571428571429,0.8417500000001965,1.3118999999992553,2.3394259028543707,(gap/tau_g)^2+(speed/tau_v)^2+(lateral/tau_y)^2,False
retuned,1.9,5101,True,Proposed,service,1,aware,none,0.2,0.55,2,0.6820862514323591,1.309693294404894,0.16685057678974116,1.919944302012568,14.293348613345543,0.3740008600182544,350,262,350,74.11796621483529,0.7485714285714286,0.8365000000001288,55.55610000000044,2.398225437327315,(gap/tau_g)^2+(speed/tau_v)^2+(lateral/tau_y)^2,False
retuned,1.9,5102,True,Proposed,service,1,aware,none,0.2,0.55,2,0.6640829910576022,1.3223372372207178,0.16697971589390667,1.9383192279120338,14.031876167264898,0.36139558905674485,350,230,350,74.09119371272512,0.6571428571428571,0.9403499999995901,8.147299999999191,2.373197188379007,(gap/tau_g)^2+(speed/tau_v)^2+(lateral/tau_y)^2,False
retuned,1.9,5103,True,Proposed,service,1,aware,none,0.2,0.55,2,0.661490078873538,1.325061953353753,0.16750713400230255,1.8269411679597023,14.444511546145307,0.4202980797074557,350,273,350,73.99276591050821,0.78,1.057100000000144,48.75059999999998,2.375177470464763,(gap/tau_g)^2+(speed/tau_v)^2+(lateral/tau_y)^2,False
retuned,1.9,5104,True,Proposed,service,1,aware,none,0.2,0.55,2,0.6588683405456864,1.3250478309063176,0.16671777976168292,1.8732792768181663,14.307119408366866,0.4322603876284271,350,248,350,74.13968202524494,0.7085714285714285,0.802699999999934,2.045400000000086,2.362408812735021,(gap/tau_g)^2+(speed/tau_v)^2+(lateral/tau_y)^2,False
retuned,1.9,5105,True,Proposed,service,1,aware,none,0.2,0.55,2,0.6597711671711184,1.333608687250824,0.166699306822948,1.8422316454872993,14.628935909348122,0.38470412291083766,350,234,350,74.14861226959832,0.6685714285714286,0.9665499999993443,1.9425999999995724,2.3759837194237585,(gap/tau_g)^2+(speed/tau_v)^2+(lateral/tau_y)^2,False
retuned,1.9,5106,True,Proposed,service,1,aware,none,0.2,0.55,2,0.6560171538429749,1.3473244369698423,0.16769049076297193,2.073657836589734,14.194981119894543,0.34073551373934874,350,260,350,73.95896414281611,0.7428571428571429,0.8882000000003387,1.8834000000005346,2.39424917255404,(gap/tau_g)^2+(speed/tau_v)^2+(lateral/tau_y)^2,False
retuned,1.9,5107,True,Proposed,service,1,aware,none,0.2,0.55,2,0.6517527499510547,1.3292544183530697,0.16673145650550047,1.845158951513872,14.383798539792252,0.385141311938882,350,247,350,74.13584472017439,0.7057142857142857,0.9119499999998837,6.883699999999493,2.3516402600896433,(gap/tau_g)^2+(speed/tau_v)^2+(lateral/tau_y)^2,False
retuned,1.9,5108,True,Proposed,service,1,aware,none,0.2,0.55,2,0.6595953257312844,1.3336835164865284,0.16687335673223022,1.8232124382703458,14.462929281698422,0.3263376418568231,350,248,350,74.10851681015383,0.7085714285714285,0.9298499999994547,10.764400000001118,2.377124565878627,(gap/tau_g)^2+(speed/tau_v)^2+(lateral/tau_y)^2,False
retuned,1.9,5109,True,Proposed,service,1,aware,none,0.2,0.55,2,0.6453517255155635,1.3394354887082,0.16651752786438592,1.7648727994572175,14.20713013935724,0.4329477159756422,350,226,350,74.17175309162762,0.6457142857142857,0.7609500000009817,1.4137000000005173,2.348959749712178,(gap/tau_g)^2+(speed/tau_v)^2+(lateral/tau_y)^2,False
retuned,1.9,5110,True,Proposed,service,1,aware,none,0.2,0.55,2,0.6396805952672908,1.3439691291319609,0.16688339074774303,1.8328152801953967,14.392332913400622,0.4187414212242281,350,238,350,74.11302404807414,0.68,0.790400000000524,8.985100000000301,2.3452604519139566,(gap/tau_g)^2+(speed/tau_v)^2+(lateral/tau_y)^2,False
retuned,1.9,5111,True,Proposed,service,1,aware,none,0.2,0.55,2,0.6497348270409534,1.3444835918489928,0.16612007804121914,1.7888364180445584,14.185564009511609,0.4479123233388903,350,227,350,74.25248717053056,0.6485714285714286,1.034450000000131,56.75320000000017,2.3626587311525684,(gap/tau_g)^2+(speed/tau_v)^2+(lateral/tau_y)^2,False
retuned,1.9,5112,True,Proposed,service,1,aware,none,0.2,0.55,2,0.6509466340118922,1.3191976211839236,0.16662444070603136,1.7788883030448521,14.536979573609344,0.4051812898595193,350,248,350,74.15792696934415,0.7085714285714285,0.6979499999992811,1.5888999999997822,2.335292251776225,(gap/tau_g)^2+(speed/tau_v)^2+(lateral/tau_y)^2,False
retuned,1.9,5113,True,Proposed,service,1,aware,none,0.2,0.55,2,0.6636150658442974,1.3369937034294122,0.16716144193200383,1.9010439329761195,14.646359271802517,0.40600964933442707,350,241,350,74.06126762506857,0.6885714285714286,0.9566500000000033,1.5025000000008504,2.3934966891795373,(gap/tau_g)^2+(speed/tau_v)^2+(lateral/tau_y)^2,False
retuned,1.9,5114,True,Proposed,service,1,aware,none,0.2,0.55,2,0.6518823015816655,1.319720667052725,0.16594809663421822,1.815757654254287,14.252832501438824,0.43253040675836785,350,232,350,74.29000065535296,0.6628571428571428,0.9329000000004584,1.8703000000002135,2.332540274664359,(gap/tau_g)^2+(speed/tau_v)^2+(lateral/tau_y)^2,False
retuned,1.9,5115,True,Proposed,service,1,aware,none,0.2,0.55,2,0.665054755953816,1.3248747841324586,0.16653169537413642,1.8066179407831056,14.491033100714894,0.4361533399434149,350,254,350,74.16942933567914,0.7257142857142858,0.8590999999995574,5.213200000000029,2.3751851414753973,(gap/tau_g)^2+(speed/tau_v)^2+(lateral/tau_y)^2,False
retuned,1.9,5116,True,Proposed,service,1,aware,none,0.2,0.55,2,0.6527652567916482,1.306545764259588,0.16619703592472226,1.877936772836107,14.381143535219302,0.4050180002260867,350,264,350,74.23388220479355,0.7542857142857143,0.9208499999999731,7.210899999998688,2.319001804956752,(gap/tau_g)^2+(speed/tau_v)^2+(lateral/tau_y)^2,False
retuned,1.9,5117,True,Proposed,service,1,aware,none,0.2,0.55,2,0.6466018430776774,1.3496548459686795,0.16638331177780855,1.8263428625181557,14.53372685535907,0.41107194952169945,350,239,350,74.19584411343452,0.6828571428571428,0.8859499999998022,1.5505000000004543,2.364734814949552,(gap/tau_g)^2+(speed/tau_v)^2+(lateral/tau_y)^2,False
retuned,1.9,5118,True,Proposed,service,1,aware,none,0.2,0.55,2,0.6717259569017201,1.315917194809223,0.166920859810708,1.916421033350437,13.385009612650933,0.3336299958397565,350,240,350,74.10215963107261,0.6857142857142857,1.0452000000000794,7.70909999999958,2.3822144971560113,(gap/tau_g)^2+(speed/tau_v)^2+(lateral/tau_y)^2,False
retuned,1.9,5119,True,Proposed,service,1,aware,none,0.2,0.55,2,0.6497368438960134,1.3317849585119992,0.16733962809836828,1.8100929675435233,14.281562886110464,0.4561204171432256,350,214,350,74.01994948605478,0.6114285714285714,1.02779999999969,51.53890000000061,2.3554908987751544,(gap/tau_g)^2+(speed/tau_v)^2+(lateral/tau_y)^2,False
retuned,1.9,5120,True,Proposed,service,1,aware,none,0.2,0.55,2,0.6357993489820922,1.3341762563264206,0.16707552334697104,1.8648003741176067,14.372836584349756,0.43806956845540845,350,232,350,74.07229491647662,0.6628571428571428,0.9290499999998758,1.4650000000004937,2.324682770253287,(gap/tau_g)^2+(speed/tau_v)^2+(lateral/tau_y)^2,False
retuned,1.9,5121,True,Proposed,service,1,aware,none,0.2,0.55,2,0.6663944584006748,1.3182029166512101,0.1662735278278574,1.825451841787778,14.481898910892276,0.4162840493276635,350,248,350,74.22602144286053,0.7085714285714285,1.0064999999999102,1.9314999999995308,2.367211183818359,(gap/tau_g)^2+(speed/tau_v)^2+(lateral/tau_y)^2,False
retuned,1.9,5122,True,Proposed,service,1,aware,none,0.2,0.55,2,0.655555707185758,1.325786329684908,0.16639465948426035,1.8396465939379172,14.280132844725031,0.43573569870019613,350,250,350,74.2031041980886,0.7142857142857143,0.8756999999999238,1.587599999998801,2.3529759141319033,(gap/tau_g)^2+(speed/tau_v)^2+(lateral/tau_y)^2,False
retuned,1.9,5123,True,Proposed,service,1,aware,none,0.2,0.55,2,0.6560474293343365,1.3334126086392706,0.16688055295433238,1.896953612383822,14.274129441515036,0.385095427208772,350,245,350,74.1083612980643,0.7,0.9318499999997343,5.987199999999859,2.3685177211464965,(gap/tau_g)^2+(speed/tau_v)^2+(lateral/tau_y)^2,False
retuned,1.9,5124,True,Proposed,service,1,aware,none,0.2,0.55,2,0.6736242400798145,1.3194701962329791,0.1672137430644075,1.874810907211162,14.302910119336843,0.3021417287778734,350,238,350,74.05116038464305,0.68,0.9966999999990733,7.369499999999363,2.3939785595688434,(gap/tau_g)^2+(speed/tau_v)^2+(lateral/tau_y)^2,False
retuned,1.9,5125,True,Proposed,service,1,aware,none,0.2,0.55,2,0.6537734795103424,1.3255572744986859,0.1669047264928082,1.7849686127875841,14.249715690057975,0.4792792642819623,350,256,350,74.0982997907059,0.7314285714285714,0.7898499999994257,1.9097999999999615,2.352767705847004,(gap/tau_g)^2+(speed/tau_v)^2+(lateral/tau_y)^2,False
retuned,1.9,5126,True,Proposed,service,1,aware,none,0.2,0.55,2,0.6558403880780345,1.327607867072375,0.1669904575594941,1.8916461611162407,14.080863067703817,0.41107899272162707,350,248,350,74.08546617873883,0.7085714285714285,1.0670499999996252,8.265999999998996,2.3610713134506827,(gap/tau_g)^2+(speed/tau_v)^2+(lateral/tau_y)^2,False
retuned,1.9,5127,True,Proposed,service,1,aware,none,0.2,0.55,2,0.6647337136227971,1.317112385976207,0.1665290782156992,1.8916475386527,13.879268970747226,0.37426353664692635,350,250,350,74.17370889991716,0.7142857142857143,1.025050000000416,86.21049999999997,2.363941038557871,(gap/tau_g)^2+(speed/tau_v)^2+(lateral/tau_y)^2,False
retuned,1.9,5128,True,Proposed,service,1,aware,none,0.2,0.55,2,0.6594206359205741,1.339235414962696,0.16701660839964688,1.922865172258557,14.208742333228429,0.41454110326502847,350,273,350,74.08431131188381,0.78,0.74720000000017,2.309900000000198,2.385482003623473,(gap/tau_g)^2+(speed/tau_v)^2+(lateral/tau_y)^2,False
retuned,1.9,5129,True,Proposed,service,1,aware,none,0.2,0.55,2,0.6494034568349775,1.329447283392904,0.1669355104542365,1.7754564463476936,14.304687002042215,0.4083152456767106,350,257,350,74.09678700313144,0.7342857142857143,0.9893499999993338,1.6012999999990285,2.3481697229560274,(gap/tau_g)^2+(speed/tau_v)^2+(lateral/tau_y)^2,False
retuned,1.9,5130,True,Proposed,service,1,aware,none,0.2,0.55,2,0.6650880649781481,1.3306259489726004,0.16671373863881508,1.930110164147062,14.605225059495382,0.40652574501747185,350,262,350,74.13609545530974,0.7485714285714286,0.8802999999995009,1.6898000000011848,2.3845724846680803,(gap/tau_g)^2+(speed/tau_v)^2+(lateral/tau_y)^2,False
retuned,2.0,5101,True,Proposed,service,1,aware,none,0.2,0.55,2,0.6847333536325249,1.347044002459765,0.1665349319273747,1.9148754506880312,17.30514759971394,0.3673763559870903,350,273,350,74.1791275929985,0.78,1.0377999999988674,57.22699999999925,2.4526549204088237,(gap/tau_g)^2+(speed/tau_v)^2+(lateral/tau_y)^2,False
retuned,2.0,5102,True,Proposed,service,1,aware,none,0.2,0.55,2,0.6556462418052036,1.3666435999689694,0.16671036349394527,1.8617816815855301,16.976039777416823,0.44418855358089415,350,224,350,74.14700451905352,0.64,0.8356000000002695,6.939799999999607,2.411941189561211,(gap/tau_g)^2+(speed/tau_v)^2+(lateral/tau_y)^2,False
retuned,2.0,5103,True,Proposed,service,1,aware,none,0.2,0.55,2,0.6664985282578763,1.3622866077366258,0.16718339288205963,1.7620495602735264,16.93061050996016,0.4295468939519784,350,265,350,74.05674831896661,0.7571428571428571,0.7702499999995283,1.5058000000003346,2.435331516716343,(gap/tau_g)^2+(speed/tau_v)^2+(lateral/tau_y)^2,False
retuned,2.0,5104,True,Proposed,service,1,aware,none,0.2,0.55,2,0.6654052079916147,1.3536476837631588,0.16645917654824666,1.8621931686796203,16.926389175843305,0.41413315934169637,350,273,350,74.19686268501658,0.78,3.3926500000012183,8.576600000001378,2.4147311957253796,(gap/tau_g)^2+(speed/tau_v)^2+(lateral/tau_y)^2,False
retuned,2.0,5105,True,Proposed,service,1,aware,none,0.2,0.55,2,0.6726284119531032,1.3609170479281076,0.1664133624517704,1.8789689030683991,17.04836302431793,0.43756831748984215,350,260,350,74.2015751244719,0.7428571428571429,1.2406000000000361,45.81480000000049,2.4415999041351313,(gap/tau_g)^2+(speed/tau_v)^2+(lateral/tau_y)^2,False
retuned,2.0,5106,True,Proposed,service,1,aware,none,0.2,0.55,2,0.6598049539998114,1.3786918330863676,0.1673689840550264,1.833332912277487,17.0208437719061,0.44388759121370214,350,259,350,74.02028714736218,0.74,0.9336500000003412,1.990499999999784,2.4440431938562273,(gap/tau_g)^2+(speed/tau_v)^2+(lateral/tau_y)^2,False
retuned,2.0,5107,True,Proposed,service,1,aware,none,0.2,0.55,2,0.6596133845216368,1.3604053736169854,0.16640976201203814,1.8231099381098368,17.227217889091797,0.39545669598179245,350,249,350,74.19902326121262,0.7114285714285714,0.8328500000001071,3.172100000000455,2.410034342927506,(gap/tau_g)^2+(speed/tau_v)^2+(lateral/tau_y)^2,False
retuned,2.0,5108,True,Proposed,service,1,aware,none,0.2,0.55,2,0.6631245681247202,1.3678618543166838,0.16656111154428282,1.7766870776345387,17.097092491933815,0.41590311710776684,350,246,350,74.17249173463759,0.7028571428571428,0.8534000000004482,1.5462999999993343,2.4299301060559615,(gap/tau_g)^2+(speed/tau_v)^2+(lateral/tau_y)^2,False
retuned,2.0,5109,True,Proposed,service,1,aware,none,0.2,0.55,2,0.672567204224202,1.3589981249754197,0.16620185832859682,1.6486490349738918,17.126149978581225,0.45567244317138056,350,236,350,74.2343072578742,0.6742857142857143,0.8952500000001251,2.0033999999995444,2.4370318790344103,(gap/tau_g)^2+(speed/tau_v)^2+(lateral/tau_y)^2,False
retuned,2.0,5110,True,Proposed,service,1,aware,none,0.2,0.55,2,0.6599029230082668,1.36508245090386,0.16655237168998874,1.77754821233807,17.10384694672149,0.45316140450598763,350,245,350,74.17649663889435,0.7,0.9269499999993158,1.363500000000073,2.4184043681008998,(gap/tau_g)^2+(speed/tau_v)^2+(lateral/tau_y)^2,False
retuned,2.0,5111,True,Proposed,service,1,aware,none,0.2,0.55,2,0.6727023253395868,1.3714089341758238,0.1658167032884394,1.8721155447603033,16.710183020362216,0.4362742624495848,350,241,350,74.31026183174995,0.6885714285714286,0.8081500000001185,1.5617999999992804,2.4514471295795572,(gap/tau_g)^2+(speed/tau_v)^2+(lateral/tau_y)^2,False
retuned,2.0,5112,True,Proposed,service,1,aware,none,0.2,0.55,2,0.6477921327390361,1.3592953000463517,0.1662880810382101,1.9022303343137432,16.71304145684153,0.2353749587920586,350,245,350,74.22167656148807,0.7,0.8136499999977787,1.4113000000008924,2.3800060698306904,(gap/tau_g)^2+(speed/tau_v)^2+(lateral/tau_y)^2,False
retuned,2.0,5113,True,Proposed,service,1,aware,none,0.2,0.55,2,0.6608170075750317,1.3738163460510693,0.16686133216245813,1.7738053820461208,16.925328172301285,0.46937071657568274,350,236,350,74.12077469634549,0.6742857142857143,1.2234499999994597,58.50820000000034,2.4353306030800153,(gap/tau_g)^2+(speed/tau_v)^2+(lateral/tau_y)^2,False
retuned,2.0,5114,True,Proposed,service,1,aware,none,0.2,0.55,2,0.6433689456532716,1.359119121907352,0.1656219130895572,1.7322183944287277,16.712208062233614,0.47515446909642767,350,238,350,74.35044337572747,0.68,0.8150999999996245,1.391200000000481,2.364081052785902,(gap/tau_g)^2+(speed/tau_v)^2+(lateral/tau_y)^2,False
retuned,2.0,5115,True,Proposed,service,1,aware,none,0.2,0.55,2,0.6682902678170974,1.360501350351979,0.16621173267480513,1.81539858384858,16.909586043177306,0.4775263313468393,350,260,350,74.23253527420891,0.7428571428571429,0.8865500000005966,10.34530000000089,2.429004530322637,(gap/tau_g)^2+(speed/tau_v)^2+(lateral/tau_y)^2,False
retuned,2.0,5116,True,Proposed,service,1,aware,none,0.2,0.55,2,0.6538607214397795,1.343821123138311,0.16590279343967113,1.739134874572938,17.295983285823027,0.45885378374567964,350,265,350,74.29309496669752,0.7571428571428571,0.9277499999997829,1.9554999999993328,2.3695082866707855,(gap/tau_g)^2+(speed/tau_v)^2+(lateral/tau_y)^2,False
retuned,2.0,5117,True,Proposed,service,1,aware,none,0.2,0.55,2,0.6675581366503391,1.3720212832859522,0.1660430518605654,1.7592760449662213,17.39111211045976,0.4623581993235609,350,244,350,74.25916279960292,0.6971428571428572,0.8313000000006454,2.1495000000015807,2.441925157269501,(gap/tau_g)^2+(speed/tau_v)^2+(lateral/tau_y)^2,False
retuned,2.0,5118,True,Proposed,service,1,aware,none,0.2,0.55,2,0.6724955791191383,1.3541199931852261,0.16655419865028312,1.8452669704396303,17.28352432034709,0.44117766016889337,350,245,350,74.17145118494581,0.7,0.9337000000009255,1.328000000000884,2.433039167500863,(gap/tau_g)^2+(speed/tau_v)^2+(lateral/tau_y)^2,False
retuned,2.0,5119,True,Proposed,service,1,aware,none,0.2,0.55,2,0.6681624984614266,1.3628442570621078,0.16700159195439804,1.8241308857984662,17.032059581587006,0.4450654706326427,350,233,350,74.09002889808282,0.6657142857142857,0.9043999999995833,1.218100000000888,2.438536131923811,(gap/tau_g)^2+(speed/tau_v)^2+(lateral/tau_y)^2,False
retuned,2.0,5120,True,Proposed,service,1,aware,none,0.2,0.55,2,0.6657793642794537,1.3547965982386203,0.16678072922101825,1.803388135694611,17.176953049803068,0.4561606178391039,350,236,350,74.12797460816952,0.6742857142857143,0.8227999999999014,5.166899999998975,2.4198831481634153,(gap/tau_g)^2+(speed/tau_v)^2+(lateral/tau_y)^2,False
retuned,2.0,5121,True,Proposed,service,1,aware,none,0.2,0.55,2,0.6634932901964222,1.3546289332030261,0.16598123138095186,1.7163644552287707,17.220670806068448,0.4551029488653251,350,245,350,74.2865822113563,0.7,1.1213000000003248,48.39930000000159,2.4075979738745295,(gap/tau_g)^2+(speed/tau_v)^2+(lateral/tau_y)^2,False
retuned,2.0,5122,True,Proposed,service,1,aware,none,0.2,0.55,2,0.6715284951468764,1.3496669835700355,0.1660960970622761,1.8642121618405956,17.039776407140565,0.4080279995968663,350,261,350,74.26173582999401,0.7457142857142857,0.9068500000006807,1.5005000000005708,2.420775897684747,(gap/tau_g)^2+(speed/tau_v)^2+(lateral/tau_y)^2,False
retuned,2.0,5123,True,Proposed,service,1,aware,none,0.2,0.55,2,0.6815522847827347,1.3548433325540654,0.1665600460921953,1.7582233616187277,16.872078796424198,0.41604313471727383,350,240,350,74.17091507819904,0.6857142857142857,0.9131,5.532099999999929,2.4558888764435376,(gap/tau_g)^2+(speed/tau_v)^2+(lateral/tau_y)^2,False
retuned,2.0,5124,True,Proposed,service,1,aware,none,0.2,0.55,2,0.6822628881035367,1.3497325416023425,0.16689349328893807,1.849546808755341,16.896401893864756,0.43909318439900247,350,248,350,74.11617236207638,0.7085714285714285,1.0270000000014434,1.953699999999614,2.453339198653353,(gap/tau_g)^2+(speed/tau_v)^2+(lateral/tau_y)^2,False
retuned,2.0,5125,True,Proposed,service,1,aware,none,0.2,0.55,2,0.661109888349474,1.3583502814163033,0.1666564964431347,1.7719403436245202,16.91920708675169,0.47309742028304913,350,252,350,74.14982484716485,0.72,0.8286000000001792,1.6514999999994728,2.412751875683459,(gap/tau_g)^2+(speed/tau_v)^2+(lateral/tau_y)^2,False
retuned,2.0,5126,True,Proposed,service,1,aware,none,0.2,0.55,2,0.6637873851440035,1.3606287126600731,0.16666806326242334,1.853221949437107,16.92932683389757,0.4351931016310149,350,251,350,74.14887846715517,0.7171428571428572,0.9150499999996953,1.4206999999988312,2.4223154844784953,(gap/tau_g)^2+(speed/tau_v)^2+(lateral/tau_y)^2,False
retuned,2.0,5127,True,Proposed,service,1,aware,none,0.2,0.55,2,0.6710035250631166,1.3507108343418086,0.16622492343892598,1.8190283115562136,16.62751099281946,0.38266507150113294,350,254,350,74.23311916370366,0.7257142857142858,0.9637000000006779,1.6246000000013083,2.4220313909378186,(gap/tau_g)^2+(speed/tau_v)^2+(lateral/tau_y)^2,False
retuned,2.0,5128,True,Proposed,service,1,aware,none,0.2,0.55,2,0.6569435205540848,1.377858254882134,0.16671587876597224,1.8660233840209952,16.86861486009262,0.4214074936832921,350,272,350,74.14412822530859,0.7771428571428571,0.8924500000002666,10.888500000000079,2.430717742108614,(gap/tau_g)^2+(speed/tau_v)^2+(lateral/tau_y)^2,False
retuned,2.0,5129,True,Proposed,service,1,aware,none,0.2,0.55,2,0.6699883793606095,1.3534450173167227,0.16663742917796923,1.8350713549653297,16.99001546035109,0.4648514716501342,350,265,350,74.1589578054317,0.7571428571428571,1.1367499999996866,66.17360000000083,2.4268162628863443,(gap/tau_g)^2+(speed/tau_v)^2+(lateral/tau_y)^2,False
retuned,2.0,5130,True,Proposed,service,1,aware,none,0.2,0.55,2,0.6742115765767018,1.3627534284833593,0.16640097136873902,1.8282900842902945,16.54271237647994,0.41667418904263964,350,279,350,74.19895009348981,0.7971428571428572,0.9424999999998462,1.798499999999592,2.4478393925414332,(gap/tau_g)^2+(speed/tau_v)^2+(lateral/tau_y)^2,False
retuned,2.1,5101,True,Proposed,service,1,aware,none,0.2,0.55,2,0.6853328651370089,1.375907406614863,0.16620648839717567,1.7649689096003285,19.962258040938103,0.45942795661293645,350,264,350,74.24178765999478,0.7542857142857143,0.8462500000003814,62.599900000000375,2.49148176488902,(gap/tau_g)^2+(speed/tau_v)^2+(lateral/tau_y)^2,False
retuned,2.1,5102,True,Proposed,service,1,aware,none,0.2,0.55,2,0.6621746249049087,1.3962207688243053,0.16639867994634153,1.834350752988175,19.699293182817314,0.448932604029734,350,225,350,74.2081779213414,0.6428571428571429,0.8868499999996615,2.0543999999986795,2.4663329294287655,(gap/tau_g)^2+(speed/tau_v)^2+(lateral/tau_y)^2,False
retuned,2.1,5103,True,Proposed,service,1,aware,none,0.2,0.55,2,0.6729893102301294,1.39285963495312,0.16686597002668313,1.7543919223073128,19.813256678404613,0.4360957839785269,350,272,350,74.11985858981994,0.7771428571428571,0.9028999999998177,1.7031000000002905,2.4911133218705124,(gap/tau_g)^2+(speed/tau_v)^2+(lateral/tau_y)^2,False
retuned,2.1,5104,True,Proposed,service,1,aware,none,0.2,0.55,2,0.6694776603808139,1.389002508237298,0.16612479511045758,1.8355847600348023,19.866580542870295,0.41136604198219273,350,265,350,74.26073763925723,0.7571428571428571,0.9683500000008394,1.3921000000003403,2.471087793230156,(gap/tau_g)^2+(speed/tau_v)^2+(lateral/tau_y)^2,False
retuned,2.1,5105,True,Proposed,service,1,aware,none,0.2,0.55,2,0.6643840479611131,1.3954766474471023,0.16612630234805656,1.759631566920488,20.066469203361784,0.4215081301470771,350,251,350,74.2621568347709,0.7171428571428572,0.8428000000000324,1.5055000000003815,2.4682192831043115,(gap/tau_g)^2+(speed/tau_v)^2+(lateral/tau_y)^2,False
retuned,2.1,5106,False,Proposed,service,1,aware,none,0.2,0.55,2,0.6776502890579246,1.404123454534674,0.16701430812796797,1.986031365624432,19.25272207332798,0.32698732949883447,350,275,350,74.08488377216153,0.7857142857142857,1.1892000000006675,10.579299999999847,2.519616983166422,(gap/tau_g)^2+(speed/tau_v)^2+(lateral/tau_y)^2,False
retuned,2.1,5107,True,Proposed,service,1,aware,none,0.2,0.55,2,0.6616448650987655,1.392856502380231,0.16610235299763115,1.7127873835554202,19.686652677667105,0.4706837574855608,350,248,350,74.26017606007508,0.7085714285714285,0.929649999999782,59.50829999999918,2.457835590693529,(gap/tau_g)^2+(speed/tau_v)^2+(lateral/tau_y)^2,False
retuned,2.1,5108,True,Proposed,service,1,aware,none,0.2,0.55,2,0.6687470498101965,1.397823748426275,0.1662503412384396,1.748999634289804,19.84029750928522,0.42158537170850585,350,246,350,74.23342146209352,0.7028571428571428,0.8913000000001503,1.474400000001097,2.4829353141547057,(gap/tau_g)^2+(speed/tau_v)^2+(lateral/tau_y)^2,False
retuned,2.1,5109,True,Proposed,service,1,aware,none,0.2,0.55,2,0.6593563357868314,1.399345461830122,0.165895883728579,1.6694613012389437,19.916019689341347,0.44399509280115523,350,233,350,74.296014017444,0.6657142857142857,0.8788499999994315,6.6509999999997405,2.4599915411916995,(gap/tau_g)^2+(speed/tau_v)^2+(lateral/tau_y)^2,False
retuned,2.1,5110,True,Proposed,service,1,aware,none,0.2,0.55,2,0.6734069453032995,1.3917137129484634,0.1662611490002876,1.8697346960045365,19.755281588421937,0.4138762072893146,350,226,350,74.235396960525,0.6457142857142857,0.9617000000003983,2.2655000000000314,2.4854479010702026,(gap/tau_g)^2+(speed/tau_v)^2+(lateral/tau_y)^2,False
retuned,2.1,5111,False,Proposed,service,1,aware,none,0.2,0.55,2,0.6630870220556585,1.4071336737353148,0.1655283335484582,1.8130046339390669,19.525492696013927,0.4149294598766722,350,248,350,74.36868873550003,0.7085714285714285,0.8215500000003928,1.6439999999988686,2.476868810046687,(gap/tau_g)^2+(speed/tau_v)^2+(lateral/tau_y)^2,False
retuned,2.1,5112,True,Proposed,service,1,aware,none,0.2,0.55,2,0.6643100094428321,1.373833664641636,0.16598056811925452,1.7118840264592314,19.81034798765097,0.436814390244051,350,238,350,74.28124696414467,0.68,0.9914499999998938,1.4124000000013126,2.4362547506155074,(gap/tau_g)^2+(speed/tau_v)^2+(lateral/tau_y)^2,False
retuned,2.1,5113,False,Proposed,service,1,aware,none,0.2,0.55,2,0.661817237909383,1.4040804825546922,0.16653311926160397,1.781659455406022,19.762156510082384,0.48002895850762195,350,226,350,74.18545150469086,0.6457142857142857,0.8324499999998736,1.5020999999997287,2.4778400736159854,(gap/tau_g)^2+(speed/tau_v)^2+(lateral/tau_y)^2,False
retuned,2.1,5114,True,Proposed,service,1,aware,none,0.2,0.55,2,0.6710294688293145,1.3765431445896188,0.1653146276501718,1.758158924999141,19.75334568891659,0.40352493401712963,350,253,350,74.41243500445326,0.7228571428571429,0.9111999999991127,9.469299999999237,2.4504928380650304,(gap/tau_g)^2+(speed/tau_v)^2+(lateral/tau_y)^2,False
retuned,2.1,5115,True,Proposed,service,1,aware,none,0.2,0.55,2,0.6740963727493622,1.3885793999228957,0.16592191380088053,1.7873071761064914,19.775095765845222,0.44020202650386886,350,260,350,74.29324088435146,0.7428571428571429,0.9510500000002864,63.17670000000142,2.479836186217951,(gap/tau_g)^2+(speed/tau_v)^2+(lateral/tau_y)^2,False
retuned,2.1,5116,True,Proposed,service,1,aware,none,0.2,0.55,2,0.6569280661637501,1.373880450848805,0.16560292432664306,1.789334308981968,19.861685585064983,0.4114373800188237,350,265,350,74.35316175954078,0.7571428571428571,0.9339999999999904,8.62809999999925,2.415850620714617,(gap/tau_g)^2+(speed/tau_v)^2+(lateral/tau_y)^2,False
retuned,2.1,5117,False,Proposed,service,1,aware,none,0.2,0.55,2,0.6708943988361922,1.4023499870999094,0.16576267979573697,1.7142041840170041,19.992345987477584,0.4724778370939422,350,247,350,74.3152283139884,0.7057142857142857,0.8249500000001575,1.4667999999993242,2.490468115685751,(gap/tau_g)^2+(speed/tau_v)^2+(lateral/tau_y)^2,False
retuned,2.1,5118,True,Proposed,service,1,aware,none,0.2,0.55,2,0.6852490399390134,1.3833207638009606,0.16630346985462413,1.8515366556797521,19.978905009586867,0.3969606815415875,350,253,350,74.2227383738217,0.7228571428571429,0.9066500000001199,1.5713999999995565,2.5025199977061896,(gap/tau_g)^2+(speed/tau_v)^2+(lateral/tau_y)^2,False
retuned,2.1,5119,True,Proposed,service,1,aware,none,0.2,0.55,2,0.6716781106302236,1.3934054537273042,0.16673798206967871,1.7433510759485558,19.220937156958747,0.43921663541486455,350,218,350,74.14126739210108,0.6228571428571429,1.009300000000657,2.3527000000012066,2.4876873572025553,(gap/tau_g)^2+(speed/tau_v)^2+(lateral/tau_y)^2,False
retuned,2.1,5120,True,Proposed,service,1,aware,none,0.2,0.55,2,0.6658941818214344,1.3864286429257902,0.16644796515423627,1.8054599827612996,19.88106487773014,0.43199580068652554,350,232,350,74.19395591734131,0.6628571428571428,0.9054499999994192,1.8558999999989112,2.4616228873681445,(gap/tau_g)^2+(speed/tau_v)^2+(lateral/tau_y)^2,False
retuned,2.1,5121,True,Proposed,service,1,aware,none,0.2,0.55,2,0.6655572554476079,1.385690509659674,0.16570251846069145,1.6999050359062766,19.796921340707783,0.47056616408085505,350,253,350,74.34278830071409,0.7228571428571429,0.7997500000005431,1.378199999999552,2.453591386092693,(gap/tau_g)^2+(speed/tau_v)^2+(lateral/tau_y)^2,False
retuned,2.1,5122,True,Proposed,service,1,aware,none,0.2,0.55,2,0.6797922615529011,1.3794994482740217,0.16581636115690468,1.7963170996287636,19.894487369024233,0.46150478523445426,350,275,350,74.31599535504466,0.7857142857142857,1.1431500000007588,9.518100000001084,2.479846818787836,(gap/tau_g)^2+(speed/tau_v)^2+(lateral/tau_y)^2,False
retuned,2.1,5123,True,Proposed,service,1,aware,none,0.2,0.55,2,0.6876088820338784,1.3846746416064488,0.16626397551115288,1.7503964872410485,19.52030459100998,0.42405399038925484,350,236,350,74.23021668775301,0.6742857142857143,1.0342000000003182,57.59529999999913,2.509863154525368,(gap/tau_g)^2+(speed/tau_v)^2+(lateral/tau_y)^2,False
retuned,2.1,5124,True,Proposed,service,1,aware,none,0.2,0.55,2,0.6883888302654628,1.3811163573065437,0.16660218529795068,1.8421448925355213,19.59139734663863,0.4460530403518871,350,242,350,74.17362238219404,0.6914285714285714,0.9110999999997205,6.683999999999912,2.5095643843671573,(gap/tau_g)^2+(speed/tau_v)^2+(lateral/tau_y)^2,False
retuned,2.1,5125,True,Proposed,service,1,aware,none,0.2,0.55,2,0.6682175350403654,1.391434408756791,0.16631918978834556,1.7190331521739584,19.688894729521955,0.4597900417604599,350,258,350,74.21398428572668,0.7371428571428571,0.8140499999997886,1.3401000000001773,2.4731565618506055,(gap/tau_g)^2+(speed/tau_v)^2+(lateral/tau_y)^2,False
retuned,2.1,5126,True,Proposed,service,1,aware,none,0.2,0.55,2,0.661609966210804,1.3984399369307479,0.16637186964701212,1.8527746871065003,19.646557978693714,0.3990199458110666,350,255,350,74.20716908129936,0.7285714285714285,0.8519499999994906,2.1328000000000458,2.467945217477317,(gap/tau_g)^2+(speed/tau_v)^2+(lateral/tau_y)^2,False
retuned,2.1,5127,True,Proposed,service,1,aware,none,0.2,0.55,2,0.6767577750116046,1.3805413241000715,0.16592224865451222,1.7898868929807843,19.428225606389248,0.39047509499517397,350,254,350,74.29272062642131,0.7257142857142858,0.9322000000011599,1.3153999999993005,2.474874043201439,(gap/tau_g)^2+(speed/tau_v)^2+(lateral/tau_y)^2,False
retuned,2.1,5128,False,Proposed,service,1,aware,none,0.2,0.55,2,0.667273863701448,1.4057866514836026,0.16640985057573204,1.8467544645213263,19.570271321726317,0.4085319590008133,350,271,350,74.20114330159423,0.7742857142857142,1.0198500000013766,1.4185999999991594,2.492153082643408,(gap/tau_g)^2+(speed/tau_v)^2+(lateral/tau_y)^2,False
retuned,2.1,5129,True,Proposed,service,1,aware,none,0.2,0.55,2,0.669227895813405,1.3846643359105626,0.1663213402284143,1.70736218539652,19.766584844521418,0.47794710162545606,350,247,350,74.22208731553638,0.7057142857142857,0.8375500000017411,1.52109999999972,2.465987785453348,(gap/tau_g)^2+(speed/tau_v)^2+(lateral/tau_y)^2,False
retuned,2.1,5130,True,Proposed,service,1,aware,none,0.2,0.55,2,0.6792074884936264,1.3932920437041296,0.16612825310208912,1.8440908499170767,19.53373965665091,0.43593934194341966,350,263,350,74.25134203400714,0.7514285714285714,0.997749999998021,9.498699999998195,2.5005345190615826,(gap/tau_g)^2+(speed/tau_v)^2+(lateral/tau_y)^2,False
retuned,2.2,5101,False,Proposed,service,1,aware,none,0.2,0.55,2,0.683287813947849,1.4093879718226903,0.16592482336224718,1.7212152865642372,22.638772491512263,0.467126005553415,350,255,350,74.29967338322263,0.7285714285714285,0.9574999999992784,39.71860000000049,2.531745395073117,(gap/tau_g)^2+(speed/tau_v)^2+(lateral/tau_y)^2,False
retuned,2.2,5102,False,Proposed,service,1,aware,none,0.2,0.55,2,0.6681663032888909,1.422292700258071,0.16606322435332557,1.761934464575456,22.673476406430062,0.47186754790710783,350,230,350,74.2723808355139,0.6571428571428571,0.871499999999692,6.166500000000852,2.515207279096516,(gap/tau_g)^2+(speed/tau_v)^2+(lateral/tau_y)^2,False
retuned,2.2,5103,False,Proposed,service,1,aware,none,0.2,0.55,2,0.6767083977828191,1.4200657968825774,0.16657492453654402,1.70703792043676,22.64648099772976,0.4415112435083829,350,279,350,74.1762537005869,0.7971428571428572,0.9190499999993662,1.4692000000007255,2.5366563312036665,(gap/tau_g)^2+(speed/tau_v)^2+(lateral/tau_y)^2,False
retuned,2.2,5104,False,Proposed,service,1,aware,none,0.2,0.55,2,0.6740981403474137,1.4167554244528426,0.16580824996485888,1.8695361377153705,22.54661253003976,0.3851065624242389,350,250,350,74.32424338635717,0.7142857142857143,0.9019999999999584,2.05349999999882,2.5192259342095036,(gap/tau_g)^2+(speed/tau_v)^2+(lateral/tau_y)^2,False
retuned,2.2,5105,False,Proposed,service,1,aware,none,0.2,0.55,2,0.6719920109932584,1.4196760625967206,0.1658060524800326,1.7187130225814977,22.585760729002416,0.42607279670981846,350,228,350,74.32454922460838,0.6514285714285715,0.9525000000003558,1.392899999999031,2.5183942727448283,(gap/tau_g)^2+(speed/tau_v)^2+(lateral/tau_y)^2,False
retuned,2.2,5106,False,Proposed,service,1,aware,none,0.2,0.55,2,0.6839978280006713,1.4334699463194311,0.16672027046633273,1.7954215062402645,22.163570962520268,0.4261878135461431,350,270,350,74.1450102019378,0.7714285714285715,0.8379500000001983,1.2193000000007004,2.575015690989194,(gap/tau_g)^2+(speed/tau_v)^2+(lateral/tau_y)^2,False
retuned,2.2,5107,False,Proposed,service,1,aware,none,0.2,0.55,2,0.676292279509469,1.4164712134445119,0.1657968911573983,1.7890210784025427,22.308946243480477,0.43452169286071096,350,245,350,74.31783336195706,0.7,0.7967499999992356,1.6052000000001954,2.5239883913569146,(gap/tau_g)^2+(speed/tau_v)^2+(lateral/tau_y)^2,False
retuned,2.2,5108,False,Proposed,service,1,aware,none,0.2,0.55,2,0.6698454149895705,1.4286816785336012,0.1659493115001608,1.8010106743641199,22.597683140170346,0.35436698832972524,350,246,350,74.29121263456103,0.7028571428571428,1.217399999999813,8.359500000000963,2.52754912085513,(gap/tau_g)^2+(speed/tau_v)^2+(lateral/tau_y)^2,False
retuned,2.2,5109,False,Proposed,service,1,aware,none,0.2,0.55,2,0.6654496742713022,1.4282087633363592,0.16560407585973824,1.640970169889276,22.34444164787282,0.47995587126088346,350,229,350,74.35261067967267,0.6542857142857142,1.713900000000379,56.7485000000012,2.5135633358635294,(gap/tau_g)^2+(speed/tau_v)^2+(lateral/tau_y)^2,False
retuned,2.2,5110,False,Proposed,service,1,aware,none,0.2,0.55,2,0.6740446291417873,1.4204907390112835,0.16593626681224133,1.7646221198694108,22.495347340070033,0.4543914056161765,350,222,350,74.29672320345581,0.6342857142857142,1.0366000000008313,1.5086999999986972,2.525566552553299,(gap/tau_g)^2+(speed/tau_v)^2+(lateral/tau_y)^2,False
retuned,2.2,5111,False,Proposed,service,1,aware,none,0.2,0.55,2,0.672473678314608,1.427883583303289,0.16523870619917772,1.750813357154322,21.954524606758824,0.453813250560108,350,242,350,74.42666237980917,0.6914285714285714,0.958749999998787,1.6035999999992612,2.5267742960845148,(gap/tau_g)^2+(speed/tau_v)^2+(lateral/tau_y)^2,False
retuned,2.2,5112,False,Proposed,service,1,aware,none,0.2,0.55,2,0.6731299227735426,1.4073941358472384,0.16567039086151408,1.8449409395537109,22.465904407518778,0.218556851432966,350,244,350,74.34130890566297,0.6971428571428572,0.8861500000012512,1.5326999999984992,2.502275937809324,(gap/tau_g)^2+(speed/tau_v)^2+(lateral/tau_y)^2,False
retuned,2.2,5113,False,Proposed,service,1,aware,none,0.2,0.55,2,0.6694264651202181,1.4317497875784118,0.1661899238820295,1.7987439735606383,22.574108096856676,0.4210975250072999,350,232,350,74.25225482626388,0.6628571428571428,0.7953000000000543,2.4633000000022776,2.5330271618104834,(gap/tau_g)^2+(speed/tau_v)^2+(lateral/tau_y)^2,False
retuned,2.2,5114,False,Proposed,service,1,aware,none,0.2,0.55,2,0.6668752942662263,1.4157993966674025,0.16504062885957005,1.8781564857870927,22.384626464908465,0.3306897269347918,350,236,350,74.46488394786675,0.6742857142857143,0.7893999999986079,1.4190999999996734,2.494276212495886,(gap/tau_g)^2+(speed/tau_v)^2+(lateral/tau_y)^2,False
retuned,2.2,5115,False,Proposed,service,1,aware,none,0.2,0.55,2,0.6778636701811062,1.418824366096412,0.16560038428454654,1.8259536777674732,22.55518020014504,0.38803916200223865,350,250,350,74.354542217748,0.7142857142857143,0.8481000000006844,9.35490000000172,2.529547315002178,(gap/tau_g)^2+(speed/tau_v)^2+(lateral/tau_y)^2,False
retuned,2.2,5116,False,Proposed,service,1,aware,none,0.2,0.55,2,0.6668984812491597,1.4006370177487308,0.16530612616604892,1.8380158121634367,22.676176314005147,0.40898578896271487,350,273,350,74.41093875478533,0.78,0.7326000000009714,1.308800000000332,2.474736154834617,(gap/tau_g)^2+(speed/tau_v)^2+(lateral/tau_y)^2,False
retuned,2.2,5117,False,Proposed,service,1,aware,none,0.2,0.55,2,0.6977038800722393,1.4165635302140687,0.165449711272458,1.8137009174199512,22.62212528531891,0.4173744532365955,350,253,350,74.37654618504814,0.7228571428571429,1.007450000001242,46.6912999999991,2.573548031261595,(gap/tau_g)^2+(speed/tau_v)^2+(lateral/tau_y)^2,False
retuned,2.2,5118,False,Proposed,service,1,aware,none,0.2,0.55,2,0.6826498635044523,1.4176310725228938,0.16596969205528536,1.8948032999773832,22.478887419446572,0.33097740133785714,350,245,350,74.28691605740298,0.7,0.827049999998053,1.9489999999997565,2.5424580215285486,(gap/tau_g)^2+(speed/tau_v)^2+(lateral/tau_y)^2,False
retuned,2.2,5119,False,Proposed,service,1,aware,none,0.2,0.55,2,0.6671963526014231,1.4213177108775321,0.16636269505969611,1.7670783728416748,22.701894213724067,0.47181229451914286,350,232,350,74.21439257125922,0.6628571428571428,0.8380499999987023,1.436099999999385,2.513978897382247,(gap/tau_g)^2+(speed/tau_v)^2+(lateral/tau_y)^2,False
retuned,2.2,5120,False,Proposed,service,1,aware,none,0.2,0.55,2,0.6680628909831071,1.4162549082851832,0.1661513658881962,1.7341915800228047,22.601128532469225,0.43519321518621235,350,234,350,74.25338996171551,0.6685714285714286,0.8530499999999108,1.7324999999992485,2.506949505593551,(gap/tau_g)^2+(speed/tau_v)^2+(lateral/tau_y)^2,False
retuned,2.2,5121,False,Proposed,service,1,aware,none,0.2,0.55,2,0.6670218982786154,1.4206135499065764,0.16536006774024614,1.688432344364197,22.451219109234835,0.3726814670809043,350,240,350,74.40809647678417,0.6857142857142857,1.0361999999997096,12.46399999999781,2.504229235251349,(gap/tau_g)^2+(speed/tau_v)^2+(lateral/tau_y)^2,False
retuned,2.2,5122,False,Proposed,service,1,aware,none,0.2,0.55,2,0.6783785247626427,1.4118355472653998,0.16550449864913463,1.7168311775608454,22.651747737955176,0.43345495335261963,350,263,350,74.37827285156833,0.7514285714285714,0.7157499999994599,1.4462000000001751,2.5199016227210915,(gap/tau_g)^2+(speed/tau_v)^2+(lateral/tau_y)^2,False
retuned,2.2,5123,False,Proposed,service,1,aware,none,0.2,0.55,2,0.6891904029832243,1.414013570523479,0.16594778145781547,1.711571683627867,22.182957365928175,0.45385475781798024,350,235,350,74.29152475159084,0.6714285714285714,0.8898500000000809,8.27780000000189,2.553001188581839,(gap/tau_g)^2+(speed/tau_v)^2+(lateral/tau_y)^2,False
retuned,2.2,5124,False,Proposed,service,1,aware,none,0.2,0.55,2,0.6828502169874408,1.4204430087184285,0.16624960173080736,1.7828591027604976,21.822968440596256,0.4659899420612674,350,250,350,74.24064042447665,0.7142857142857143,0.882700000000014,6.219699999999051,2.5493408507557866,(gap/tau_g)^2+(speed/tau_v)^2+(lateral/tau_y)^2,False
retuned,2.2,5125,False,Proposed,service,1,aware,none,0.2,0.55,2,0.674378631478612,1.41377011503224,0.16600214977853334,1.7307879387584522,22.413645067461793,0.4505406914996736,350,257,350,74.27957581415528,0.7342857142857143,1.1188999999998117,52.28819999999956,2.517195581019008,(gap/tau_g)^2+(speed/tau_v)^2+(lateral/tau_y)^2,False
retuned,2.2,5126,False,Proposed,service,1,aware,none,0.2,0.55,2,0.6684791531104648,1.424788901661957,0.16604271438455317,1.872776396919849,22.380942509500393,0.4080315298580144,350,256,350,74.27182852413611,0.7314285714285714,0.7953000000000543,1.6092000000007545,2.5194063679336223,(gap/tau_g)^2+(speed/tau_v)^2+(lateral/tau_y)^2,False
retuned,2.2,5127,False,Proposed,service,1,aware,none,0.2,0.55,2,0.6729916631518444,1.4148119250316311,0.1656134399822446,1.7694452314768043,22.173030849831576,0.40999381051400297,350,248,350,74.35124797884143,0.7085714285714285,0.783700000001275,1.3934999999989373,2.5121542778214048,(gap/tau_g)^2+(speed/tau_v)^2+(lateral/tau_y)^2,False
retuned,2.2,5128,False,Proposed,service,1,aware,none,0.2,0.55,2,0.6779968596742003,1.42723992281402,0.16605918815818896,1.745616457010818,22.529598183306156,0.4095727306004817,350,263,350,74.27016916315151,0.7514285714285714,0.8385999999980243,1.544800000001345,2.5458925327440354,(gap/tau_g)^2+(speed/tau_v)^2+(lateral/tau_y)^2,False
retuned,2.2,5129,False,Proposed,service,1,aware,none,0.2,0.55,2,0.6685883417112238,1.4169859508423208,0.1660527098001152,1.7865381476923874,22.477305340214386,0.45861506227295257,350,251,350,74.2758714971802,0.7171428571428572,0.7773499999981226,5.555600000000993,2.5084355136470884,(gap/tau_g)^2+(speed/tau_v)^2+(lateral/tau_y)^2,False
retuned,2.2,5130,False,Proposed,service,1,aware,none,0.2,0.55,2,0.675330420499373,1.4227448108418626,0.16578182635374766,1.7353199281511105,22.347853170803937,0.45879793781895084,350,272,350,74.3209271218335,0.7771428571428571,0.7715499999996211,1.3724000000010506,2.530640080989884,(gap/tau_g)^2+(speed/tau_v)^2+(lateral/tau_y)^2,False
retuned,2.3,5101,False,Proposed,service,1,aware,none,0.2,0.55,2,0.6855190849203393,1.4371892258650678,0.16559179823905243,1.7323581063519347,25.40927193967171,0.4550119448444848,350,255,350,74.36419272923919,0.7285714285714285,0.8944999999993541,56.50840000000201,2.5747917054808216,(gap/tau_g)^2+(speed/tau_v)^2+(lateral/tau_y)^2,False
retuned,2.3,5102,False,Proposed,service,1,aware,none,0.2,0.55,2,0.6848028416559212,1.440093579243171,0.16575675026129819,1.7829416565219738,25.370104419326346,0.403851222316265,350,248,350,74.33403992719515,0.7085714285714285,0.8746499999983115,7.322699999999571,2.5786768555473376,(gap/tau_g)^2+(speed/tau_v)^2+(lateral/tau_y)^2,False
retuned,2.3,5103,False,Proposed,service,1,aware,none,0.2,0.55,2,0.6808430803629844,1.446476927015107,0.1662631563948746,1.684269677352468,25.407035698818326,0.44811323542630954,350,279,350,74.23761456204542,0.7971428571428572,1.09600000000043,66.27340000000004,2.5826677226666144,(gap/tau_g)^2+(speed/tau_v)^2+(lateral/tau_y)^2,False
retuned,2.3,5104,False,Proposed,service,1,aware,none,0.2,0.55,2,0.6761253163388431,1.445191045347809,0.1654718945828283,1.7698835815279024,24.67969552470582,0.3837893223148994,350,258,350,74.38715841697916,0.7371428571428571,0.7783499999991506,1.8325000000025682,2.562827298488039,(gap/tau_g)^2+(speed/tau_v)^2+(lateral/tau_y)^2,False
retuned,2.3,5105,False,Proposed,service,1,aware,none,0.2,0.55,2,0.6808647030977532,1.4434876973450055,0.16547210564039974,1.740041536993857,25.56940841765941,0.4001514564034181,350,226,350,74.38977707117529,0.6457142857142857,0.793399999999167,1.399699999996784,2.571752046854944,(gap/tau_g)^2+(speed/tau_v)^2+(lateral/tau_y)^2,False
retuned,2.3,5106,False,Proposed,service,1,aware,none,0.2,0.55,2,0.6918016394743248,1.4583870022718657,0.16638899250740752,1.7402698450844676,24.794557618423788,0.43663580006354175,350,273,350,74.210850903099,0.78,0.8878000000009934,1.4225000000003263,2.628107523771054,(gap/tau_g)^2+(speed/tau_v)^2+(lateral/tau_y)^2,False
retuned,2.3,5107,False,Proposed,service,1,aware,none,0.2,0.55,2,0.6793239339563081,1.441182389948025,0.16547536223279186,1.772823917013818,25.175522559887916,0.4231581148697451,350,249,350,74.38235358766745,0.7114285714285714,1.1108499999998855,8.975700000000586,2.564660353473686,(gap/tau_g)^2+(speed/tau_v)^2+(lateral/tau_y)^2,False
retuned,2.3,5108,False,Proposed,service,1,aware,none,0.2,0.55,2,0.6747218634547321,1.4530662470422755,0.16562993747252366,1.764287158386476,25.318804944953776,0.361657900560414,350,250,350,74.35545478840871,0.7142857142857143,0.8068500000000256,5.066499999998086,2.572410187097674,(gap/tau_g)^2+(speed/tau_v)^2+(lateral/tau_y)^2,False
retuned,2.3,5109,False,Proposed,service,1,aware,none,0.2,0.55,2,0.6744701338964628,1.4483395850673457,0.16530556993680393,1.6128068984649435,25.343411086752567,0.4556965603801215,350,243,350,74.41260115160449,0.6942857142857143,0.8045500000015693,1.5199999999992997,2.5621258586542948,(gap/tau_g)^2+(speed/tau_v)^2+(lateral/tau_y)^2,False
retuned,2.3,5110,False,Proposed,service,1,aware,none,0.2,0.55,2,0.6784923793325724,1.446973663203095,0.1656316533003265,1.7624450684388302,25.165332669851217,0.455942718959241,350,222,350,74.35655414347204,0.6342857142857142,0.8510000000008233,7.995199999999869,2.5724805190454276,(gap/tau_g)^2+(speed/tau_v)^2+(lateral/tau_y)^2,False
retuned,2.3,5111,False,Proposed,service,1,aware,none,0.2,0.55,2,0.6753255275638025,1.4534287859050945,0.1649437658750931,1.7284046700358682,24.6801935480824,0.4602150127589847,350,242,350,74.48497350329153,0.6914285714285714,0.9883500000000822,63.23340000000144,2.5687258855866277,(gap/tau_g)^2+(speed/tau_v)^2+(lateral/tau_y)^2,False
retuned,2.3,5112,False,Proposed,service,1,aware,none,0.2,0.55,2,0.6775954459788851,1.43172753041977,0.1653515909194154,1.8338398187768623,25.168820785337587,0.23107679773147938,350,243,350,74.40493629028067,0.6942857142857143,0.9958000000001022,1.818100000001266,2.545608394902024,(gap/tau_g)^2+(speed/tau_v)^2+(lateral/tau_y)^2,False
retuned,2.3,5113,False,Proposed,service,1,aware,none,0.2,0.55,2,0.6818799632352788,1.457340993459578,0.16590134340509874,1.868660011959397,25.323046212056134,0.3704924055910329,350,241,350,74.30935185107877,0.6885714285714286,0.8713999999994115,2.0071999999977663,2.5982707051214824,(gap/tau_g)^2+(speed/tau_v)^2+(lateral/tau_y)^2,False
retuned,2.3,5114,False,Proposed,service,1,aware,none,0.2,0.55,2,0.6768524767188276,1.4368427122676977,0.16478298562574656,1.8074870609521787,25.11859559887465,0.3493904855965133,350,241,350,74.51676135742333,0.6885714285714286,1.046199999999331,2.177499999998389,2.5466128433574586,(gap/tau_g)^2+(speed/tau_v)^2+(lateral/tau_y)^2,False
retuned,2.3,5115,False,Proposed,service,1,aware,none,0.2,0.55,2,0.6842112485351534,1.4431733939299112,0.16534053990830616,1.8176712810437365,25.23022070208593,0.38224563808073897,350,248,350,74.40526570666272,0.7085714285714285,0.8307000000016274,4.792900000001765,2.5783224570319514,(gap/tau_g)^2+(speed/tau_v)^2+(lateral/tau_y)^2,False
retuned,2.3,5116,False,Proposed,service,1,aware,none,0.2,0.55,2,0.6611361640427684,1.4286972878403164,0.16504479416865095,1.7532164741149936,25.37222351668651,0.4173101012429743,350,258,350,74.46824427350167,0.7371428571428571,0.7918500000005935,2.95730000000205,2.4994793912814703,(gap/tau_g)^2+(speed/tau_v)^2+(lateral/tau_y)^2,False
retuned,2.3,5117,False,Proposed,service,1,aware,none,0.2,0.55,2,0.6973201778918182,1.4453589223029981,0.16517529452557456,1.772334174129725,25.35764574198234,0.41928309601360736,350,256,350,74.4307851340204,0.7314285714285714,0.8048500000015224,1.6180999999981793,2.612374217249644,(gap/tau_g)^2+(speed/tau_v)^2+(lateral/tau_y)^2,False
retuned,2.3,5118,False,Proposed,service,1,aware,none,0.2,0.55,2,0.6859557961448209,1.4428369014910487,0.16567161859820054,1.7773269712210442,25.125154440408792,0.4235993782802051,350,253,350,74.34636661322952,0.7228571428571429,0.8672499999970995,6.141500000001798,2.584816224808658,(gap/tau_g)^2+(speed/tau_v)^2+(lateral/tau_y)^2,False
retuned,2.3,5119,False,Proposed,service,1,aware,none,0.2,0.55,2,0.6817042225597064,1.4435128166211897,0.16608710953241976,1.7363992139884226,25.3187825114902,0.43981111242112825,350,228,350,74.26966962330482,0.6514285714285715,0.8921500000003135,58.80120000000133,2.5789204072910636,(gap/tau_g)^2+(speed/tau_v)^2+(lateral/tau_y)^2,False
retuned,2.3,5120,False,Proposed,service,1,aware,none,0.2,0.55,2,0.6643132294998709,1.4448881805369282,0.16583129283218517,1.6811442695644732,25.24078336477681,0.4852945543735011,350,234,350,74.31424230880097,0.6685714285714286,0.8756000000023079,1.5203999999968687,2.5372092349126096,(gap/tau_g)^2+(speed/tau_v)^2+(lateral/tau_y)^2,False
retuned,2.3,5121,False,Proposed,service,1,aware,none,0.2,0.55,2,0.6777580429225276,1.4408903661381398,0.1650561917312074,1.741853928107626,25.120550011929474,0.36236872182004976,350,234,350,74.46750402047189,0.6685714285714286,0.8988500000004507,1.6801000000015165,2.5569893681752935,(gap/tau_g)^2+(speed/tau_v)^2+(lateral/tau_y)^2,False
retuned,2.3,5122,False,Proposed,service,1,aware,none,0.2,0.55,2,0.6887180404669971,1.4312772970167709,0.16516134396959684,1.7651116181653512,25.325255844689444,0.4147179079132707,350,279,350,74.44539261231071,0.7971428571428572,0.9763500000001812,1.3195000000010282,2.5703955560031,(gap/tau_g)^2+(speed/tau_v)^2+(lateral/tau_y)^2,False
retuned,2.3,5123,False,Proposed,service,1,aware,none,0.2,0.55,2,0.6878794803691932,1.443003521061079,0.16561484257121087,1.6684380796801068,25.149756973046294,0.47335188792765903,350,237,350,74.35730828549845,0.6771428571428572,0.9097499999999314,7.581099999999452,2.589289677829343,(gap/tau_g)^2+(speed/tau_v)^2+(lateral/tau_y)^2,False
retuned,2.3,5124,False,Proposed,service,1,aware,none,0.2,0.55,2,0.7031667914897228,1.4345821494511335,0.16596731591631364,1.7561329317202763,25.24170656618439,0.45444544144488985,350,252,350,74.29688728249567,0.72,0.7601499999996264,6.727999999998957,2.617652717132635,(gap/tau_g)^2+(speed/tau_v)^2+(lateral/tau_y)^2,False
retuned,2.3,5125,False,Proposed,service,1,aware,none,0.2,0.55,2,0.6700873899788764,1.4461829328725961,0.1656983799914314,1.6814217846913064,25.192912962590633,0.46407831765602636,350,257,350,74.33948036154366,0.7342857142857143,0.8574500000015917,1.4657000000006803,2.5517152826105365,(gap/tau_g)^2+(speed/tau_v)^2+(lateral/tau_y)^2,False
retuned,2.3,5126,False,Proposed,service,1,aware,none,0.2,0.55,2,0.6820660454522423,1.4416431522099862,0.1657306984772388,1.7564727216771212,25.080032975197014,0.4365365828034795,350,252,350,74.33341301647941,0.72,0.9893500000011102,10.001100000000207,2.574088871128607,(gap/tau_g)^2+(speed/tau_v)^2+(lateral/tau_y)^2,False
retuned,2.3,5127,False,Proposed,service,1,aware,none,0.2,0.55,2,0.6774816249152606,1.4406522995538515,0.16531682578999737,1.7420604971754385,24.906729407913197,0.40986487482900213,350,248,350,74.40987800226935,0.7085714285714285,0.9146500000003499,92.60669999999749,2.5581260521456084,(gap/tau_g)^2+(speed/tau_v)^2+(lateral/tau_y)^2,False
retuned,2.3,5128,False,Proposed,service,1,aware,none,0.2,0.55,2,0.6892188579497235,1.4502533819678076,0.16577571611685352,1.778252026400495,25.196168031024328,0.39954096040705767,350,258,350,74.32722999308197,0.7371428571428571,0.7665499999998104,1.4657999999982962,2.604603400571118,(gap/tau_g)^2+(speed/tau_v)^2+(lateral/tau_y)^2,False
retuned,2.3,5129,False,Proposed,service,1,aware,none,0.2,0.55,2,0.6907498998800343,1.4315620942472322,0.16573150386674382,1.777941648244473,25.109580618105277,0.4103566293087405,350,255,350,74.33772180905322,0.7285714285714285,0.9750999999997845,1.6886999999989882,2.5805109923748795,(gap/tau_g)^2+(speed/tau_v)^2+(lateral/tau_y)^2,False
retuned,2.3,5130,False,Proposed,service,1,aware,none,0.2,0.55,2,0.6735374347987801,1.4540417264332415,0.16550847110736092,1.7820574931072521,24.68775944012898,0.39995889550503905,350,270,350,74.37509324639092,0.7714285714285715,0.7027500000003073,1.8720000000023163,2.5700125180987134,(gap/tau_g)^2+(speed/tau_v)^2+(lateral/tau_y)^2,False
retuned,2.4,5101,False,Proposed,service,1,aware,none,0.2,0.55,2,0.6887370437719565,1.4647927461275445,0.16532185439586997,1.6792459768110113,27.777397998248965,0.4664037589759171,350,261,350,74.4181072380238,0.7457142857142857,0.8186499999993657,68.08540000000107,2.6212902251953345,(gap/tau_g)^2+(speed/tau_v)^2+(lateral/tau_y)^2,False
retuned,2.4,5102,False,Proposed,service,1,aware,none,0.2,0.55,2,0.6837878227631099,1.4671269593104155,0.16547149047112844,1.7605020904134507,28.038895832331733,0.4401091610312765,350,242,350,74.38961037953783,0.6914285714285714,0.9402000000005017,7.804799999998835,2.613943069337617,(gap/tau_g)^2+(speed/tau_v)^2+(lateral/tau_y)^2,False
retuned,2.4,5103,False,Proposed,service,1,aware,none,0.2,0.55,2,0.6851121571253952,1.4683533046344341,0.16596449418374348,1.6238892168647865,27.93565691856412,0.4866307285853262,350,269,350,74.29754337874783,0.7685714285714286,0.7793999999989865,1.144900000003446,2.6230876387162443,(gap/tau_g)^2+(speed/tau_v)^2+(lateral/tau_y)^2,False
retuned,2.4,5104,False,Proposed,service,1,aware,none,0.2,0.55,2,0.6897059413142925,1.4641579438014451,0.1651874338338494,1.7762344342573901,27.828775796874496,0.3816676138975428,350,260,350,74.44261790251953,0.7428571428571429,3.0634500000008558,9.466300000003258,2.6216052659389755,(gap/tau_g)^2+(speed/tau_v)^2+(lateral/tau_y)^2,False
retuned,2.4,5105,False,Proposed,service,1,aware,none,0.2,0.55,2,0.6798151522448539,1.4681428281734656,0.16516406014475024,1.6081890790205322,28.27122419357103,0.46875483130770257,350,228,350,74.451002568242,0.6514285714285715,0.7657999999999276,86.13869999999935,2.6032927554801515,(gap/tau_g)^2+(speed/tau_v)^2+(lateral/tau_y)^2,False
retuned,2.4,5106,False,Proposed,service,1,aware,none,0.2,0.55,2,0.6872710729812379,1.485089601984307,0.16605493888999961,1.7485644333951016,27.65955083642553,0.33323591078926473,350,265,350,74.27589050403729,0.7571428571428571,0.755650000002106,1.8284000000008405,2.6543249142616028,(gap/tau_g)^2+(speed/tau_v)^2+(lateral/tau_y)^2,False
retuned,2.4,5107,False,Proposed,service,1,aware,none,0.2,0.55,2,0.674458541611082,1.4655708193836128,0.16517683091963128,1.621537912299376,27.68717577242291,0.46474946794274963,350,236,350,74.44321418974086,0.6742857142857143,0.9718499999991081,1.5298000000001366,2.5866518959626914,(gap/tau_g)^2+(speed/tau_v)^2+(lateral/tau_y)^2,False
retuned,2.4,5108,False,Proposed,service,1,aware,none,0.2,0.55,2,0.6752322963294594,1.4758349626402578,0.16534977025561887,1.6676275535824294,28.05553744964014,0.43489720591342085,350,245,350,74.41375198887812,0.7,0.8525500000011732,1.8659999999997012,2.6053410849831646,(gap/tau_g)^2+(speed/tau_v)^2+(lateral/tau_y)^2,False
retuned,2.4,5109,False,Proposed,service,1,aware,none,0.2,0.55,2,0.6763233682611556,1.4730935341445068,0.1650052755071327,1.6035515014986146,27.95020233246494,0.4611764359241466,350,246,350,74.47194468270008,0.7028571428571428,0.8974500000000774,6.578299999997483,2.6009929047310325,(gap/tau_g)^2+(speed/tau_v)^2+(lateral/tau_y)^2,False
retuned,2.4,5110,False,Proposed,service,1,aware,none,0.2,0.55,2,0.6917706381974363,1.4694451443656875,0.1653251396687393,1.7482103672582894,27.817990188612804,0.44677662852287936,350,239,350,74.41497949158972,0.6828571428571428,0.9065499999998394,8.904199999999918,2.635727458112757,(gap/tau_g)^2+(speed/tau_v)^2+(lateral/tau_y)^2,False
retuned,2.4,5111,False,Proposed,service,1,aware,none,0.2,0.55,2,0.6958632841778565,1.4642944514078418,0.16467482161067748,1.7133396896685886,28.16105191819735,0.41268644418602485,350,238,350,74.53975972149847,0.68,0.8771000000002971,1.2514999999986287,2.6327489148841816,(gap/tau_g)^2+(speed/tau_v)^2+(lateral/tau_y)^2,False
retuned,2.4,5112,False,Proposed,service,1,aware,none,0.2,0.55,2,0.6805043256284553,1.4558517315988593,0.1650542651687589,1.8103121597857572,27.888074062413644,0.24286481279125705,350,242,350,74.46364426775683,0.6914285714285714,1.0817000000002963,8.954400000000362,2.585716731903763,(gap/tau_g)^2+(speed/tau_v)^2+(lateral/tau_y)^2,False
retuned,2.4,5113,False,Proposed,service,1,aware,none,0.2,0.55,2,0.6811036317708735,1.4841065384406895,0.16559181724208236,1.8494079546265838,28.081853682672737,0.3807917167518696,350,236,350,74.369283596032,0.6742857142857143,1.2122500000018022,57.50269999999702,2.6339925300219096,(gap/tau_g)^2+(speed/tau_v)^2+(lateral/tau_y)^2,False
retuned,2.4,5114,False,Proposed,service,1,aware,none,0.2,0.55,2,0.6784882399546814,1.4583632805164295,0.16446697773014374,1.7770403605764082,27.66008184072998,0.3493449936064973,350,237,350,74.57997557370469,0.6771428571428572,0.8921000000015056,1.3545000000014795,2.579742085822409,(gap/tau_g)^2+(speed/tau_v)^2+(lateral/tau_y)^2,False
retuned,2.4,5115,False,Proposed,service,1,aware,none,0.2,0.55,2,0.6884976506343559,1.4701474475494978,0.16502416696741715,1.869217109785553,27.84379350515642,0.3002103930139791,350,261,350,74.46944881106047,0.7457142857142857,0.763950000001401,1.5275999999992962,2.6262638232614464,(gap/tau_g)^2+(speed/tau_v)^2+(lateral/tau_y)^2,False
retuned,2.4,5116,False,Proposed,service,1,aware,none,0.2,0.55,2,0.6655514065435688,1.4504993240939394,0.16474651346523872,1.7263303259164366,28.11511379677163,0.4392348131820363,350,259,350,74.52522853199604,0.74,0.7828000000014157,1.3940999999988435,2.5394604356143553,(gap/tau_g)^2+(speed/tau_v)^2+(lateral/tau_y)^2,False
retuned,2.4,5117,False,Proposed,service,1,aware,none,0.2,0.55,2,0.6904984255621149,1.475403830983055,0.16483430254559925,1.7304947537868418,27.94698769529083,0.4210811734258687,350,251,350,74.49795816775786,0.7171428571428572,0.8729499999997614,2.011599999999447,2.637502573230516,(gap/tau_g)^2+(speed/tau_v)^2+(lateral/tau_y)^2,False
retuned,2.4,5118,False,Proposed,service,1,aware,none,0.2,0.55,2,0.682375689977801,1.466104718524306,0.16539565307977383,1.8084737762790937,27.959488194741276,0.4093394847977896,350,260,350,74.40088744069722,0.7428571428571429,0.8211500000001593,1.6753000000022666,2.608356239150986,(gap/tau_g)^2+(speed/tau_v)^2+(lateral/tau_y)^2,False
retuned,2.4,5119,False,Proposed,service,1,aware,none,0.2,0.55,2,0.6839020758024547,1.468703334195084,0.16577385107248602,1.6985740593752479,28.049520677020816,0.45941697965575334,350,233,350,74.33164411980668,0.6657142857142857,0.9382999999996144,1.2696999999981529,2.619085967004298,(gap/tau_g)^2+(speed/tau_v)^2+(lateral/tau_y)^2,False
retuned,2.4,5120,False,Proposed,service,1,aware,none,0.2,0.55,2,0.6697848787338192,1.4688452962892051,0.16553453487051217,1.6584580012237127,27.99631007081561,0.48753323012717764,350,235,350,74.37305042941819,0.6714285714285714,0.7696999999993182,2.8410999999977093,2.583342740633756,(gap/tau_g)^2+(speed/tau_v)^2+(lateral/tau_y)^2,False
retuned,2.4,5121,False,Proposed,service,1,aware,none,0.2,0.55,2,0.6891367219175953,1.4581218810127816,0.16478277307360048,1.7099525609834694,27.80523965147782,0.48128819517902177,350,236,350,74.52200848228763,0.6742857142857143,1.2930999999980486,57.602899999999124,2.607872279602774,(gap/tau_g)^2+(speed/tau_v)^2+(lateral/tau_y)^2,False
retuned,2.4,5122,False,Proposed,service,1,aware,none,0.2,0.55,2,0.6921451271905371,1.455483425407858,0.1648862763846594,1.7409759734935295,27.835438980134832,0.4278599499973105,350,270,350,74.50018738238843,0.7714285714285715,0.8684000000016567,1.6122999999979015,2.6121906500072347,(gap/tau_g)^2+(speed/tau_v)^2+(lateral/tau_y)^2,False
retuned,2.4,5123,False,Proposed,service,1,aware,none,0.2,0.55,2,0.6933819499444286,1.4677987012644644,0.165323589880874,1.727384767072143,27.646272203594982,0.46598447241896346,350,248,350,74.41423008357711,0.7085714285714285,0.8489499999999595,3.4449000000016383,2.637215142493861,(gap/tau_g)^2+(speed/tau_v)^2+(lateral/tau_y)^2,False
retuned,2.4,5124,False,Proposed,service,1,aware,none,0.2,0.55,2,0.7025268743199645,1.4669587574568566,0.16564906788667272,1.6583856701845416,27.646761764249604,0.4873759496207577,350,254,350,74.35626477025365,0.7257142857142858,0.7596500000008888,1.4006000000001961,2.661344769243228,(gap/tau_g)^2+(speed/tau_v)^2+(lateral/tau_y)^2,False
retuned,2.4,5125,False,Proposed,service,1,aware,none,0.2,0.55,2,0.6891987724389607,1.4610819907541595,0.16541876284210008,1.6741863636291074,27.56061137274996,0.44832592212743894,350,271,350,74.39430297611197,0.7742857142857142,0.8510999999984392,1.8209000000020126,2.6176832036097526,(gap/tau_g)^2+(speed/tau_v)^2+(lateral/tau_y)^2,False
retuned,2.4,5126,False,Proposed,service,1,aware,none,0.2,0.55,2,0.685230057590777,1.4696769871164312,0.16542485154092088,1.7434705342384145,27.805967072310906,0.41273958164267455,350,247,350,74.39334009632528,0.7057142857142857,0.8714499999999958,1.5268000000006055,2.6208882615040068,(gap/tau_g)^2+(speed/tau_v)^2+(lateral/tau_y)^2,False
retuned,2.4,5127,False,Proposed,service,1,aware,none,0.2,0.55,2,0.6791360513658663,1.4646673885811796,0.16501788375480536,1.7217656103905015,27.65685706847634,0.40988755267765764,350,248,350,74.46953584351927,0.7085714285714285,0.8999000000002866,1.2927000000004796,2.595245075969669,(gap/tau_g)^2+(speed/tau_v)^2+(lateral/tau_y)^2,False
retuned,2.4,5128,False,Proposed,service,1,aware,none,0.2,0.55,2,0.6866446271783989,1.4783914347428135,0.16545522246076674,1.7605101650024402,27.83345816967406,0.40355688840015,350,259,350,74.39189298762814,0.74,0.7754000000019801,4.590000000000316,2.637697011893417,(gap/tau_g)^2+(speed/tau_v)^2+(lateral/tau_y)^2,False
retuned,2.4,5129,False,Proposed,service,1,aware,none,0.2,0.55,2,0.687810736940422,1.4609634847622204,0.1654182292015767,1.650086905321032,27.90235203689337,0.49474480367396867,350,258,350,74.39671067936666,0.7371428571428571,1.1159500000026412,69.2920000000008,2.6141041821260425,(gap/tau_g)^2+(speed/tau_v)^2+(lateral/tau_y)^2,False
retuned,2.4,5130,False,Proposed,service,1,aware,none,0.2,0.55,2,0.6864417229007291,1.4704406011423177,0.16521199590949956,1.668850359321245,27.379148251630568,0.4388138272209524,350,277,350,74.43462286132265,0.7914285714285715,0.845899999999844,1.5883999999992682,2.6232289597938334,(gap/tau_g)^2+(speed/tau_v)^2+(lateral/tau_y)^2,False
retuned,2.5,5101,False,Proposed,service,1,aware,none,0.2,0.55,2,0.6916561211907625,1.4877869156059726,0.16502083908272783,1.707485227921848,30.57942600699775,0.4431358667930234,350,254,350,74.47696893584619,0.7257142857142858,0.7833000000001533,45.50349999999881,2.6606066154903347,(gap/tau_g)^2+(speed/tau_v)^2+(lateral/tau_y)^2,False
retuned,2.5,5102,False,Proposed,service,1,aware,none,0.2,0.55,2,0.6863903015508797,1.4885365880006571,0.1651716868661977,1.7174666702572403,30.775407962369826,0.4459562768267461,350,250,350,74.44862073678112,0.7142857142857143,0.7270500000000624,1.3944999999999652,2.6500897150572644,(gap/tau_g)^2+(speed/tau_v)^2+(lateral/tau_y)^2,False
retuned,2.5,5103,False,Proposed,service,1,aware,none,0.2,0.55,2,0.6926195097420984,1.4922250929432228,0.16566259028614913,1.7749035260251054,30.714640332168003,0.43531825793402534,350,271,350,74.35667597759031,0.7742857142857142,0.8326499999995463,2.033999999998315,2.675030732034033,(gap/tau_g)^2+(speed/tau_v)^2+(lateral/tau_y)^2,False
retuned,2.5,5104,False,Proposed,service,1,aware,none,0.2,0.55,2,0.6817512738856131,1.4869393779374538,0.16489717560846776,1.7129573903619557,31.021812036772005,0.4492042541726662,350,273,350,74.50077890042648,0.78,0.79849999999837,1.540199999997327,2.6341165171464405,(gap/tau_g)^2+(speed/tau_v)^2+(lateral/tau_y)^2,False
retuned,2.5,5105,False,Proposed,service,1,aware,none,0.2,0.55,2,0.6809911004360234,1.4911008883046613,0.16486911113258076,1.6905675635887263,30.986743035948855,0.4315120436088844,350,227,350,74.50840931511058,0.6485714285714286,0.7711999999990837,2.0446000000013953,2.6383665460133985,(gap/tau_g)^2+(speed/tau_v)^2+(lateral/tau_y)^2,False
retuned,2.5,5106,False,Proposed,service,1,aware,none,0.2,0.55,2,0.6907380607461657,1.5038517179473088,0.16580026026555444,1.723038189587016,30.452446473971115,0.4801159313716632,350,267,350,74.32669274318717,0.7628571428571429,0.7982000000001932,2.9836000000003082,2.689317074627235,(gap/tau_g)^2+(speed/tau_v)^2+(lateral/tau_y)^2,False
retuned,2.5,5107,False,Proposed,service,1,aware,none,0.2,0.55,2,0.6800478523205569,1.48992131488072,0.1648972682620157,1.6435303933325478,30.347581041067954,0.49188289860988144,350,244,350,74.49921847134932,0.6971428571428572,1.145149999999262,59.767300000000745,2.6345223230932393,(gap/tau_g)^2+(speed/tau_v)^2+(lateral/tau_y)^2,False
retuned,2.5,5108,False,Proposed,service,1,aware,none,0.2,0.55,2,0.6769708110339734,1.4988113455506136,0.16505024226379114,1.6481684845302913,30.78260637078568,0.4378008976928315,350,245,350,74.47281873685382,0.7,0.9630000000022676,8.903499999998843,2.6419169488100565,(gap/tau_g)^2+(speed/tau_v)^2+(lateral/tau_y)^2,False
retuned,2.5,5109,False,Proposed,service,1,aware,none,0.2,0.55,2,0.687609154048943,1.4902574908472137,0.16471501591718868,1.6468049777368101,30.70704443591665,0.41215651656725916,350,252,350,74.52802990963309,0.72,0.7549000000022232,1.6466000000008307,2.651916138328858,(gap/tau_g)^2+(speed/tau_v)^2+(lateral/tau_y)^2,False
retuned,2.5,5110,False,Proposed,service,1,aware,none,0.2,0.55,2,0.6904297109752402,1.4952323658876059,0.16500406901733897,1.6971606414409666,30.685670814711244,0.45327458375322316,350,234,350,74.47765236809654,0.6685714285714286,0.8691499999997632,1.5275999999992962,2.668786503967153,(gap/tau_g)^2+(speed/tau_v)^2+(lateral/tau_y)^2,False
retuned,2.5,5111,False,Proposed,service,1,aware,none,0.2,0.55,2,0.6942067033955466,1.4893963373966967,0.16439777579465703,1.707347345076115,30.543635604321402,0.4130491823120127,350,234,350,74.59668704315307,0.6685714285714286,0.8309999999980278,2.042400000000555,2.6642040770088813,(gap/tau_g)^2+(speed/tau_v)^2+(lateral/tau_y)^2,False
retuned,2.5,5112,False,Proposed,service,1,aware,none,0.2,0.55,2,0.6850577238032528,1.48007541762035,0.1647685966566712,1.7944909353469227,30.62791106931435,0.2545479205974108,350,242,350,74.5185915960788,0.6914285714285714,0.8866999999987968,1.5464999999998952,2.6307005536445107,(gap/tau_g)^2+(speed/tau_v)^2+(lateral/tau_y)^2,False
retuned,2.5,5113,False,Proposed,service,1,aware,none,0.2,0.55,2,0.6967315317475871,1.4989629497228696,0.16526794144115206,1.8198274412377569,30.44296009316944,0.4420737974605208,350,245,350,74.43067549067806,0.7,0.8999000000002866,1.544800000001345,2.6922049708255233,(gap/tau_g)^2+(speed/tau_v)^2+(lateral/tau_y)^2,False
retuned,2.5,5114,False,Proposed,service,1,aware,none,0.2,0.55,2,0.6800576056437602,1.4774228154672988,0.16419833556840338,1.6052555042157364,30.724952632537907,0.4940326526121791,350,228,350,74.63204699918,0.6514285714285715,0.9035500000003083,11.642399999999498,2.60987339759715,(gap/tau_g)^2+(speed/tau_v)^2+(lateral/tau_y)^2,False
retuned,2.5,5115,False,Proposed,service,1,aware,none,0.2,0.55,2,0.6910286821221107,1.4898939002662082,0.16470900594945795,1.72946888167236,30.543456293545432,0.41541022042316467,350,254,350,74.53060109753606,0.7257142857142858,1.1761499999991543,52.7534999999979,2.6596947698569346,(gap/tau_g)^2+(speed/tau_v)^2+(lateral/tau_y)^2,False
retuned,2.5,5116,False,Proposed,service,1,aware,none,0.2,0.55,2,0.6688249255280982,1.469304644048719,0.1644477630033071,1.6610185445976906,30.562471607905948,0.40881385554098937,350,263,350,74.5852672727332,0.7514285714285714,0.8510499999996313,2.1273000000014974,2.5727814923669965,(gap/tau_g)^2+(speed/tau_v)^2+(lateral/tau_y)^2,False
retuned,2.5,5117,False,Proposed,service,1,aware,none,0.2,0.55,2,0.6930700368725877,1.4984745159533928,0.1645528960651164,1.7097177362762448,30.585643107739187,0.42280390882976215,350,252,350,74.55408557021026,0.72,0.7887999999987017,1.3193999999998596,2.6765154160688303,(gap/tau_g)^2+(speed/tau_v)^2+(lateral/tau_y)^2,False
retuned,2.5,5118,False,Proposed,service,1,aware,none,0.2,0.55,2,0.6829726791891375,1.4874565750103632,0.16506944263264606,1.7810885969348593,30.637892792832133,0.4103734277079649,350,264,350,74.46420361053906,0.7542857142857143,0.8319500000002478,1.9503999999983535,2.639285792341121,(gap/tau_g)^2+(speed/tau_v)^2+(lateral/tau_y)^2,False
retuned,2.5,5119,False,Proposed,service,1,aware,none,0.2,0.55,2,0.6798094018391453,1.4930315678380761,0.16543654939160218,1.7115883793861812,30.84240416306349,0.47759851813669885,350,212,350,74.39688528451046,0.6057142857142858,0.901100000000099,1.546299999997558,2.643132972996713,(gap/tau_g)^2+(speed/tau_v)^2+(lateral/tau_y)^2,False
retuned,2.5,5120,False,Proposed,service,1,aware,none,0.2,0.55,2,0.6829287069137928,1.4846959050170805,0.16523370079781988,1.696309450827638,30.730801135116877,0.41678238411104895,350,235,350,74.43267028226434,0.6714285714285714,0.7853999999998251,1.6379000000021904,2.6363490986075884,(gap/tau_g)^2+(speed/tau_v)^2+(lateral/tau_y)^2,False
retuned,2.5,5121,False,Proposed,service,1,aware,none,0.2,0.55,2,0.68377809449039,1.482483527776347,0.1644819534226231,1.6195806872051377,30.405461881441063,0.4467266774560167,350,248,350,74.58165874438077,0.7085714285714285,0.9429500000006641,2.1205999999978076,2.628867039470927,(gap/tau_g)^2+(speed/tau_v)^2+(lateral/tau_y)^2,False
retuned,2.5,5122,False,Proposed,service,1,aware,none,0.2,0.55,2,0.6843790835272854,1.4814799892784185,0.16458160735251887,1.6669597889815992,30.40716459468851,0.4751338241037655,350,262,350,74.56041277114952,0.7485714285714286,0.8099500000007254,6.570500000002255,2.6296310473732056,(gap/tau_g)^2+(speed/tau_v)^2+(lateral/tau_y)^2,False
retuned,2.5,5123,False,Proposed,service,1,aware,none,0.2,0.55,2,0.688699265496619,1.4913195469476328,0.16501194225621785,1.6485869374127005,30.643283382352266,0.40607595452628675,350,253,350,74.47544249518018,0.7228571428571429,0.9723000000008142,53.433999999999315,2.658646619657823,(gap/tau_g)^2+(speed/tau_v)^2+(lateral/tau_y)^2,False
retuned,2.5,5124,False,Proposed,service,1,aware,none,0.2,0.55,2,0.7069332928583562,1.4871241046568684,0.1653623382818953,1.7190105723791096,30.89498681190662,0.42780996259677495,350,258,350,74.4134949127555,0.7371428571428571,0.8835499999992891,2.2917999999982896,2.700406105135317,(gap/tau_g)^2+(speed/tau_v)^2+(lateral/tau_y)^2,False
retuned,2.5,5125,False,Proposed,service,1,aware,none,0.2,0.55,2,0.678056229128403,1.4897649065271517,0.16511635844014613,1.6154733192196433,30.54932207042671,0.47035198397419153,350,252,350,74.45485487363172,0.72,0.9655500000000927,1.3892999999995936,2.631283522715577,(gap/tau_g)^2+(speed/tau_v)^2+(lateral/tau_y)^2,False
retuned,2.5,5126,False,Proposed,service,1,aware,none,0.2,0.55,2,0.6964462270215871,1.4863109289893732,0.16513334291862775,1.810111491688733,30.59615434357734,0.430369688686546,350,247,350,74.45293337467054,0.7057142857142857,0.8862500000006435,1.886700000000019,2.6711162721571946,(gap/tau_g)^2+(speed/tau_v)^2+(lateral/tau_y)^2,False
retuned,2.5,5127,False,Proposed,service,1,aware,none,0.2,0.55,2,0.6804735066082095,1.4857947805772367,0.16474707388329113,1.6255887897220958,30.422012975267094,0.45545870614829453,350,247,350,74.5241847973447,0.7057142857142857,0.8694499999997163,1.6129999999989764,2.6280490896967876,(gap/tau_g)^2+(speed/tau_v)^2+(lateral/tau_y)^2,False
retuned,2.5,5128,False,Proposed,service,1,aware,none,0.2,0.55,2,0.6945205378678764,1.4989429711417404,0.1651615232303808,1.7290135778804139,30.130068771185513,0.40882741017209234,350,272,350,74.44785860573492,0.7771428571428571,0.8289499999989403,1.5257999999995775,2.68582678690204,(gap/tau_g)^2+(speed/tau_v)^2+(lateral/tau_y)^2,False
retuned,2.5,5129,False,Proposed,service,1,aware,none,0.2,0.55,2,0.691154114241053,1.484249103561251,0.16509579963127005,1.6534286555263804,30.87406824037133,0.41591431030972525,350,249,350,74.46108821645353,0.7114285714285714,0.9083500000013345,2.0705999999997005,2.6546266169228017,(gap/tau_g)^2+(speed/tau_v)^2+(lateral/tau_y)^2,False
retuned,2.5,5130,False,Proposed,service,1,aware,none,0.2,0.55,2,0.6882057526523432,1.4939362017986926,0.1649209372002126,1.6951567576618565,30.27153400443111,0.45111709786526144,350,273,350,74.49208563099802,0.78,0.9334500000015566,6.154199999997445,2.6606733445112845,(gap/tau_g)^2+(speed/tau_v)^2+(lateral/tau_y)^2,False
retuned,2.6,5101,False,Proposed,service,1,aware,none,0.2,0.55,2,0.6873964853806974,1.5073066772082684,0.16472221236972096,1.645968676969532,33.45621754329577,0.4943031905446055,350,263,350,74.53673945606421,0.7514285714285714,0.9201999999994825,49.99400000000165,2.677530054105079,(gap/tau_g)^2+(speed/tau_v)^2+(lateral/tau_y)^2,False
retuned,2.6,5102,False,Proposed,service,1,aware,none,0.2,0.55,2,0.6806999342963581,1.512880187549411,0.16487265644442056,1.670280165703667,33.532942303386506,0.4871723402399173,350,244,350,74.50906138222584,0.6971428571428572,0.8447999999976474,1.7483000000027005,2.6710708209738048,(gap/tau_g)^2+(speed/tau_v)^2+(lateral/tau_y)^2,False
retuned,2.6,5103,False,Proposed,service,1,aware,none,0.2,0.55,2,0.690271373155674,1.5139562661276438,0.16532985988848345,1.701304159473803,33.458791481129644,0.4577961292620042,350,274,350,74.42130169219195,0.7828571428571428,0.805399999999068,1.3277999999985468,2.6998351557065408,(gap/tau_g)^2+(speed/tau_v)^2+(lateral/tau_y)^2,False
retuned,2.6,5104,False,Proposed,service,1,aware,none,0.2,0.55,2,0.6746126692036356,1.5135086824447068,0.16462346825094826,1.6636074729830779,33.4641469822852,0.4493297622347472,350,270,350,74.55535793926443,0.7714285714285715,0.8266499999987076,1.4876999999984264,2.6553216730475904,(gap/tau_g)^2+(speed/tau_v)^2+(lateral/tau_y)^2,False
retuned,2.6,5105,False,Proposed,service,1,aware,none,0.2,0.55,2,0.6780624437987389,1.517491189362502,0.1645772232290896,1.6217396032220883,33.60867746898269,0.44599692688153536,350,232,350,74.5678747691561,0.6628571428571428,0.9207500000005808,1.6825000000011414,2.6693956032573976,(gap/tau_g)^2+(speed/tau_v)^2+(lateral/tau_y)^2,False
retuned,2.6,5106,False,Proposed,service,1,aware,none,0.2,0.55,2,0.6914640165370569,1.526122012217889,0.1654933159307321,1.7002338468641398,33.12548246274952,0.4830754118454095,350,264,350,74.38721157818064,0.7542857142857143,0.8991499999986274,1.2745999999985713,2.7229864694536903,(gap/tau_g)^2+(speed/tau_v)^2+(lateral/tau_y)^2,False
retuned,2.6,5107,False,Proposed,service,1,aware,none,0.2,0.55,2,0.6804130063483359,1.5072056187782985,0.164612342856237,1.7231661627656043,33.56727132365137,0.4167008197387384,350,243,350,74.5562594145459,0.6942857142857143,0.8905499999993793,2.3751999999994666,2.6594885730582347,(gap/tau_g)^2+(speed/tau_v)^2+(lateral/tau_y)^2,False
retuned,2.6,5108,False,Proposed,service,1,aware,none,0.2,0.55,2,0.6704934107191353,1.5238856926955018,0.16473610122709173,1.6160966273425912,33.51342626394608,0.4166268532677859,350,242,350,74.53427453268857,0.6914285714285714,1.250749999998746,11.967399999999628,2.662479869665116,(gap/tau_g)^2+(speed/tau_v)^2+(lateral/tau_y)^2,False
retuned,2.6,5109,False,Proposed,service,1,aware,none,0.2,0.55,2,0.7022433478791131,1.5021308518714687,0.16444515818593736,1.5468773894787726,33.41481432682886,0.47978388789957316,350,249,350,74.58290435570254,0.7114285714285714,0.8416500000016924,54.27720000000136,2.7039817610897856,(gap/tau_g)^2+(speed/tau_v)^2+(lateral/tau_y)^2,False
retuned,2.6,5110,False,Proposed,service,1,aware,none,0.2,0.55,2,0.692928874532499,1.5152933631584495,0.16474373508159393,1.7213346612175826,33.227752975153614,0.4570116092522839,350,238,350,74.52934160945196,0.68,0.9086000000007033,4.203799999999092,2.703599934726827,(gap/tau_g)^2+(speed/tau_v)^2+(lateral/tau_y)^2,False
retuned,2.6,5111,False,Proposed,service,1,aware,none,0.2,0.55,2,0.6817867119171493,1.5147124504786529,0.16409007297247014,1.6326916937802582,33.44297722646707,0.4568313694394176,350,236,350,74.65398660112768,0.6742857142857143,0.9237999999989199,1.5527000000012947,2.67009747065078,(gap/tau_g)^2+(speed/tau_v)^2+(lateral/tau_y)^2,False
retuned,2.6,5112,False,Proposed,service,1,aware,none,0.2,0.55,2,0.6813172262121033,1.4958327860029395,0.164464037804805,1.6971192652022988,33.52208868263898,0.41381771976008275,350,241,350,74.58211664071993,0.6885714285714286,0.9202500000000668,1.5757999999976846,2.6430324375196963,(gap/tau_g)^2+(speed/tau_v)^2+(lateral/tau_y)^2,False
retuned,2.6,5113,False,Proposed,service,1,aware,none,0.2,0.55,2,0.6971987187152214,1.5198777101543004,0.1650065910368333,1.6607961890152574,33.332128240913754,0.4308594982972038,350,226,350,74.48358719737475,0.6457142857142857,0.7890999999986548,1.6703000000006796,2.7234182047109843,(gap/tau_g)^2+(speed/tau_v)^2+(lateral/tau_y)^2,False
retuned,2.6,5114,False,Proposed,service,1,aware,none,0.2,0.55,2,0.6824781466519707,1.4946980330777897,0.16388303052761047,1.6243283925750818,33.358408150624086,0.40326615924062303,350,241,350,74.6945602413032,0.6885714285714286,0.8906999999993559,1.3861999999988939,2.6393464328829896,(gap/tau_g)^2+(speed/tau_v)^2+(lateral/tau_y)^2,False
retuned,2.6,5115,False,Proposed,service,1,aware,none,0.2,0.55,2,0.6919028481525249,1.511248724384254,0.164418753333544,1.7069908161327452,33.25758554112243,0.4198937147167302,350,254,350,74.5881632628515,0.7257142857142858,0.8545000000008685,2.0956000000005304,2.6921540960446873,(gap/tau_g)^2+(speed/tau_v)^2+(lateral/tau_y)^2,False
retuned,2.6,5116,False,Proposed,service,1,aware,none,0.2,0.55,2,0.6718488244614117,1.4946844591792363,0.16414588283937984,1.6865365724528227,32.91925468644252,0.4286102822430502,350,255,350,74.6424070894234,0.7285714285714285,1.0579499999998632,9.365700000000032,2.615889170811988,(gap/tau_g)^2+(speed/tau_v)^2+(lateral/tau_y)^2,False
retuned,2.6,5117,False,Proposed,service,1,aware,none,0.2,0.55,2,0.6885263103244208,1.5206500401842344,0.16423983735050662,1.661212106267029,33.31551988667389,0.42445206613840725,350,242,350,74.61503443594736,0.6914285714285714,1.1295500000017,54.6414999999989,2.696940464611674,(gap/tau_g)^2+(speed/tau_v)^2+(lateral/tau_y)^2,False
retuned,2.6,5118,False,Proposed,service,1,aware,none,0.2,0.55,2,0.6834463536935902,1.5093895807152322,0.16477451083632894,1.7566897204274994,33.329581740510726,0.4114818252518001,350,264,350,74.52250559127216,0.7542857142857143,0.5562499999989257,1.4150000000014984,2.671540035287192,(gap/tau_g)^2+(speed/tau_v)^2+(lateral/tau_y)^2,False
retuned,2.6,5119,False,Proposed,service,1,aware,none,0.2,0.55,2,0.6947322585955307,1.5050957350189087,0.16516252969232695,1.669864859913224,33.34665094155466,0.46088199571862853,350,217,350,74.4521492690972,0.62,0.4175000000010698,1.528300000000371,2.6957881764639593,(gap/tau_g)^2+(speed/tau_v)^2+(lateral/tau_y)^2,False
retuned,2.6,5120,False,Proposed,service,1,aware,none,0.2,0.55,2,0.6836169233719213,1.5065021945327246,0.1649325795134842,1.67470982246863,33.43420470505729,0.4187622773792806,350,236,350,74.4921758033882,0.6742857142857143,0.5265499999982381,2.127500000000282,2.668814606074059,(gap/tau_g)^2+(speed/tau_v)^2+(lateral/tau_y)^2,False
retuned,2.6,5121,False,Proposed,service,1,aware,none,0.2,0.55,2,0.6916676153364787,1.5010366605405283,0.16419112308041203,1.6933647540082022,33.18820435795859,0.44764546680484163,350,237,350,74.63818285633762,0.6771428571428572,0.5132000000003245,1.2972999999973922,2.674010739936401,(gap/tau_g)^2+(speed/tau_v)^2+(lateral/tau_y)^2,False
retuned,2.6,5122,False,Proposed,service,1,aware,none,0.2,0.55,2,0.6916956078619333,1.5043551205366816,0.16431324994855193,1.7768028480565101,33.25725187866606,0.4381233064219837,350,266,350,74.61442867790939,0.76,0.4877500000013413,1.2228000000007455,2.6801709668423097,(gap/tau_g)^2+(speed/tau_v)^2+(lateral/tau_y)^2,False
retuned,2.6,5123,False,Proposed,service,1,aware,none,0.2,0.55,2,0.6858137744949081,1.5145849691834554,0.16474379767155867,1.598266325088609,33.016554760882855,0.4771168896689496,350,242,350,74.52983567946875,0.6914285714285714,0.42160000000102116,1.061899999999838,2.6850655672328236,(gap/tau_g)^2+(speed/tau_v)^2+(lateral/tau_y)^2,False
retuned,2.6,5124,False,Proposed,service,1,aware,none,0.2,0.55,2,0.7116701070266966,1.5071487358190148,0.16505911903609205,1.7969651268325615,33.525234588801574,0.3276200016187254,350,260,350,74.4728391529537,0.7428571428571429,0.4685999999995971,1.205000000002343,2.740438848226397,(gap/tau_g)^2+(speed/tau_v)^2+(lateral/tau_y)^2,False
retuned,2.6,5125,False,Proposed,service,1,aware,none,0.2,0.55,2,0.6973324725687466,1.5023629546708277,0.16482245416854005,1.6787154062428749,33.32515088007228,0.4893944032713611,350,268,350,74.51114981803127,0.7657142857142857,0.8498499999998188,53.34240000000179,2.695224416597334,(gap/tau_g)^2+(speed/tau_v)^2+(lateral/tau_y)^2,False
retuned,2.6,5126,False,Proposed,service,1,aware,none,0.2,0.55,2,0.697585875628403,1.5089541577128218,0.164839640657087,1.8405547153603232,32.80331041713719,0.43597876975273675,350,237,350,74.51290375876658,0.6771428571428572,0.5135500000008619,1.933900000000932,2.7061210966815006,(gap/tau_g)^2+(speed/tau_v)^2+(lateral/tau_y)^2,False
retuned,2.6,5127,False,Proposed,service,1,aware,none,0.2,0.55,2,0.6885825161605432,1.5033036325879232,0.16442343293800657,1.6976367651064428,33.442449548077796,0.45460701114021873,350,243,350,74.58800246391817,0.6942857142857143,0.4416500000008483,0.8721999999998786,2.671823976670283,(gap/tau_g)^2+(speed/tau_v)^2+(lateral/tau_y)^2,False
retuned,2.6,5128,False,Proposed,service,1,aware,none,0.2,0.55,2,0.6933443654628292,1.5221922042458247,0.16487191546069374,1.6417769890561542,32.8148993602634,0.4385052352771637,350,258,350,74.50534765179668,0.7371428571428571,0.5454000000000292,1.4289999999981262,2.7163715556610226,(gap/tau_g)^2+(speed/tau_v)^2+(lateral/tau_y)^2,False
retuned,2.6,5129,False,Proposed,service,1,aware,none,0.2,0.55,2,0.6913295527740327,1.5077018612377122,0.1648258464671236,1.6417954647760828,33.571929535229124,0.41949080756249124,350,246,350,74.51304486466641,0.7028571428571428,0.45479999999997744,1.1219000000011192,2.6886319817438347,(gap/tau_g)^2+(speed/tau_v)^2+(lateral/tau_y)^2,False
retuned,2.6,5130,False,Proposed,service,1,aware,none,0.2,0.55,2,0.6948644204247661,1.5121000204216213,0.16461891970771644,1.6562599703983045,33.43342217894057,0.4850190699900484,350,281,350,74.55277214053464,0.8028571428571428,0.49959999999948934,1.1961000000013655,2.7024151520645487,(gap/tau_g)^2+(speed/tau_v)^2+(lateral/tau_y)^2,False
fixed_at_2.0_s,1.8,5101,True,Proposed,service,1,aware,none,0.2,0.55,2,0.6274763438704702,1.3024323756396927,0.16716099835975093,1.7971275125679742,11.366938564530592,0.4154497291546818,350,261,350,74.05959018829358,0.7457142857142857,0.4131999999987812,1.3667999999995573,2.264002854271547,(gap/tau_g)^2+(speed/tau_v)^2+(lateral/tau_y)^2,False
fixed_at_2.0_s,1.8,5102,True,Proposed,service,1,aware,none,0.2,0.55,2,0.6078700686217284,1.3191273146030276,0.16735426636254705,1.859828690259696,11.500069703703474,0.4388946567049533,350,224,350,74.0238622028233,0.64,0.3855000000001496,0.7936000000015042,2.2448903800325084,(gap/tau_g)^2+(speed/tau_v)^2+(lateral/tau_y)^2,False
fixed_at_2.0_s,1.8,5103,True,Proposed,service,1,aware,none,0.2,0.55,2,0.6162959535967989,1.3115216575647624,0.1678939340792328,1.7414969452341986,11.341230609643674,0.3816045167792699,350,267,350,73.92312330281366,0.7628571428571429,0.9230000000002292,8.10859999999991,2.257542590113533,(gap/tau_g)^2+(speed/tau_v)^2+(lateral/tau_y)^2,False
fixed_at_2.0_s,1.8,5104,True,Proposed,service,1,aware,none,0.2,0.55,2,0.6204097555234116,1.3068935723882282,0.1670882238221605,1.8745724647474322,11.713332648760357,0.4054688624338608,350,246,350,74.07420150001042,0.7028571428571428,0.3855000000001496,1.135200000000225,2.253656901395877,(gap/tau_g)^2+(speed/tau_v)^2+(lateral/tau_y)^2,False
fixed_at_2.0_s,1.8,5105,True,Proposed,service,1,aware,none,0.2,0.55,2,0.6084391010071842,1.3165679219574316,0.16701953235664083,1.7533943160726755,11.723401321230895,0.3896026663984018,350,229,350,74.08866991520237,0.6542857142857142,0.4203000000000401,1.077399999999784,2.239880933348515,(gap/tau_g)^2+(speed/tau_v)^2+(lateral/tau_y)^2,False
fixed_at_2.0_s,1.8,5106,True,Proposed,service,1,aware,none,0.2,0.55,2,0.6048172667499317,1.3377703296170829,0.1680552025945428,1.8229256491835906,11.249143090434515,0.4540119723491176,350,259,350,73.89212051340706,0.74,0.42235000000090395,1.5666000000003066,2.269458121377319,(gap/tau_g)^2+(speed/tau_v)^2+(lateral/tau_y)^2,False
fixed_at_2.0_s,1.8,5107,True,Proposed,service,1,aware,none,0.2,0.55,2,0.6036132960906085,1.31838783036117,0.16701327673545008,1.7618846641432564,11.79238173127166,0.4585972608356873,350,248,350,74.08295293036049,0.7085714285714285,0.40815000000016255,1.2704000000027804,2.2318768647496476,(gap/tau_g)^2+(speed/tau_v)^2+(lateral/tau_y)^2,False
fixed_at_2.0_s,1.8,5108,True,Proposed,service,1,aware,none,0.2,0.55,2,0.6188857837002623,1.3171624839380147,0.16719409835188032,1.726465163199063,11.748006399597394,0.4034622419267445,350,251,350,74.05114419366927,0.7171428571428572,0.49395000000096445,1.2657000000011465,2.2649321593438523,(gap/tau_g)^2+(speed/tau_v)^2+(lateral/tau_y)^2,False
fixed_at_2.0_s,1.8,5109,True,Proposed,service,1,aware,none,0.2,0.55,2,0.6169333996988398,1.3141242541292777,0.1668091702209053,1.7368210278382785,11.518461616926238,0.4341441537906534,350,247,350,74.11762837933715,0.7057142857142857,0.4247499999987525,0.9975000000004286,2.2533497641868236,(gap/tau_g)^2+(speed/tau_v)^2+(lateral/tau_y)^2,False
fixed_at_2.0_s,1.8,5110,True,Proposed,service,1,aware,none,0.2,0.55,2,0.6209666672131574,1.3123234822095806,0.16721554993819043,1.779000303884943,11.778676268242236,0.47080849571679295,350,236,350,74.04903581741904,0.6742857142857143,0.38129999999902964,0.8227000000005091,2.263206264852365,(gap/tau_g)^2+(speed/tau_v)^2+(lateral/tau_y)^2,False
fixed_at_2.0_s,1.8,5111,True,Proposed,service,1,aware,none,0.2,0.55,2,0.6284905141244819,1.3236159612660805,0.16642504620545662,1.8094764232105662,11.581668539812085,0.41469918379994875,350,237,350,74.19358786312297,0.6771428571428572,0.8705000000013285,54.633500000001334,2.2885119437872152,(gap/tau_g)^2+(speed/tau_v)^2+(lateral/tau_y)^2,False
fixed_at_2.0_s,1.8,5112,True,Proposed,service,1,aware,none,0.2,0.55,2,0.6079787761063994,1.3051823456084333,0.1669151600364361,1.7493317810959972,11.306578495635122,0.4281410473677174,350,252,350,74.10313608085156,0.72,0.3866000000005698,0.8187999999975659,2.2227844706064603,(gap/tau_g)^2+(speed/tau_v)^2+(lateral/tau_y)^2,False
fixed_at_2.0_s,1.8,5113,True,Proposed,service,1,aware,none,0.2,0.55,2,0.630137995192855,1.3143071096888013,0.1674976276121564,1.9345633925091603,11.02953139236088,0.3884324467532393,350,238,350,74.00117377805661,0.68,0.39615000000026157,0.676500000000857,2.2886236768141366,(gap/tau_g)^2+(speed/tau_v)^2+(lateral/tau_y)^2,False
fixed_at_2.0_s,1.8,5114,True,Proposed,service,1,aware,none,0.2,0.55,2,0.6116088051103136,1.306105922218437,0.1662361238691141,1.811782511087781,11.163645661260041,0.3674709533016486,350,240,350,74.23846813632039,0.6857142857142857,0.40564999999759266,0.9091000000012173,2.226229866227667,(gap/tau_g)^2+(speed/tau_v)^2+(lateral/tau_y)^2,False
fixed_at_2.0_s,1.8,5115,True,Proposed,service,1,aware,none,0.2,0.55,2,0.6216146318604645,1.3113813783813795,0.1668833070456867,1.7855819576183156,11.386351689658952,0.4721051524362251,350,256,350,74.10641995056474,0.7314285714285714,0.3981999999993491,1.1245999999971446,2.2606014674779384,(gap/tau_g)^2+(speed/tau_v)^2+(lateral/tau_y)^2,False
fixed_at_2.0_s,1.8,5116,True,Proposed,service,1,aware,none,0.2,0.55,2,0.6137240511891081,1.2911590104765727,0.16654114742460202,1.7468211359965482,11.70079474161102,0.46094137853249906,350,272,350,74.17270389194681,0.7771428571428571,0.42785000000122864,1.0753000000001123,2.2135685980516095,(gap/tau_g)^2+(speed/tau_v)^2+(lateral/tau_y)^2,False
fixed_at_2.0_s,1.8,5117,True,Proposed,service,1,aware,none,0.2,0.55,2,0.6239852575911334,1.3224295662418786,0.1666783933259242,1.7762234354124196,12.035616874871629,0.46838133663795223,350,251,350,74.13739781348917,0.7171428571428572,0.39780000000178006,0.8395999999990522,2.2789885423822547,(gap/tau_g)^2+(speed/tau_v)^2+(lateral/tau_y)^2,False
fixed_at_2.0_s,1.8,5118,True,Proposed,service,1,aware,none,0.2,0.55,2,0.6227118242683495,1.305149360518224,0.16725889015079654,1.7871772618870576,11.988762726606197,0.41989773306445155,350,245,350,74.03880342024166,0.7,0.4159000000001356,2.2597999999973695,2.257846536691404,(gap/tau_g)^2+(speed/tau_v)^2+(lateral/tau_y)^2,False
fixed_at_2.0_s,1.8,5119,True,Proposed,service,1,aware,none,0.2,0.55,2,0.6142621092673164,1.310729724762205,0.16767928742216553,1.799656186050836,11.750332180293043,0.455672980299332,350,216,350,73.95774975151087,0.6171428571428571,0.6343500000003388,59.39989999999895,2.2502329772398193,(gap/tau_g)^2+(speed/tau_v)^2+(lateral/tau_y)^2,False
fixed_at_2.0_s,1.8,5120,True,Proposed,service,1,aware,none,0.2,0.55,2,0.6104211818028324,1.3184090188964879,0.16740071018611385,1.8683739039354588,11.219554063941082,0.41909474800117574,350,240,350,74.00972987095598,0.6857142857142857,0.370699999999502,0.6098999999970545,2.249837796417698,(gap/tau_g)^2+(speed/tau_v)^2+(lateral/tau_y)^2,False
fixed_at_2.0_s,1.8,5121,True,Proposed,service,1,aware,none,0.2,0.55,2,0.618103926956181,1.3049546984293636,0.1665780740417704,1.756380533391343,11.092433980944428,0.46977640909654783,350,257,350,74.17087652764157,0.7342857142857143,0.3771500000002703,1.1480999999982089,2.241740732271943,(gap/tau_g)^2+(speed/tau_v)^2+(lateral/tau_y)^2,False
fixed_at_2.0_s,1.8,5122,True,Proposed,service,1,aware,none,0.2,0.55,2,0.6212201399884297,1.307212384980477,0.16672096772813824,1.8193519414849861,11.238427436969857,0.39979566824879453,350,267,350,74.14197202879883,0.7628571428571429,0.4430499999994453,1.543899999997933,2.2528060697262333,(gap/tau_g)^2+(speed/tau_v)^2+(lateral/tau_y)^2,False
fixed_at_2.0_s,1.8,5123,True,Proposed,service,1,aware,none,0.2,0.55,2,0.6211924251716606,1.3156231482098557,0.1671625303185626,1.7619663609516993,11.116651758252488,0.4385112547805029,350,230,350,74.05320719226597,0.6571428571428571,0.3819999999983281,1.1302000000021906,2.2676857435078057,(gap/tau_g)^2+(speed/tau_v)^2+(lateral/tau_y)^2,False
fixed_at_2.0_s,1.8,5124,True,Proposed,service,1,aware,none,0.2,0.55,2,0.6372623960336075,1.3059431252207503,0.16756454272178614,1.8840197077632854,11.017307963584976,0.4650068670196519,350,254,350,73.98934352900112,0.7257142857142858,0.4263499999996867,1.2082000000006587,2.2940550870954297,(gap/tau_g)^2+(speed/tau_v)^2+(lateral/tau_y)^2,False
fixed_at_2.0_s,1.8,5125,True,Proposed,service,1,aware,none,0.2,0.55,2,0.6032707985249842,1.319052911996737,0.16724633029576205,1.7280435851351668,11.23964256416481,0.4745666249565491,350,260,350,74.0344133449786,0.7428571428571429,0.37355000000083294,0.7188000000013517,2.2339844772622373,(gap/tau_g)^2+(speed/tau_v)^2+(lateral/tau_y)^2,False
fixed_at_2.0_s,1.8,5126,True,Proposed,service,1,aware,none,0.2,0.55,2,0.6046194632319593,1.3206759213808408,0.1672794765156556,1.8761609277531726,10.551025686285023,0.4123629544776415,350,245,350,74.03020150426015,0.7,0.4120500000013294,2.2438999999998543,2.2393436229124215,(gap/tau_g)^2+(speed/tau_v)^2+(lateral/tau_y)^2,False
fixed_at_2.0_s,1.8,5127,True,Proposed,service,1,aware,none,0.2,0.55,2,0.6111793563065833,1.3112629330514833,0.166835089244257,1.763746280797879,11.456148409529817,0.47219308569748564,350,245,350,74.11540702701865,0.7,0.7343500000001058,10.702000000001988,2.2371703963480574,(gap/tau_g)^2+(speed/tau_v)^2+(lateral/tau_y)^2,False
fixed_at_2.0_s,1.8,5128,True,Proposed,service,1,aware,none,0.2,0.55,2,0.6169612669470911,1.3254753225967684,0.16735757465820814,1.8660704681639264,11.519244069041783,0.40892186353124804,350,265,350,74.01965546928041,0.7571428571428571,0.39179999999916504,1.155400000001805,2.2732792319270496,(gap/tau_g)^2+(speed/tau_v)^2+(lateral/tau_y)^2,False
fixed_at_2.0_s,1.8,5129,True,Proposed,service,1,aware,none,0.2,0.55,2,0.6265213177604717,1.3002944805665855,0.1673024059866644,1.8392514141278142,11.461527907443696,0.4183271989448306,350,260,350,74.03544172553417,0.7428571428571429,0.3976000000012192,0.812699999997335,2.2602172209943796,(gap/tau_g)^2+(speed/tau_v)^2+(lateral/tau_y)^2,False
fixed_at_2.0_s,1.8,5130,True,Proposed,service,1,aware,none,0.2,0.55,2,0.6205332706368539,1.3166373253171293,0.16704217429693552,1.7746995406451778,11.392605438893874,0.4403076190980939,350,268,350,74.07637960492887,0.7657142857142857,0.5177500000002055,1.8333999999988748,2.2665870927678395,(gap/tau_g)^2+(speed/tau_v)^2+(lateral/tau_y)^2,False
fixed_at_2.0_s,1.9,5101,True,Proposed,service,1,aware,none,0.2,0.55,2,0.6555417618344145,1.323030463156938,0.16687470533638685,1.8299967621085833,14.167353061817082,0.45471876272214706,350,265,350,74.1148812696026,0.7571428571428571,0.4040500000002112,1.2627999999992312,2.3532186437789298,(gap/tau_g)^2+(speed/tau_v)^2+(lateral/tau_y)^2,False
fixed_at_2.0_s,1.9,5102,True,Proposed,service,1,aware,none,0.2,0.55,2,0.632330295901515,1.3439411590953396,0.16703026170260513,1.862102339542231,14.228862944107007,0.4415496918405435,350,227,350,74.08557489825053,0.6485714285714286,0.5066999999989719,1.215200000000749,2.329826530428361,(gap/tau_g)^2+(speed/tau_v)^2+(lateral/tau_y)^2,False
fixed_at_2.0_s,1.9,5103,True,Proposed,service,1,aware,none,0.2,0.55,2,0.6469864224346674,1.3345213909822111,0.1675087294822434,1.7724852848725081,14.416040180997442,0.4332287662992437,350,267,350,73.99468929032602,0.7628571428571429,0.3916999999997728,0.7814000000010424,2.3542885085555234,(gap/tau_g)^2+(speed/tau_v)^2+(lateral/tau_y)^2,False
fixed_at_2.0_s,1.9,5104,True,Proposed,service,1,aware,none,0.2,0.55,2,0.6410871648451613,1.330664434702586,0.16677374104883738,1.8589611197438634,14.102773864220921,0.4119381143858474,350,269,350,74.1353875918669,0.7685714285714286,0.4359000000011548,1.5213999999978967,2.3293927586230945,(gap/tau_g)^2+(speed/tau_v)^2+(lateral/tau_y)^2,False
fixed_at_2.0_s,1.9,5105,True,Proposed,service,1,aware,none,0.2,0.55,2,0.6292628936172502,1.343378181843111,0.16670582317277088,1.6993161760975903,14.337890716331472,0.44760926396633016,350,223,350,74.14900798389205,0.6371428571428571,0.6831000000016019,7.911800000002245,2.3194680526957945,(gap/tau_g)^2+(speed/tau_v)^2+(lateral/tau_y)^2,False
fixed_at_2.0_s,1.9,5106,True,Proposed,service,1,aware,none,0.2,0.55,2,0.6334001958460893,1.3597110552806952,0.16771127530851646,1.81426914675866,14.313563943186246,0.4548435655517157,350,268,350,73.9573731472434,0.7657142857142857,0.3938500000000289,0.8428999999985365,2.3596863162899924,(gap/tau_g)^2+(speed/tau_v)^2+(lateral/tau_y)^2,False
fixed_at_2.0_s,1.9,5107,True,Proposed,service,1,aware,none,0.2,0.55,2,0.6416801859292397,1.3351487243443148,0.1667493335358467,1.7764662193721368,14.496652368903192,0.46629600290914497,350,254,350,74.13446145286956,0.7257142857142858,0.42970000000153163,1.4146999999979926,2.336640738432499,(gap/tau_g)^2+(speed/tau_v)^2+(lateral/tau_y)^2,False
fixed_at_2.0_s,1.9,5108,True,Proposed,service,1,aware,none,0.2,0.55,2,0.6398367210592829,1.3438669820465672,0.16687339863389153,1.7424946673064117,14.506926106709045,0.4045264478235838,350,255,350,74.11136935267798,0.7285714285714285,0.4021499999993239,0.9610000000002117,2.3453921385689296,(gap/tau_g)^2+(speed/tau_v)^2+(lateral/tau_y)^2,False
fixed_at_2.0_s,1.9,5109,True,Proposed,service,1,aware,none,0.2,0.55,2,0.6436439731313132,1.3380422137606889,0.16654352107933357,1.6932265918290321,14.338953717240237,0.4487913237468334,350,247,350,74.17010297018525,0.7057142857142857,0.43195000000118,1.5971999999990771,2.3433594892457217,(gap/tau_g)^2+(speed/tau_v)^2+(lateral/tau_y)^2,False
fixed_at_2.0_s,1.9,5110,True,Proposed,service,1,aware,none,0.2,0.55,2,0.6432274190554886,1.3376377349481885,0.1668604377590751,1.8710159427622626,14.22042129755885,0.4024233477362006,350,226,350,74.11812288757486,0.6457142857142857,0.49815000000030807,1.0948000000006175,2.3444958692995677,(gap/tau_g)^2+(speed/tau_v)^2+(lateral/tau_y)^2,False
fixed_at_2.0_s,1.9,5111,True,Proposed,service,1,aware,none,0.2,0.55,2,0.6378812870690611,1.3529220403500568,0.1661411464439087,1.7446701362299488,14.311889040523361,0.4013040435393177,350,215,350,74.24430534593003,0.6142857142857143,0.41365000000048724,1.2162999999993929,2.34731307741233,(gap/tau_g)^2+(speed/tau_v)^2+(lateral/tau_y)^2,False
fixed_at_2.0_s,1.9,5112,True,Proposed,service,1,aware,none,0.2,0.55,2,0.6356876414856545,1.329723265271267,0.16655326445115096,1.8623667539303586,14.396521496954144,0.23076890264218464,350,249,350,74.17063484020919,0.7114285714285714,0.46314999999985673,1.644500000001159,2.314022044728958,(gap/tau_g)^2+(speed/tau_v)^2+(lateral/tau_y)^2,False
fixed_at_2.0_s,1.9,5113,True,Proposed,service,1,aware,none,0.2,0.55,2,0.6471712940064402,1.3462023921866508,0.167162692372379,1.892696887325124,13.916213199032086,0.39047625126377516,350,230,350,74.06052382584213,0.6571428571428571,0.6270500000002954,53.40890000000087,2.3677949236468883,(gap/tau_g)^2+(speed/tau_v)^2+(lateral/tau_y)^2,False
fixed_at_2.0_s,1.9,5114,True,Proposed,service,1,aware,none,0.2,0.55,2,0.6382430435117952,1.3300931167559817,0.16592787991708632,1.798760009488142,14.370228521309308,0.42376349934115454,350,255,350,74.29063415743843,0.7285714285714285,0.36655000000074267,0.9197999999983608,2.3151131240040437,(gap/tau_g)^2+(speed/tau_v)^2+(lateral/tau_y)^2,False
fixed_at_2.0_s,1.9,5115,True,Proposed,service,1,aware,none,0.2,0.55,2,0.6462171879993117,1.33525699316405,0.16653846013316062,1.8292162306653368,14.126897357088424,0.47551348272293137,350,267,350,74.17146380698271,0.7628571428571429,0.4299999999997084,1.392999999996647,2.3454191099715005,(gap/tau_g)^2+(speed/tau_v)^2+(lateral/tau_y)^2,False
fixed_at_2.0_s,1.9,5116,True,Proposed,service,1,aware,none,0.2,0.55,2,0.6338796974609506,1.3205505463565494,0.16621480546277353,1.834427290998938,14.013128317371866,0.3903423838588075,350,276,350,74.23252840702688,0.7885714285714286,0.41379999999868744,1.0995000000022515,2.29472261910807,(gap/tau_g)^2+(speed/tau_v)^2+(lateral/tau_y)^2,False
fixed_at_2.0_s,1.9,5117,True,Proposed,service,1,aware,none,0.2,0.55,2,0.6360791487531101,1.351996133434819,0.16635434047318487,1.7518457859039536,14.61241796016732,0.4145945043045901,350,246,350,74.20214318600176,0.7028571428571428,0.3994500000015222,0.9106999999985987,2.3437259050658623,(gap/tau_g)^2+(speed/tau_v)^2+(lateral/tau_y)^2,False
fixed_at_2.0_s,1.9,5118,True,Proposed,service,1,aware,none,0.2,0.55,2,0.6377980441579246,1.338108200594678,0.1669057001345598,1.8272197820182032,14.148326027698225,0.41535230274605284,350,232,350,74.1042786456221,0.6628571428571428,0.4575500000001398,1.0143999999989717,2.3331510719396027,(gap/tau_g)^2+(speed/tau_v)^2+(lateral/tau_y)^2,False
fixed_at_2.0_s,1.9,5119,True,Proposed,service,1,aware,none,0.2,0.55,2,0.6371211932365833,1.3409560952260342,0.16734008734065248,1.8498532422254237,14.225820542375395,0.43214481255237847,350,223,350,74.02366244622259,0.6371428571428571,0.3967500000001678,0.7794000000025392,2.3391394764639966,(gap/tau_g)^2+(speed/tau_v)^2+(lateral/tau_y)^2,False
fixed_at_2.0_s,1.9,5120,True,Proposed,service,1,aware,none,0.2,0.55,2,0.640262999641685,1.3354912505342729,0.16708714724319315,1.8043192455676733,14.576445714295446,0.42191777234532013,350,227,350,74.064280648153,0.6485714285714286,0.4849500000005946,1.2222999999984552,2.336697036434765,(gap/tau_g)^2+(speed/tau_v)^2+(lateral/tau_y)^2,False
fixed_at_2.0_s,1.9,5121,True,Proposed,service,1,aware,none,0.2,0.55,2,0.640943185946256,1.3319833743227187,0.16632255210529434,1.7362445820406593,14.023688660808602,0.42853313289685,350,249,350,74.22363267869866,0.7114285714285714,0.40289999999920667,1.1324999999970942,2.3270991441013096,(gap/tau_g)^2+(speed/tau_v)^2+(lateral/tau_y)^2,False
fixed_at_2.0_s,1.9,5122,True,Proposed,service,1,aware,none,0.2,0.55,2,0.64538989069535,1.3326963881071792,0.1664225367905923,1.777416754630488,14.014124772959413,0.4633569922386621,350,264,350,74.19807407334798,0.7542857142857143,0.38389999999743907,1.0237999999986869,2.3390690316748772,(gap/tau_g)^2+(speed/tau_v)^2+(lateral/tau_y)^2,False
fixed_at_2.0_s,1.9,5123,True,Proposed,service,1,aware,none,0.2,0.55,2,0.6457270411216532,1.3402385859652393,0.16683924657096577,1.7644211012508995,13.843604879992213,0.44243807494880394,350,231,350,74.11473497729584,0.66,0.41914999999548286,1.2292999999985454,2.353600350072866,(gap/tau_g)^2+(speed/tau_v)^2+(lateral/tau_y)^2,False
fixed_at_2.0_s,1.9,5124,True,Proposed,service,1,aware,none,0.2,0.55,2,0.6548046434084692,1.3300727720557721,0.16722730221317952,1.8962710545154502,13.951664064885293,0.3862551351909381,350,248,350,74.0515048335389,0.7085714285714285,0.3971000000007052,1.086800000003052,2.363979245078254,(gap/tau_g)^2+(speed/tau_v)^2+(lateral/tau_y)^2,False
fixed_at_2.0_s,1.9,5125,True,Proposed,service,1,aware,none,0.2,0.55,2,0.6381300432369245,1.341401636236444,0.16691326203386767,1.773637287591325,14.243986011852364,0.4507263903626446,350,256,350,74.0979767551975,0.7314285714285714,0.42254999999968845,1.0252000000008366,2.338469704105831,(gap/tau_g)^2+(speed/tau_v)^2+(lateral/tau_y)^2,False
fixed_at_2.0_s,1.9,5126,True,Proposed,service,1,aware,none,0.2,0.55,2,0.6399618552505842,1.338346974286739,0.16698301699415075,1.8468581806513615,14.145053573605857,0.4144012672416101,350,252,350,74.08668501287241,0.72,0.4596499999998116,0.8461999999980208,2.3390377624401997,(gap/tau_g)^2+(speed/tau_v)^2+(lateral/tau_y)^2,False
fixed_at_2.0_s,1.9,5127,True,Proposed,service,1,aware,none,0.2,0.55,2,0.6372787934848482,1.3359660302152117,0.16654606214598014,1.7685189620515231,13.937614296116472,0.4696804783842903,350,243,350,74.17317574945379,0.6942857142857143,0.45880000000053656,1.6812000000001603,2.326053371214254,(gap/tau_g)^2+(speed/tau_v)^2+(lateral/tau_y)^2,False
fixed_at_2.0_s,1.9,5128,True,Proposed,service,1,aware,none,0.2,0.55,2,0.6464966397211969,1.3481871400123768,0.16701313399946197,1.8895877171893494,14.183828965827885,0.41181511810101845,350,264,350,74.08521803620741,0.7542857142857143,0.3943500000005429,0.9101999999998611,2.367722257482944,(gap/tau_g)^2+(speed/tau_v)^2+(lateral/tau_y)^2,False
fixed_at_2.0_s,1.9,5129,True,Proposed,service,1,aware,none,0.2,0.55,2,0.6469995736149342,1.3312114456309108,0.16696767601499804,1.8679504236597362,14.331267269777378,0.369373812800181,350,264,350,74.09903227711607,0.7542857142857143,0.37769999999959225,1.7963000000023044,2.3452927713097598,(gap/tau_g)^2+(speed/tau_v)^2+(lateral/tau_y)^2,False
fixed_at_2.0_s,1.9,5130,True,Proposed,service,1,aware,none,0.2,0.55,2,0.6445617173307597,1.3426947453691171,0.1667093511976152,1.79022575923002,14.020992063713642,0.44607173137268485,350,287,350,74.13815183926732,0.82,0.4030000000003753,1.1535999999985336,2.3532062133954383,(gap/tau_g)^2+(speed/tau_v)^2+(lateral/tau_y)^2,False
fixed_at_2.0_s,2.0,5101,True,Proposed,service,1,aware,none,0.2,0.55,2,0.6847333536325249,1.347044002459765,0.1665349319273747,1.9148754506880312,17.30514759971394,0.3673763559870903,350,273,350,74.1791275929985,0.78,0.45134999999874026,1.677999999998292,2.4526549204088237,(gap/tau_g)^2+(speed/tau_v)^2+(lateral/tau_y)^2,False
fixed_at_2.0_s,2.0,5102,True,Proposed,service,1,aware,none,0.2,0.55,2,0.6556462418052036,1.3666435999689694,0.16671036349394527,1.8617816815855301,16.976039777416823,0.44418855358089415,350,224,350,74.14700451905352,0.64,0.4079499999996017,1.9355000000018663,2.411941189561211,(gap/tau_g)^2+(speed/tau_v)^2+(lateral/tau_y)^2,False
fixed_at_2.0_s,2.0,5103,True,Proposed,service,1,aware,none,0.2,0.55,2,0.6664985282578763,1.3622866077366258,0.16718339288205963,1.7620495602735264,16.93061050996016,0.4295468939519784,350,265,350,74.05674831896661,0.7571428571428571,0.43424999999785996,0.8684999999957199,2.435331516716343,(gap/tau_g)^2+(speed/tau_v)^2+(lateral/tau_y)^2,False
fixed_at_2.0_s,2.0,5104,True,Proposed,service,1,aware,none,0.2,0.55,2,0.6654052079916147,1.3536476837631588,0.16645917654824666,1.8621931686796203,16.926389175843305,0.41413315934169637,350,273,350,74.19686268501658,0.78,0.400599999998974,0.984500000001276,2.4147311957253796,(gap/tau_g)^2+(speed/tau_v)^2+(lateral/tau_y)^2,False
fixed_at_2.0_s,2.0,5105,True,Proposed,service,1,aware,none,0.2,0.55,2,0.6726284119531032,1.3609170479281076,0.1664133624517704,1.8789689030683991,17.04836302431793,0.43756831748984215,350,260,350,74.2015751244719,0.7428571428571429,0.4160499999983358,2.0473000000009733,2.4415999041351313,(gap/tau_g)^2+(speed/tau_v)^2+(lateral/tau_y)^2,False
fixed_at_2.0_s,2.0,5106,True,Proposed,service,1,aware,none,0.2,0.55,2,0.6598049539998114,1.3786918330863676,0.1673689840550264,1.833332912277487,17.0208437719061,0.44388759121370214,350,259,350,74.02028714736218,0.74,0.40344999999675224,1.161599999996099,2.4440431938562273,(gap/tau_g)^2+(speed/tau_v)^2+(lateral/tau_y)^2,False
fixed_at_2.0_s,2.0,5107,True,Proposed,service,1,aware,none,0.2,0.55,2,0.6596133845216368,1.3604053736169854,0.16640976201203814,1.8231099381098368,17.227217889091797,0.39545669598179245,350,249,350,74.19902326121262,0.7114285714285714,0.44894999999911533,2.164900000000358,2.410034342927506,(gap/tau_g)^2+(speed/tau_v)^2+(lateral/tau_y)^2,False
fixed_at_2.0_s,2.0,5108,True,Proposed,service,1,aware,none,0.2,0.55,2,0.6631245681247202,1.3678618543166838,0.16656111154428282,1.7766870776345387,17.097092491933815,0.41590311710776684,350,246,350,74.17249173463759,0.7028571428571428,0.40400000000140324,1.108599999994908,2.4299301060559615,(gap/tau_g)^2+(speed/tau_v)^2+(lateral/tau_y)^2,False
fixed_at_2.0_s,2.0,5109,True,Proposed,service,1,aware,none,0.2,0.55,2,0.672567204224202,1.3589981249754197,0.16620185832859682,1.6486490349738918,17.126149978581225,0.45567244317138056,350,236,350,74.2343072578742,0.6742857142857143,0.3855500000007339,1.0643000000030156,2.4370318790344103,(gap/tau_g)^2+(speed/tau_v)^2+(lateral/tau_y)^2,False
fixed_at_2.0_s,2.0,5110,True,Proposed,service,1,aware,none,0.2,0.55,2,0.6599029230082668,1.36508245090386,0.16655237168998874,1.77754821233807,17.10384694672149,0.45316140450598763,350,245,350,74.17649663889435,0.7,0.4305500000008067,1.9430000000042469,2.4184043681008998,(gap/tau_g)^2+(speed/tau_v)^2+(lateral/tau_y)^2,False
fixed_at_2.0_s,2.0,5111,True,Proposed,service,1,aware,none,0.2,0.55,2,0.6727023253395868,1.3714089341758238,0.1658167032884394,1.8721155447603033,16.710183020362216,0.4362742624495848,350,241,350,74.31026183174995,0.6885714285714286,0.4044500000013329,1.1460999999997057,2.4514471295795572,(gap/tau_g)^2+(speed/tau_v)^2+(lateral/tau_y)^2,False
fixed_at_2.0_s,2.0,5112,True,Proposed,service,1,aware,none,0.2,0.55,2,0.6477921327390361,1.3592953000463517,0.1662880810382101,1.9022303343137432,16.71304145684153,0.2353749587920586,350,245,350,74.22167656148807,0.7,0.39624999999787747,1.3444999999947527,2.3800060698306904,(gap/tau_g)^2+(speed/tau_v)^2+(lateral/tau_y)^2,False
fixed_at_2.0_s,2.0,5113,True,Proposed,service,1,aware,none,0.2,0.55,2,0.6608170075750317,1.3738163460510693,0.16686133216245813,1.7738053820461208,16.925328172301285,0.46937071657568274,350,236,350,74.12077469634549,0.6742857142857143,0.48409999999776687,1.6352000000026123,2.4353306030800153,(gap/tau_g)^2+(speed/tau_v)^2+(lateral/tau_y)^2,False
fixed_at_2.0_s,2.0,5114,True,Proposed,service,1,aware,none,0.2,0.55,2,0.6433689456532716,1.359119121907352,0.1656219130895572,1.7322183944287277,16.712208062233614,0.47515446909642767,350,238,350,74.35044337572747,0.68,0.40309999999976753,0.8790999999988003,2.364081052785902,(gap/tau_g)^2+(speed/tau_v)^2+(lateral/tau_y)^2,False
fixed_at_2.0_s,2.0,5115,True,Proposed,service,1,aware,none,0.2,0.55,2,0.6682902678170974,1.360501350351979,0.16621173267480513,1.81539858384858,16.909586043177306,0.4775263313468393,350,260,350,74.23253527420891,0.7428571428571429,0.37065000000069404,1.0131000000015433,2.429004530322637,(gap/tau_g)^2+(speed/tau_v)^2+(lateral/tau_y)^2,False
fixed_at_2.0_s,2.0,5116,True,Proposed,service,1,aware,none,0.2,0.55,2,0.6538607214397795,1.343821123138311,0.16590279343967113,1.739134874572938,17.295983285823027,0.45885378374567964,350,265,350,74.29309496669752,0.7571428571428571,0.36520000000095365,1.191599999998516,2.3695082866707855,(gap/tau_g)^2+(speed/tau_v)^2+(lateral/tau_y)^2,False
fixed_at_2.0_s,2.0,5117,True,Proposed,service,1,aware,none,0.2,0.55,2,0.6675581366503391,1.3720212832859522,0.1660430518605654,1.7592760449662213,17.39111211045976,0.4623581993235609,350,244,350,74.25916279960292,0.6971428571428572,0.43049999999666966,1.001700000003325,2.441925157269501,(gap/tau_g)^2+(speed/tau_v)^2+(lateral/tau_y)^2,False
fixed_at_2.0_s,2.0,5118,True,Proposed,service,1,aware,none,0.2,0.55,2,0.6724955791191383,1.3541199931852261,0.16655419865028312,1.8452669704396303,17.28352432034709,0.44117766016889337,350,245,350,74.17145118494581,0.7,0.4039999999996269,1.109299999995983,2.433039167500863,(gap/tau_g)^2+(speed/tau_v)^2+(lateral/tau_y)^2,False
fixed_at_2.0_s,2.0,5119,True,Proposed,service,1,aware,none,0.2,0.55,2,0.6681624984614266,1.3628442570621078,0.16700159195439804,1.8241308857984662,17.032059581587006,0.4450654706326427,350,233,350,74.09002889808282,0.6657142857142857,0.4044500000013329,0.9628000000034831,2.438536131923811,(gap/tau_g)^2+(speed/tau_v)^2+(lateral/tau_y)^2,False
fixed_at_2.0_s,2.0,5120,True,Proposed,service,1,aware,none,0.2,0.55,2,0.6657793642794537,1.3547965982386203,0.16678072922101825,1.803388135694611,17.176953049803068,0.4561606178391039,350,236,350,74.12797460816952,0.6742857142857143,0.3934999999977151,0.8634000000000697,2.4198831481634153,(gap/tau_g)^2+(speed/tau_v)^2+(lateral/tau_y)^2,False
fixed_at_2.0_s,2.0,5121,True,Proposed,service,1,aware,none,0.2,0.55,2,0.6634932901964222,1.3546289332030261,0.16598123138095186,1.7163644552287707,17.220670806068448,0.4551029488653251,350,245,350,74.2865822113563,0.7,0.4903499999997507,1.3262000000011653,2.4075979738745295,(gap/tau_g)^2+(speed/tau_v)^2+(lateral/tau_y)^2,False
fixed_at_2.0_s,2.0,5122,True,Proposed,service,1,aware,none,0.2,0.55,2,0.6715284951468764,1.3496669835700355,0.1660960970622761,1.8642121618405956,17.039776407140565,0.4080279995968663,350,261,350,74.26173582999401,0.7457142857142857,0.4141000000004169,0.7998999999969669,2.420775897684747,(gap/tau_g)^2+(speed/tau_v)^2+(lateral/tau_y)^2,False
fixed_at_2.0_s,2.0,5123,True,Proposed,service,1,aware,none,0.2,0.55,2,0.6815522847827347,1.3548433325540654,0.1665600460921953,1.7582233616187277,16.872078796424198,0.41604313471727383,350,240,350,74.17091507819904,0.6857142857142857,0.3644999999998788,0.6236000000008346,2.4558888764435376,(gap/tau_g)^2+(speed/tau_v)^2+(lateral/tau_y)^2,False
fixed_at_2.0_s,2.0,5124,True,Proposed,service,1,aware,none,0.2,0.55,2,0.6822628881035367,1.3497325416023425,0.16689349328893807,1.849546808755341,16.896401893864756,0.43909318439900247,350,248,350,74.11617236207638,0.7085714285714285,0.39555000000035534,1.102400000000614,2.453339198653353,(gap/tau_g)^2+(speed/tau_v)^2+(lateral/tau_y)^2,False
fixed_at_2.0_s,2.0,5125,True,Proposed,service,1,aware,none,0.2,0.55,2,0.661109888349474,1.3583502814163033,0.1666564964431347,1.7719403436245202,16.91920708675169,0.47309742028304913,350,252,350,74.14982484716485,0.72,0.39969999999911465,0.6581000000025483,2.412751875683459,(gap/tau_g)^2+(speed/tau_v)^2+(lateral/tau_y)^2,False
fixed_at_2.0_s,2.0,5126,True,Proposed,service,1,aware,none,0.2,0.55,2,0.6637873851440035,1.3606287126600731,0.16666806326242334,1.853221949437107,16.92932683389757,0.4351931016310149,350,251,350,74.14887846715517,0.7171428571428572,0.4064000000028045,1.1512000000024614,2.4223154844784953,(gap/tau_g)^2+(speed/tau_v)^2+(lateral/tau_y)^2,False
fixed_at_2.0_s,2.0,5127,True,Proposed,service,1,aware,none,0.2,0.55,2,0.6710035250631166,1.3507108343418086,0.16622492343892598,1.8190283115562136,16.62751099281946,0.38266507150113294,350,254,350,74.23311916370366,0.7257142857142858,0.5122999999969124,0.9692000000001144,2.4220313909378186,(gap/tau_g)^2+(speed/tau_v)^2+(lateral/tau_y)^2,False
fixed_at_2.0_s,2.0,5128,True,Proposed,service,1,aware,none,0.2,0.55,2,0.6569435205540848,1.377858254882134,0.16671587876597224,1.8660233840209952,16.86861486009262,0.4214074936832921,350,272,350,74.14412822530859,0.7771428571428571,0.4142499999986171,1.5783999999996468,2.430717742108614,(gap/tau_g)^2+(speed/tau_v)^2+(lateral/tau_y)^2,False
fixed_at_2.0_s,2.0,5129,True,Proposed,service,1,aware,none,0.2,0.55,2,0.6699883793606095,1.3534450173167227,0.16663742917796923,1.8350713549653297,16.99001546035109,0.4648514716501342,350,265,350,74.1589578054317,0.7571428571428571,0.40964999999815177,1.679800000005116,2.4268162628863443,(gap/tau_g)^2+(speed/tau_v)^2+(lateral/tau_y)^2,False
fixed_at_2.0_s,2.0,5130,True,Proposed,service,1,aware,none,0.2,0.55,2,0.6742115765767018,1.3627534284833593,0.16640097136873902,1.8282900842902945,16.54271237647994,0.41667418904263964,350,279,350,74.19895009348981,0.7971428571428572,0.38224999999769693,0.6990999999985092,2.4478393925414332,(gap/tau_g)^2+(speed/tau_v)^2+(lateral/tau_y)^2,False
fixed_at_2.0_s,2.1,5101,True,Proposed,service,1,aware,none,0.2,0.55,2,0.7005530555319327,1.3697618480026403,0.166198590026034,1.8577120784170325,19.927166113182544,0.4292747944838077,350,256,350,74.24240119090109,0.7314285714285714,0.38209999999949673,0.8721999999998786,2.5203065747965914,(gap/tau_g)^2+(speed/tau_v)^2+(lateral/tau_y)^2,False
fixed_at_2.0_s,2.1,5102,True,Proposed,service,1,aware,none,0.2,0.55,2,0.6782031031290446,1.3882119389125078,0.16639615559560086,1.8634088896227898,19.738252915583438,0.44679981208106245,350,224,350,74.20726418965035,0.64,0.39244999999610286,0.7021000000051458,2.49312851206982,(gap/tau_g)^2+(speed/tau_v)^2+(lateral/tau_y)^2,False
fixed_at_2.0_s,2.1,5103,True,Proposed,service,1,aware,none,0.2,0.55,2,0.7022436973532251,1.3733320253581724,0.1669037796340922,1.796860873267564,20.058737099478577,0.4563850427921381,350,267,350,74.11241749679726,0.7628571428571429,0.36715000000242526,1.482400000000439,2.5353919063289028,(gap/tau_g)^2+(speed/tau_v)^2+(lateral/tau_y)^2,False
fixed_at_2.0_s,2.1,5104,True,Proposed,service,1,aware,none,0.2,0.55,2,0.6809742157059868,1.3801797367514048,0.1661155764994463,1.858060275805942,19.900155579679577,0.4161991009869359,350,257,350,74.26136142342202,0.7342857142857143,0.4593500000034112,0.9277000000054159,2.486146955939208,(gap/tau_g)^2+(speed/tau_v)^2+(lateral/tau_y)^2,False
fixed_at_2.0_s,2.1,5105,True,Proposed,service,1,aware,none,0.2,0.55,2,0.6924644303633289,1.3854962269870736,0.16608493940480856,1.9634654254504298,19.92394095030283,0.33375197847219873,350,260,350,74.26467745200776,0.7428571428571429,0.40914999999941415,0.8022000000025287,2.521449694279178,(gap/tau_g)^2+(speed/tau_v)^2+(lateral/tau_y)^2,False
fixed_at_2.0_s,2.1,5106,False,Proposed,service,1,aware,none,0.2,0.55,2,0.6813916649482783,1.4009523166623126,0.16704636912187332,1.83374007949084,19.775968825589835,0.4452416533326842,350,259,350,74.0821923424245,0.74,0.46420000000324535,1.4292999999980793,2.524385775110848,(gap/tau_g)^2+(speed/tau_v)^2+(lateral/tau_y)^2,False
fixed_at_2.0_s,2.1,5107,True,Proposed,service,1,aware,none,0.2,0.55,2,0.6803975956237676,1.381123969844214,0.16604949957697662,1.7699368657113321,20.005486677128523,0.4127380936200514,350,242,350,74.26775783996973,0.6914285714285714,0.43780000000026575,0.8693000000050688,2.485532961739569,(gap/tau_g)^2+(speed/tau_v)^2+(lateral/tau_y)^2,False
fixed_at_2.0_s,2.1,5108,True,Proposed,service,1,aware,none,0.2,0.55,2,0.6880186744957718,1.387710793758567,0.1662463522722743,1.760327886689785,19.86739994799354,0.4152284123584853,350,247,350,74.23258241437495,0.7057142857142857,0.3926000000014085,0.8837000000028183,2.51501341257283,(gap/tau_g)^2+(speed/tau_v)^2+(lateral/tau_y)^2,False
fixed_at_2.0_s,2.1,5109,True,Proposed,service,1,aware,none,0.2,0.55,2,0.6862314965826468,1.386884233845256,0.16592359092691664,1.6992994700335313,19.649710876969444,0.463406589911992,350,240,350,74.2880680646205,0.6857142857142857,0.36055000000168036,1.526900000001774,2.506796761130837,(gap/tau_g)^2+(speed/tau_v)^2+(lateral/tau_y)^2,False
fixed_at_2.0_s,2.1,5110,True,Proposed,service,1,aware,none,0.2,0.55,2,0.6690420771718242,1.3948400191642807,0.16624521467065873,1.7866418533275314,19.914026242803267,0.48602537724631867,350,228,350,74.23440961135636,0.6514285714285715,0.40624999999927525,1.6402000000041994,2.4793430589309216,(gap/tau_g)^2+(speed/tau_v)^2+(lateral/tau_y)^2,False
fixed_at_2.0_s,2.1,5111,True,Proposed,service,1,aware,none,0.2,0.55,2,0.6803082261794706,1.3971964055155934,0.16552443912339143,1.8017392729501382,20.056161466304125,0.40504342523387493,350,249,350,74.36696232586128,0.7114285714285714,0.3966500000025519,0.8167000000014468,2.5037472097232483,(gap/tau_g)^2+(speed/tau_v)^2+(lateral/tau_y)^2,False
fixed_at_2.0_s,2.1,5112,True,Proposed,service,1,aware,none,0.2,0.55,2,0.6791270982106561,1.3670408961579663,0.1659751743571492,1.7406724738760007,19.826232669861177,0.4335253063918767,350,248,350,74.28327200756593,0.7085714285714285,0.44675000000182763,1.4904000000015571,2.4620990809819503,(gap/tau_g)^2+(speed/tau_v)^2+(lateral/tau_y)^2,False
fixed_at_2.0_s,2.1,5113,True,Proposed,service,1,aware,none,0.2,0.55,2,0.690637993750235,1.3891406550675167,0.16651302318844216,1.787094491511391,19.730450057727275,0.4698278521379652,350,234,350,74.18708258679365,0.6685714285714286,0.4351000000006877,0.7057999999986464,2.5256774233401376,(gap/tau_g)^2+(speed/tau_v)^2+(lateral/tau_y)^2,False
fixed_at_2.0_s,2.1,5114,True,Proposed,service,1,aware,none,0.2,0.55,2,0.6771680474990941,1.3727566102818307,0.16534131034056826,1.7394407047542975,19.775740100404327,0.39592003876711146,350,241,350,74.40851384036363,0.6885714285714286,0.43930000000003133,1.3538999999980206,2.4601149394116963,(gap/tau_g)^2+(speed/tau_v)^2+(lateral/tau_y)^2,False
fixed_at_2.0_s,2.1,5115,True,Proposed,service,1,aware,none,0.2,0.55,2,0.6842698811446998,1.3849024178553466,0.16591622894172073,1.841921208517604,19.636752595881077,0.38937342991446056,350,256,350,74.29093170422851,0.7314285714285714,0.42810000000059745,0.8413999999987709,2.499153675974435,(gap/tau_g)^2+(speed/tau_v)^2+(lateral/tau_y)^2,False
fixed_at_2.0_s,2.1,5116,True,Proposed,service,1,aware,none,0.2,0.55,2,0.6730681651027752,1.3657200174142765,0.16560005797867605,1.8266645463443911,19.899920437311643,0.40216410602941266,350,265,350,74.352278999188,0.7571428571428571,0.4097999999999047,1.1377999999950816,2.4425828568531314,(gap/tau_g)^2+(speed/tau_v)^2+(lateral/tau_y)^2,False
fixed_at_2.0_s,2.1,5117,True,Proposed,service,1,aware,none,0.2,0.55,2,0.6930411664054169,1.3920375865761518,0.1657199050186237,1.730676443637387,20.037349378622977,0.47165383609046885,350,244,350,74.3219259266172,0.6971428571428572,0.39729999999948973,0.8242000000002747,2.52911208065328,(gap/tau_g)^2+(speed/tau_v)^2+(lateral/tau_y)^2,False
fixed_at_2.0_s,2.1,5118,True,Proposed,service,1,aware,none,0.2,0.55,2,0.7041208786540797,1.3675255977633964,0.1662942360265669,1.8010076908450545,19.648156618971946,0.39678124704665785,350,253,350,74.2242134151114,0.7228571428571429,0.5344000000011562,1.342299999997465,2.5268880844759543,(gap/tau_g)^2+(speed/tau_v)^2+(lateral/tau_y)^2,False
fixed_at_2.0_s,2.1,5119,True,Proposed,service,1,aware,none,0.2,0.55,2,0.6872305941480893,1.3835674248181578,0.1667158297655017,1.7866746806247515,20.03469866666771,0.46904319666711625,350,218,350,74.143670789919,0.6228571428571429,0.42249999999910415,0.9864000000021633,2.5111362192942726,(gap/tau_g)^2+(speed/tau_v)^2+(lateral/tau_y)^2,False
fixed_at_2.0_s,2.1,5120,True,Proposed,service,1,aware,none,0.2,0.55,2,0.6971251649301375,1.3736625903223698,0.1664915358346994,1.9380608211421002,19.986697365663687,0.3530761058638723,350,245,350,74.18483962151451,0.7,0.40930000000116706,0.9299000000027036,2.519685483182605,(gap/tau_g)^2+(speed/tau_v)^2+(lateral/tau_y)^2,False
fixed_at_2.0_s,2.1,5121,True,Proposed,service,1,aware,none,0.2,0.55,2,0.6960115209492737,1.3672384297470983,0.16567303710303688,1.8424819524999723,19.888065596212236,0.43056608220535086,350,251,350,74.34431393696562,0.7171428571428572,0.42984999999973184,0.896499999996081,2.501146760592848,(gap/tau_g)^2+(speed/tau_v)^2+(lateral/tau_y)^2,False
fixed_at_2.0_s,2.1,5122,True,Proposed,service,1,aware,none,0.2,0.55,2,0.7036494230782224,1.3664751243871085,0.1658062849551757,1.8310050768973853,19.93867161468073,0.43396998966557543,350,263,350,74.31830276040714,0.7514285714285714,0.4192999999972358,1.4808999999971206,2.520191647624315,(gap/tau_g)^2+(speed/tau_v)^2+(lateral/tau_y)^2,False
fixed_at_2.0_s,2.1,5123,True,Proposed,service,1,aware,none,0.2,0.55,2,0.7044080238286706,1.3762343521344118,0.16623957651369048,1.800163664478862,19.55248207856421,0.416628628943133,350,243,350,74.23239816120443,0.6942857142857143,0.4922500000041907,0.9388000000001284,2.539343896860788,(gap/tau_g)^2+(speed/tau_v)^2+(lateral/tau_y)^2,False
fixed_at_2.0_s,2.1,5124,True,Proposed,service,1,aware,none,0.2,0.55,2,0.7030675254488947,1.3764788965905914,0.16658013012467165,1.7819257969347255,19.88146848676191,0.4727031664542598,350,243,350,74.17278662046611,0.6942857142857143,0.4176999999998543,0.9589000000005399,2.539166753486918,(gap/tau_g)^2+(speed/tau_v)^2+(lateral/tau_y)^2,False
fixed_at_2.0_s,2.1,5125,True,Proposed,service,1,aware,none,0.2,0.55,2,0.6754284449074558,1.386805658572715,0.16630562705618138,1.7383635652833938,19.47002325761426,0.47637261150287236,350,260,350,74.21459766997272,0.7428571428571429,0.4390999999976941,0.979899999997258,2.483707396455657,(gap/tau_g)^2+(speed/tau_v)^2+(lateral/tau_y)^2,False
fixed_at_2.0_s,2.1,5126,True,Proposed,service,1,aware,none,0.2,0.55,2,0.68921727959288,1.381027898678386,0.166363024481416,1.8697689759129612,19.73783975976597,0.43325539545689884,350,255,350,74.20631643840967,0.7285714285714285,0.4160000000013042,1.6999999999995907,2.5094778542472054,(gap/tau_g)^2+(speed/tau_v)^2+(lateral/tau_y)^2,False
fixed_at_2.0_s,2.1,5127,True,Proposed,service,1,aware,none,0.2,0.55,2,0.7043789156525491,1.367076423265809,0.1659122750395092,1.8887646621602707,19.542922358158464,0.3817451931688185,350,261,350,74.29255262093554,0.7457142857142857,0.4116500000002077,1.13449999999915,2.5237352702983586,(gap/tau_g)^2+(speed/tau_v)^2+(lateral/tau_y)^2,False
fixed_at_2.0_s,2.1,5128,True,Proposed,service,1,aware,none,0.2,0.55,2,0.6893976165426268,1.3916969177482197,0.16639296903884349,1.8483950790547201,19.59761674765577,0.40904978083723387,350,270,350,74.20348362789154,0.7714285714285715,0.4385999999989565,1.279600000003711,2.525261929313269,(gap/tau_g)^2+(speed/tau_v)^2+(lateral/tau_y)^2,False
fixed_at_2.0_s,2.1,5129,True,Proposed,service,1,aware,none,0.2,0.55,2,0.6803765934137017,1.3803028647910605,0.16628558460107107,1.78952992597565,20.11459149576624,0.4113663201579344,350,257,350,74.2266442571503,0.7342857142857143,0.3924000000061767,0.6929999999982783,2.4862867898472962,(gap/tau_g)^2+(speed/tau_v)^2+(lateral/tau_y)^2,False
fixed_at_2.0_s,2.1,5130,True,Proposed,service,1,aware,none,0.2,0.55,2,0.6892078192794555,1.3859140854423402,0.16610311533542332,1.816154697953854,19.607359728284074,0.43613829233458956,350,267,350,74.25437540837311,0.7628571428571429,0.36324999999592933,0.5779000000032397,2.5141922514149826,(gap/tau_g)^2+(speed/tau_v)^2+(lateral/tau_y)^2,False
fixed_at_2.0_s,2.2,5101,True,Proposed,service,1,aware,none,0.2,0.55,2,0.7259980706600702,1.3853886115217102,0.16590937258228325,1.8032962068138647,22.58642354371367,0.43818602297984743,350,251,350,74.29960903454256,0.7171428571428572,0.3793999999999187,1.2764000000018427,2.604402530224773,(gap/tau_g)^2+(speed/tau_v)^2+(lateral/tau_y)^2,False
fixed_at_2.0_s,2.2,5102,False,Proposed,service,1,aware,none,0.2,0.55,2,0.705612648572746,1.4049485299753395,0.16608133652112486,1.7818878407929013,22.497431250056053,0.4704725304534577,350,210,350,74.26671957250511,0.6,0.40134999999708043,0.9131999999993923,2.5817934539274914,(gap/tau_g)^2+(speed/tau_v)^2+(lateral/tau_y)^2,False
fixed_at_2.0_s,2.2,5103,False,Proposed,service,1,aware,none,0.2,0.55,2,0.714102508737623,1.400294748155417,0.1665812410860886,1.7965489578739633,22.84103160902749,0.45515808655984424,350,260,350,74.1737752084454,0.7428571428571429,0.4446499999986031,1.345999999998071,2.6007181143589317,(gap/tau_g)^2+(speed/tau_v)^2+(lateral/tau_y)^2,False
fixed_at_2.0_s,2.2,5104,True,Proposed,service,1,aware,none,0.2,0.55,2,0.7170833951482419,1.3897642506306478,0.16583430018403325,1.8952696790973174,22.645648057584353,0.4286330711248634,350,248,350,74.31729252632843,0.7085714285714285,0.4059500000010985,0.6891999999965037,2.587104947604355,(gap/tau_g)^2+(speed/tau_v)^2+(lateral/tau_y)^2,False
fixed_at_2.0_s,2.2,5105,False,Proposed,service,1,aware,none,0.2,0.55,2,0.6936510750820073,1.412721238460153,0.1657880083018406,1.765836197705984,22.9397921958912,0.39403353308768174,350,227,350,74.32242356158196,0.6485714285714286,0.4010999999977116,1.053499999997598,2.5607783590969353,(gap/tau_g)^2+(speed/tau_v)^2+(lateral/tau_y)^2,False
fixed_at_2.0_s,2.2,5106,False,Proposed,service,1,aware,none,0.2,0.55,2,0.7100212407688978,1.4146364976892942,0.16673014287918803,1.7951620766774576,22.437480900491153,0.4514420567030262,350,250,350,74.14631313042652,0.7142857142857143,0.4197999999995261,1.1556999999982054,2.612223495269797,(gap/tau_g)^2+(speed/tau_v)^2+(lateral/tau_y)^2,False
fixed_at_2.0_s,2.2,5107,False,Proposed,service,1,aware,none,0.2,0.55,2,0.6988172921682013,1.403348880395099,0.1657710484078566,1.7880003401652707,22.793042960253594,0.41485376991350587,350,236,350,74.32174698846745,0.6742857142857143,0.3629499999995289,0.640499999995825,2.5599608185262825,(gap/tau_g)^2+(speed/tau_v)^2+(lateral/tau_y)^2,False
fixed_at_2.0_s,2.2,5108,False,Proposed,service,1,aware,none,0.2,0.55,2,0.7085957418414032,1.4084459112911645,0.16593702584132208,1.761586939595867,22.651804677574077,0.4146815562753968,350,247,350,74.29204516511959,0.7057142857142857,0.39969999999911465,1.1451999999962936,2.59311570752977,(gap/tau_g)^2+(speed/tau_v)^2+(lateral/tau_y)^2,False
fixed_at_2.0_s,2.2,5109,False,Proposed,service,1,aware,none,0.2,0.55,2,0.7041108031434264,1.4102252793362473,0.16560235632266432,1.727993751385024,22.71566235274657,0.44553489238508226,350,243,350,74.35156904644646,0.6942857142857143,0.4294500000021628,1.2821999999985678,2.5816368829864906,(gap/tau_g)^2+(speed/tau_v)^2+(lateral/tau_y)^2,False
fixed_at_2.0_s,2.2,5110,False,Proposed,service,1,aware,none,0.2,0.55,2,0.6917713478633922,1.4145406987234204,0.16591483774378868,1.8059769093820055,22.62532248003383,0.4687004297355595,350,227,350,74.29667501120927,0.6485714285714286,0.4501499999989278,0.7570000000001187,2.559824919608656,(gap/tau_g)^2+(speed/tau_v)^2+(lateral/tau_y)^2,False
fixed_at_2.0_s,2.2,5111,False,Proposed,service,1,aware,none,0.2,0.55,2,0.7028318067084877,1.4156195844246438,0.1652512305771482,1.7887694855635963,22.763634319017292,0.4057939560783551,350,238,350,74.4226287562533,0.68,0.4307499999995912,1.7090000000052896,2.583310817022908,(gap/tau_g)^2+(speed/tau_v)^2+(lateral/tau_y)^2,False
fixed_at_2.0_s,2.2,5112,True,Proposed,service,1,aware,none,0.2,0.55,2,0.703139589144004,1.3857679944949468,0.16567641348603848,1.756899094887527,22.856743704732956,0.4662186802491083,350,251,350,74.33827578161181,0.7171428571428572,0.4150500000044133,1.5514999999979295,2.544931478269413,(gap/tau_g)^2+(speed/tau_v)^2+(lateral/tau_y)^2,False
fixed_at_2.0_s,2.2,5113,False,Proposed,service,1,aware,none,0.2,0.55,2,0.7199304498162744,1.4095187448481319,0.16619671610719447,1.9360460490561409,22.554149968174222,0.40441294018366647,350,240,350,74.24447801875851,0.6857142857142857,0.4443500000022027,1.2813000000022612,2.625600105983366,(gap/tau_g)^2+(speed/tau_v)^2+(lateral/tau_y)^2,False
fixed_at_2.0_s,2.2,5114,True,Proposed,service,1,aware,none,0.2,0.55,2,0.7028917470209562,1.391624505130659,0.1650966709592666,1.8841678336750123,22.490715359400575,0.4169421896414982,350,240,350,74.45390386372995,0.6857142857142857,0.37660000000272476,1.7797000000001617,2.547816780913584,(gap/tau_g)^2+(speed/tau_v)^2+(lateral/tau_y)^2,False
fixed_at_2.0_s,2.2,5115,False,Proposed,service,1,aware,none,0.2,0.55,2,0.7069350123357306,1.4048673786016943,0.16558988647069287,1.8118979250327083,22.47384990665399,0.42875501407649597,350,248,350,74.35298683447982,0.7085714285714285,0.40100000000364844,0.8648999999962825,2.580922835379224,(gap/tau_g)^2+(speed/tau_v)^2+(lateral/tau_y)^2,False
fixed_at_2.0_s,2.2,5116,True,Proposed,service,1,aware,none,0.2,0.55,2,0.6945100495788192,1.3854794230525778,0.16532900113323604,1.791939567979285,22.60272179312966,0.4047898623517099,350,261,350,74.40798774191745,0.7457142857142857,0.3869500000028836,0.5676999999977284,2.5202066750579113,(gap/tau_g)^2+(speed/tau_v)^2+(lateral/tau_y)^2,False
fixed_at_2.0_s,2.2,5117,False,Proposed,service,1,aware,none,0.2,0.55,2,0.7115072420311529,1.413410337793758,0.1654453582189503,1.7594446155354924,22.697969788125526,0.45760750605050515,350,247,350,74.37629917164868,0.7057142857142857,0.3933499999995149,1.3585000000020386,2.6035403082446638,(gap/tau_g)^2+(speed/tau_v)^2+(lateral/tau_y)^2,False
fixed_at_2.0_s,2.2,5118,True,Proposed,service,1,aware,none,0.2,0.55,2,0.7253583619995518,1.3888323820301567,0.16598487473454424,1.8032480849441215,22.43139600568081,0.39755788046393736,350,253,350,74.28357546506358,0.7228571428571429,0.41909999999845127,0.934800000003122,2.6082528068652113,(gap/tau_g)^2+(speed/tau_v)^2+(lateral/tau_y)^2,False
fixed_at_2.0_s,2.2,5119,False,Proposed,service,1,aware,none,0.2,0.55,2,0.707874877391579,1.4009114148179371,0.1663927391178183,1.7861880523949232,22.73517407369171,0.44245946067632513,350,217,350,74.20809809745667,0.62,0.4635999999962337,0.995600000003094,2.5842870882808864,(gap/tau_g)^2+(speed/tau_v)^2+(lateral/tau_y)^2,False
fixed_at_2.0_s,2.2,5120,True,Proposed,service,1,aware,none,0.2,0.55,2,0.7140972546348061,1.3944364323009646,0.16618141215927487,1.949393061362617,22.65341095077907,0.35404082094547273,350,235,350,74.24482172911281,0.6714285714285714,0.41070000000331675,1.8710000000012883,2.5890252962327365,(gap/tau_g)^2+(speed/tau_v)^2+(lateral/tau_y)^2,False
fixed_at_2.0_s,2.2,5121,True,Proposed,service,1,aware,none,0.2,0.55,2,0.7117009980602997,1.3922571657190648,0.1653711923271585,1.8003356556500258,22.310670009099233,0.4194267736653854,350,266,350,74.4033814610967,0.76,0.42010000000303194,1.242100000006019,2.573137173647299,(gap/tau_g)^2+(speed/tau_v)^2+(lateral/tau_y)^2,False
fixed_at_2.0_s,2.2,5122,True,Proposed,service,1,aware,none,0.2,0.55,2,0.7247464439715674,1.3871269095208023,0.1655025795218787,1.834491926758276,22.648912416051566,0.43475553097436337,350,264,350,74.3766353294211,0.7542857142857143,0.44904999999673123,1.249799999996526,2.600262963310846,(gap/tau_g)^2+(speed/tau_v)^2+(lateral/tau_y)^2,False
fixed_at_2.0_s,2.2,5123,False,Proposed,service,1,aware,none,0.2,0.55,2,0.7215562801922113,1.4005450295690482,0.16593404404007706,1.8005538311843867,22.246868686355917,0.4471863983300005,350,229,350,74.29190169252641,0.6542857142857142,0.3683999999992693,0.8142999999947165,2.6147198226013626,(gap/tau_g)^2+(speed/tau_v)^2+(lateral/tau_y)^2,False
fixed_at_2.0_s,2.2,5124,True,Proposed,service,1,aware,none,0.2,0.55,2,0.737458428922227,1.3907615564441211,0.16626003126856775,1.8849928682926822,22.651310322623623,0.43216226128500945,350,264,350,74.23226962478671,0.7542857142857143,0.4000499999996521,1.3047999999997728,2.6447411576662025,(gap/tau_g)^2+(speed/tau_v)^2+(lateral/tau_y)^2,False
fixed_at_2.0_s,2.2,5125,False,Proposed,service,1,aware,none,0.2,0.55,2,0.698326864761917,1.4072185460790594,0.16600973052433335,1.7340549081498013,22.240029190837873,0.4378188687851906,350,251,350,74.27293049248547,0.7171428571428572,0.3855999999977655,2.24879999999672,2.5662713999011064,(gap/tau_g)^2+(speed/tau_v)^2+(lateral/tau_y)^2,False
fixed_at_2.0_s,2.2,5126,False,Proposed,service,1,aware,none,0.2,0.55,2,0.7204580877115762,1.4018962079869584,0.16607651945736232,1.8876633033228747,22.687566500130558,0.42493853338746446,350,257,350,74.26387691573635,0.7342857142857143,0.4847499999982574,1.3380999999981213,2.6150190385200576,(gap/tau_g)^2+(speed/tau_v)^2+(lateral/tau_y)^2,False
fixed_at_2.0_s,2.2,5127,True,Proposed,service,1,aware,none,0.2,0.55,2,0.7110189234106301,1.3929662639541183,0.16562668787108425,1.8007185408805009,22.663834636156146,0.43587021129251224,350,266,350,74.34806780636757,0.76,0.4078500000019858,1.1493999999956372,2.574533879598497,(gap/tau_g)^2+(speed/tau_v)^2+(lateral/tau_y)^2,False
fixed_at_2.0_s,2.2,5128,False,Proposed,service,1,aware,none,0.2,0.55,2,0.7193335477629189,1.40678101324463,0.16608079496723605,1.859338195738805,22.73310454047413,0.43614964892385766,350,261,350,74.26518948409114,0.7457142857142857,0.4020000000011237,0.8995999999967808,2.6191760553659322,(gap/tau_g)^2+(speed/tau_v)^2+(lateral/tau_y)^2,False
fixed_at_2.0_s,2.2,5129,False,Proposed,service,1,aware,none,0.2,0.55,2,0.6989714023011901,1.4021495179506764,0.16597352397752033,1.7792905202094813,22.804994012833603,0.426562937159352,350,257,350,74.28661773421275,0.7342857142857143,0.43920000000241544,1.3980000000017867,2.560306290468188,(gap/tau_g)^2+(speed/tau_v)^2+(lateral/tau_y)^2,False
fixed_at_2.0_s,2.2,5130,False,Proposed,service,1,aware,none,0.2,0.55,2,0.7191480176402092,1.4005122611226655,0.16579718587942147,1.8008445708302736,22.493630686568487,0.448974251332,350,276,350,74.3151483622709,0.7885714285714286,0.3950999999986493,0.7664999999974498,2.6073698222270885,(gap/tau_g)^2+(speed/tau_v)^2+(lateral/tau_y)^2,False
fixed_at_2.0_s,2.3,5101,False,Proposed,service,1,aware,none,0.2,0.55,2,0.7465730067796802,1.4115456789129002,0.16562550838223053,1.939374098830533,25.58621948516508,0.4288971552472952,350,258,350,74.35483100600403,0.7371428571428571,0.4004000000001895,0.8320000000026084,2.693239294409647,(gap/tau_g)^2+(speed/tau_v)^2+(lateral/tau_y)^2,False
fixed_at_2.0_s,2.3,5102,False,Proposed,service,1,aware,none,0.2,0.55,2,0.7120264274602456,1.4294885015365957,0.16574969955037233,1.876917553435414,25.158958140184886,0.4042755612659703,350,226,350,74.32986067045452,0.6457142857142857,0.4652499999977522,1.1211000000059812,2.630694843938016,(gap/tau_g)^2+(speed/tau_v)^2+(lateral/tau_y)^2,False
fixed_at_2.0_s,2.3,5103,False,Proposed,service,1,aware,none,0.2,0.55,2,0.7236951766810175,1.4263186551815104,0.16623600453374204,1.7963158775545984,24.91316564173048,0.37216712264167406,350,267,350,74.23811634169341,0.7628571428571429,0.4101499999968894,1.268699999997125,2.6598956394663276,(gap/tau_g)^2+(speed/tau_v)^2+(lateral/tau_y)^2,False
fixed_at_2.0_s,2.3,5104,False,Proposed,service,1,aware,none,0.2,0.55,2,0.7245854219570721,1.41594514324363,0.16552182362507398,1.7896419909701995,25.194382878925154,0.44678069302116885,350,258,350,74.37879050131848,0.7371428571428571,0.4236999999989166,1.350600000002089,2.641221406560009,(gap/tau_g)^2+(speed/tau_v)^2+(lateral/tau_y)^2,False
fixed_at_2.0_s,2.3,5105,False,Proposed,service,1,aware,none,0.2,0.55,2,0.7345259770693622,1.4216643452369206,0.16551327369468788,1.7868278959146577,25.50773867227985,0.42630078771057334,350,248,350,74.37746864386281,0.7085714285714285,0.3855499999971812,0.9128999999958864,2.675216239540013,(gap/tau_g)^2+(speed/tau_v)^2+(lateral/tau_y)^2,False
fixed_at_2.0_s,2.3,5106,False,Proposed,service,1,aware,none,0.2,0.55,2,0.7338884483040803,1.436208736520698,0.16641835998427867,1.8592200950755207,25.108092040610323,0.4485112120919943,350,273,350,74.20542274807646,0.78,0.39555000000035534,2.3131000000020663,2.7022697859762546,(gap/tau_g)^2+(speed/tau_v)^2+(lateral/tau_y)^2,False
fixed_at_2.0_s,2.3,5107,False,Proposed,service,1,aware,none,0.2,0.55,2,0.7296383250707471,1.4214194158716686,0.16546934477969893,1.9167012561017858,25.106612478210877,0.3931975630288874,350,254,350,74.37880435216778,0.7257142857142858,0.4209000000017227,1.2420000000048503,2.661775107264072,(gap/tau_g)^2+(speed/tau_v)^2+(lateral/tau_y)^2,False
fixed_at_2.0_s,2.3,5108,False,Proposed,service,1,aware,none,0.2,0.55,2,0.715983667165713,1.4333295510623378,0.16562723998940984,1.7570314297659995,25.221383569217082,0.4320205794495591,350,248,350,74.3519987593076,0.7085714285714285,0.4038500000049794,1.444599999999241,2.64533683997228,(gap/tau_g)^2+(speed/tau_v)^2+(lateral/tau_y)^2,False
fixed_at_2.0_s,2.3,5109,False,Proposed,service,1,aware,none,0.2,0.55,2,0.7226841122613398,1.4276005293578171,0.1652851944116431,1.702828370490831,25.509339325140814,0.47551583381711293,350,239,350,74.41013051099561,0.6828571428571428,0.39574999999913985,1.0562000000007288,2.6512820182316887,(gap/tau_g)^2+(speed/tau_v)^2+(lateral/tau_y)^2,False
fixed_at_2.0_s,2.3,5110,False,Proposed,service,1,aware,none,0.2,0.55,2,0.7324080196723363,1.424101387199695,0.16560414315186936,1.8266114238781561,25.24604214225402,0.45176491628396753,350,233,350,74.35563043990392,0.6657142857142857,0.3907000000040739,1.295200000001273,2.6739834597815384,(gap/tau_g)^2+(speed/tau_v)^2+(lateral/tau_y)^2,False
fixed_at_2.0_s,2.3,5111,False,Proposed,service,1,aware,none,0.2,0.55,2,0.7148249795940587,1.436174300105516,0.16492456817584425,1.7505910186232005,25.145923783877386,0.4482933616899165,350,231,350,74.4865339881465,0.66,0.40754999999847996,0.9013999999964994,2.6407476022663703,(gap/tau_g)^2+(speed/tau_v)^2+(lateral/tau_y)^2,False
fixed_at_2.0_s,2.3,5112,False,Proposed,service,1,aware,none,0.2,0.55,2,0.7238037849711121,1.4093312266636702,0.16537834766293438,1.840036886306727,25.642372986396097,0.42514406555573747,350,244,350,74.39790066965371,0.6971428571428572,0.5227499999982399,1.2788999999955308,2.628488106883283,(gap/tau_g)^2+(speed/tau_v)^2+(lateral/tau_y)^2,False
fixed_at_2.0_s,2.3,5113,False,Proposed,service,1,aware,none,0.2,0.55,2,0.7324106707250196,1.42963689125705,0.16589355951482102,1.819633391350982,25.366081975129966,0.4536711464204234,350,230,350,74.30450703658029,0.6571428571428571,0.49860000000023774,1.5831000000048334,2.684448517493006,(gap/tau_g)^2+(speed/tau_v)^2+(lateral/tau_y)^2,False
fixed_at_2.0_s,2.3,5114,False,Proposed,service,1,aware,none,0.2,0.55,2,0.7153372633832399,1.412815006470736,0.1647505113661337,1.8446129859800053,25.28883113192569,0.43658419297689555,350,247,350,74.52202210285273,0.7057142857142857,0.402449999999277,1.7796000000060985,2.6066612600688464,(gap/tau_g)^2+(speed/tau_v)^2+(lateral/tau_y)^2,False
fixed_at_2.0_s,2.3,5115,False,Proposed,service,1,aware,none,0.2,0.55,2,0.7379821509701565,1.4196524841924696,0.1653301311897911,1.8069872895403136,25.184253387309283,0.4021227120127797,350,247,350,74.40326117028208,0.7057142857142857,0.3981000000017332,0.9437000000005469,2.6798325001999737,(gap/tau_g)^2+(speed/tau_v)^2+(lateral/tau_y)^2,False
fixed_at_2.0_s,2.3,5116,False,Proposed,service,1,aware,none,0.2,0.55,2,0.715374822644095,1.403355927656747,0.16502732692535038,1.831513905052334,25.44884601405166,0.41303697697870656,350,268,350,74.4666941142788,0.7657142857142857,0.3932000000013147,1.358799999998439,2.5954479708793214,(gap/tau_g)^2+(speed/tau_v)^2+(lateral/tau_y)^2,False
fixed_at_2.0_s,2.3,5117,False,Proposed,service,1,aware,none,0.2,0.55,2,0.7286934377670747,1.4334152353542096,0.16514185352557814,1.7487577440111042,25.371420380356525,0.45874564614253943,350,245,350,74.43376821342382,0.7,0.38449999999912166,0.9907000000026756,2.674091085550608,(gap/tau_g)^2+(speed/tau_v)^2+(lateral/tau_y)^2,False
fixed_at_2.0_s,2.3,5118,False,Proposed,service,1,aware,none,0.2,0.55,2,0.7410267808636534,1.408580339259941,0.16568411197610855,1.7789979131595983,25.1580519144797,0.4713514944881182,350,253,350,74.34203441577867,0.7228571428571429,0.3984999999993022,1.210499999999115,2.674790373828883,(gap/tau_g)^2+(speed/tau_v)^2+(lateral/tau_y)^2,False
fixed_at_2.0_s,2.3,5119,False,Proposed,service,1,aware,none,0.2,0.55,2,0.7291060987872844,1.4229894429957821,0.1660609597989696,1.8047588680413293,25.39099660287807,0.41160330425316005,350,229,350,74.26957650067989,0.6542857142857142,0.3984999999993022,1.2359999999986826,2.667576798975043,(gap/tau_g)^2+(speed/tau_v)^2+(lateral/tau_y)^2,False
fixed_at_2.0_s,2.3,5120,False,Proposed,service,1,aware,none,0.2,0.55,2,0.7226069531070675,1.4157864964323772,0.16584443525840933,1.794325055059287,24.9019532228709,0.4191228010958683,350,224,350,74.30892767712804,0.64,0.4172000000011167,1.1017999999936023,2.6385745872398805,(gap/tau_g)^2+(speed/tau_v)^2+(lateral/tau_y)^2,False
fixed_at_2.0_s,2.3,5121,False,Proposed,service,1,aware,none,0.2,0.55,2,0.724232413168643,1.4190486644025766,0.1650654035520578,1.784457990835816,25.477920724447884,0.4093792573498525,350,249,350,74.46130731918065,0.7114285714285714,0.41070000000331675,1.374500000004275,2.64102901595446,(gap/tau_g)^2+(speed/tau_v)^2+(lateral/tau_y)^2,False
fixed_at_2.0_s,2.3,5122,False,Proposed,service,1,aware,none,0.2,0.55,2,0.7378921181785864,1.4088344707513594,0.16519607906873315,1.839799582551422,25.389070469968352,0.4255088763843724,350,257,350,74.4366919852462,0.7342857142857143,0.4096000000011202,1.586400000000765,2.6628770451288757,(gap/tau_g)^2+(speed/tau_v)^2+(lateral/tau_y)^2,False
fixed_at_2.0_s,2.3,5123,False,Proposed,service,1,aware,none,0.2,0.55,2,0.7434544491040951,1.4179935563161534,0.16563187748864683,1.7495461519718751,25.152942458124762,0.47314971533774963,350,246,350,74.34960552764583,0.7028571428571428,0.4176999999998543,1.653500000003305,2.694339604394788,(gap/tau_g)^2+(speed/tau_v)^2+(lateral/tau_y)^2,False
fixed_at_2.0_s,2.3,5124,False,Proposed,service,1,aware,none,0.2,0.55,2,0.7481015054106731,1.4181293487744857,0.1659553613946081,1.873111867917569,25.364280446430072,0.3971264726484497,350,271,350,74.28712250867268,0.7742857142857142,0.4028500000003987,0.8617000000015196,2.7095400648944716,(gap/tau_g)^2+(speed/tau_v)^2+(lateral/tau_y)^2,False
fixed_at_2.0_s,2.3,5125,False,Proposed,service,1,aware,none,0.2,0.55,2,0.7194203581966534,1.4235157852872626,0.16572470946913404,1.7627509414799856,25.043486773819545,0.4840189513718426,350,250,350,74.32892401223948,0.7142857142857143,0.4026500000016142,1.3274000000009778,2.6406098153429074,(gap/tau_g)^2+(speed/tau_v)^2+(lateral/tau_y)^2,False
fixed_at_2.0_s,2.3,5126,False,Proposed,service,1,aware,none,0.2,0.55,2,0.735096414494473,1.421175632709431,0.16575103821318038,1.9177876790963768,24.666297854554564,0.4109174913668494,350,256,350,74.3253934774375,0.7314285714285714,0.44115000000033433,1.0082000000011249,2.6779668296235517,(gap/tau_g)^2+(speed/tau_v)^2+(lateral/tau_y)^2,False
fixed_at_2.0_s,2.3,5127,False,Proposed,service,1,aware,none,0.2,0.55,2,0.7332676654944152,1.4106451982200405,0.1652867169229317,1.8097981697795489,25.32660746279833,0.43729489546793066,350,252,350,74.41080907357954,0.72,0.4372000000003595,1.1610999999973615,2.654135879831942,(gap/tau_g)^2+(speed/tau_v)^2+(lateral/tau_y)^2,False
fixed_at_2.0_s,2.3,5128,False,Proposed,service,1,aware,none,0.2,0.55,2,0.7392009496783941,1.4289189524405286,0.1657811949897186,1.8526966161974385,25.50692424997691,0.4418980398701289,350,251,350,74.32350860521574,0.7171428571428572,0.45094999999761853,0.8596999999994637,2.70023444715379,(gap/tau_g)^2+(speed/tau_v)^2+(lateral/tau_y)^2,False
fixed_at_2.0_s,2.3,5129,False,Proposed,service,1,aware,none,0.2,0.55,2,0.727021045425973,1.4197278636479893,0.16572474866032785,1.9314954701159388,25.0804388515418,0.33989634701083804,350,253,350,74.33680278141438,0.7228571428571429,0.41514999999847646,1.4059000000017363,2.6546600479181013,(gap/tau_g)^2+(speed/tau_v)^2+(lateral/tau_y)^2,False
fixed_at_2.0_s,2.3,5130,False,Proposed,service,1,aware,none,0.2,0.55,2,0.7344322802645424,1.423936048389803,0.16547201120147187,1.8285385872334963,25.226104587102256,0.4164801709216601,350,269,350,74.37583487262309,0.7685714285714286,0.3677499999987788,1.1322000000006938,2.6779282626740963,(gap/tau_g)^2+(speed/tau_v)^2+(lateral/tau_y)^2,False
fixed_at_2.0_s,2.4,5101,False,Proposed,service,1,aware,none,0.2,0.55,2,0.7464796445277991,1.4396386923942792,0.1653100060185658,1.8948158837889648,27.948519394734454,0.4123474893629896,350,252,350,74.41647823322606,0.72,0.3964500000002147,1.4757000000003018,2.73124771878632,(gap/tau_g)^2+(speed/tau_v)^2+(lateral/tau_y)^2,False
fixed_at_2.0_s,2.4,5102,False,Proposed,service,1,aware,none,0.2,0.55,2,0.7408447369134842,1.4429513120049715,0.16544306810524237,1.8443304949054922,27.868937179197673,0.42851909832299795,350,232,350,74.3898438303934,0.6628571428571428,0.40550000000294517,0.6769000000019787,2.7223204453758756,(gap/tau_g)^2+(speed/tau_v)^2+(lateral/tau_y)^2,False
fixed_at_2.0_s,2.4,5103,False,Proposed,service,1,aware,none,0.2,0.55,2,0.7518652973181486,1.4367162919378194,0.16592620689522528,1.7943009499509464,27.83346715855081,0.45539681223717243,350,274,350,74.29802203621247,0.7828571428571428,0.39910000000276113,1.2224999999972397,2.7464076096833105,(gap/tau_g)^2+(speed/tau_v)^2+(lateral/tau_y)^2,False
fixed_at_2.0_s,2.4,5104,False,Proposed,service,1,aware,none,0.2,0.55,2,0.7473298755873667,1.4324221390772114,0.1652326638096456,1.9145245150535068,27.973504217930525,0.28223298971351396,350,260,350,74.43387775030283,0.7428571428571429,0.6413499999986527,1.6159000000044443,2.7222918383255603,(gap/tau_g)^2+(speed/tau_v)^2+(lateral/tau_y)^2,False
fixed_at_2.0_s,2.4,5105,False,Proposed,service,1,aware,none,0.2,0.55,2,0.7441199077068696,1.446744215162625,0.16518155581908694,1.800507698880267,28.396394569105,0.4685975093557653,350,237,350,74.44123526069086,0.6771428571428572,0.4045999999995331,1.13449999999915,2.7343971381821,(gap/tau_g)^2+(speed/tau_v)^2+(lateral/tau_y)^2,False
fixed_at_2.0_s,2.4,5106,False,Proposed,service,1,aware,none,0.2,0.55,2,0.7508570623805658,1.4551801463788097,0.16611317800619413,1.8771532275325236,27.938797289792923,0.4836658590871754,350,275,350,74.26342526344543,0.7857142857142857,0.3755000000005282,1.1360000000024684,2.7725087779432034,(gap/tau_g)^2+(speed/tau_v)^2+(lateral/tau_y)^2,False
fixed_at_2.0_s,2.4,5107,False,Proposed,service,1,aware,none,0.2,0.55,2,0.7483379847263097,1.4392982646586125,0.1651769517237234,1.8807385049665182,27.8346402495256,0.386052978321741,350,248,350,74.43643998820193,0.7085714285714285,0.552999999996473,1.7160999999958904,2.734586818131527,(gap/tau_g)^2+(speed/tau_v)^2+(lateral/tau_y)^2,False
fixed_at_2.0_s,2.4,5108,False,Proposed,service,1,aware,none,0.2,0.55,2,0.7371714400390913,1.4515696548503445,0.1653293977697865,1.7601491251531225,27.95611362142978,0.4331441131500884,350,256,350,74.40929517156678,0.7314285714285714,0.4021999999963555,0.9547000000011963,2.7244561104855363,(gap/tau_g)^2+(speed/tau_v)^2+(lateral/tau_y)^2,False
fixed_at_2.0_s,2.4,5109,False,Proposed,service,1,aware,none,0.2,0.55,2,0.7554033320514884,1.4389765897165872,0.16499805478723492,1.7706847359764766,27.861590731860332,0.41155141871319156,350,264,350,74.46762820849821,0.7542857142857143,0.3606500000010726,0.7623999999992748,2.751525673061362,(gap/tau_g)^2+(speed/tau_v)^2+(lateral/tau_y)^2,False
fixed_at_2.0_s,2.4,5110,False,Proposed,service,1,aware,none,0.2,0.55,2,0.7405700215643259,1.4467285042020244,0.16532129246094582,1.8399762339552794,28.026495273033305,0.45211719914439163,350,231,350,74.41168757980448,0.66,0.539099999997461,0.9853999999975827,2.726158786059729,(gap/tau_g)^2+(speed/tau_v)^2+(lateral/tau_y)^2,False
fixed_at_2.0_s,2.4,5111,False,Proposed,service,1,aware,none,0.2,0.55,2,0.73745555308885,1.4523621290272575,0.16466773405889645,1.7626789752345997,28.209567233308093,0.4473886189426026,350,236,350,74.53664894837267,0.6742857142857143,0.41270000000181994,2.5252999999949566,2.720916379501362,(gap/tau_g)^2+(speed/tau_v)^2+(lateral/tau_y)^2,False
fixed_at_2.0_s,2.4,5112,False,Proposed,service,1,aware,none,0.2,0.55,2,0.7369451105222363,1.4329232460013437,0.16508802767306663,1.8359143292305826,28.206456892556318,0.42625480730773047,350,245,350,74.4544757874793,0.7,0.5683500000017716,1.2448000000020443,2.6944276095820046,(gap/tau_g)^2+(speed/tau_v)^2+(lateral/tau_y)^2,False
fixed_at_2.0_s,2.4,5113,False,Proposed,service,1,aware,none,0.2,0.55,2,0.7514684877740888,1.4507935963437089,0.16559358076604702,1.8263001250562572,28.021181001323015,0.46545866001324954,350,239,350,74.3606375974819,0.6828571428571428,0.4086500000006765,0.8417000000022767,2.763329252499295,(gap/tau_g)^2+(speed/tau_v)^2+(lateral/tau_y)^2,False
fixed_at_2.0_s,2.4,5114,False,Proposed,service,1,aware,none,0.2,0.55,2,0.7289292347771796,1.435917403140697,0.16443915452876423,1.8917093228492412,27.787768460852313,0.3963975029981541,350,241,350,74.58153612109712,0.6885714285714286,0.4142000000015855,1.4195000000043478,2.6725752437138985,(gap/tau_g)^2+(speed/tau_v)^2+(lateral/tau_y)^2,False
fixed_at_2.0_s,2.4,5115,False,Proposed,service,1,aware,none,0.2,0.55,2,0.75460770803307,1.4383090758562993,0.16504884983936216,1.891097649229654,27.831867042271462,0.4407202021887272,350,256,350,74.46120102111585,0.7314285714285714,0.5519000000013818,1.2886999999963678,2.748829055436392,(gap/tau_g)^2+(speed/tau_v)^2+(lateral/tau_y)^2,False
fixed_at_2.0_s,2.4,5116,False,Proposed,service,1,aware,none,0.2,0.55,2,0.7359625391602622,1.4202570196045734,0.16474403245590943,1.7799324136684374,28.063222202888795,0.4079064926055411,350,254,350,74.52158121435721,0.7257142857142858,0.39935000000212995,1.7445000000009259,2.6705799485658788,(gap/tau_g)^2+(speed/tau_v)^2+(lateral/tau_y)^2,False
fixed_at_2.0_s,2.4,5117,False,Proposed,service,1,aware,none,0.2,0.55,2,0.7459682831447095,1.44904640457004,0.16489806087811176,1.7748947137489604,28.097484025938876,0.4785852506748499,350,246,350,74.48890578716663,0.7028571428571428,0.40194999999698666,0.938500000003728,2.7403555279736573,(gap/tau_g)^2+(speed/tau_v)^2+(lateral/tau_y)^2,False
fixed_at_2.0_s,2.4,5118,False,Proposed,service,1,aware,none,0.2,0.55,2,0.7556365567428668,1.4328911561675433,0.16541696902742234,1.8900027042626948,27.826561616607243,0.40894918291646265,350,251,350,74.39090455317252,0.7171428571428572,0.4023499999981084,0.9213000000016791,2.7466959595022007,(gap/tau_g)^2+(speed/tau_v)^2+(lateral/tau_y)^2,False
fixed_at_2.0_s,2.4,5119,False,Proposed,service,1,aware,none,0.2,0.55,2,0.7473647109280748,1.4405873411356072,0.16577306277170234,1.7513105354167158,28.28478720434294,0.4813420927327058,350,219,350,74.3277809703265,0.6257142857142857,0.45679999999848064,1.071600000003059,2.7388250087632784,(gap/tau_g)^2+(speed/tau_v)^2+(lateral/tau_y)^2,False
fixed_at_2.0_s,2.4,5120,False,Proposed,service,1,aware,none,0.2,0.55,2,0.745820708454371,1.4320600799947945,0.16554504929775457,1.83551197703646,28.057366938248826,0.41855849662399114,350,224,350,74.36863403304264,0.64,0.5884499999986303,1.4518999999992843,2.720339884631273,(gap/tau_g)^2+(speed/tau_v)^2+(lateral/tau_y)^2,False
fixed_at_2.0_s,2.4,5121,False,Proposed,service,1,aware,none,0.2,0.55,2,0.7467980017052077,1.4369556664274115,0.1647689066900561,1.9597797474321341,27.571086462328942,0.39421083205700946,350,262,350,74.51908601169049,0.7485714285714286,0.3988999999968712,0.9801999999936584,2.723689986118165,(gap/tau_g)^2+(speed/tau_v)^2+(lateral/tau_y)^2,False
fixed_at_2.0_s,2.4,5122,False,Proposed,service,1,aware,none,0.2,0.55,2,0.7542625767390879,1.4305571278641245,0.1648938221937959,1.764107869824227,28.12770201380637,0.4473263489038256,350,260,350,74.49265270462143,0.7428571428571429,0.4535499999995807,1.209599999995703,2.7352779244639915,(gap/tau_g)^2+(speed/tau_v)^2+(lateral/tau_y)^2,False
fixed_at_2.0_s,2.4,5123,False,Proposed,service,1,aware,none,0.2,0.55,2,0.7422895825072946,1.4445700198473335,0.16532473146676716,1.8095408351975093,27.716829836822264,0.40137556555691056,350,237,350,74.40867630395047,0.6771428571428572,0.45319999999904326,1.028099999999199,2.727536217926755,(gap/tau_g)^2+(speed/tau_v)^2+(lateral/tau_y)^2,False
fixed_at_2.0_s,2.4,5124,False,Proposed,service,1,aware,none,0.2,0.55,2,0.76169051942308,1.438516068978449,0.16565775355627826,1.8602688879897946,28.129860482692642,0.43222363090168414,350,265,350,74.34692658940506,0.7571428571428571,0.42445000000412847,2.09509999999824,2.773259804158687,(gap/tau_g)^2+(speed/tau_v)^2+(lateral/tau_y)^2,False
fixed_at_2.0_s,2.4,5125,False,Proposed,service,1,aware,none,0.2,0.55,2,0.760790599944801,1.4307244043605853,0.16539355102219883,1.8476612711640672,27.93386836050712,0.45512893702023116,350,247,350,74.39353822245359,0.7057142857142857,0.40900000000121395,0.6802999999990789,2.7572312336565385,(gap/tau_g)^2+(speed/tau_v)^2+(lateral/tau_y)^2,False
fixed_at_2.0_s,2.4,5126,False,Proposed,service,1,aware,none,0.2,0.55,2,0.7509088939672242,1.441853644206162,0.16542598812476392,1.9370955614609036,27.83817256609776,0.4122694877078801,350,266,350,74.38881194699292,0.76,0.3969999999995366,0.9110000000021046,2.74725378335555,(gap/tau_g)^2+(speed/tau_v)^2+(lateral/tau_y)^2,False
fixed_at_2.0_s,2.4,5127,False,Proposed,service,1,aware,none,0.2,0.55,2,0.7514741889454553,1.4304906990412511,0.16500251450095949,1.7998418696388891,28.122163837504942,0.46695061330048526,350,252,350,74.46752838847203,0.72,0.4097999999999047,3.2469000000006076,2.7286132482475773,(gap/tau_g)^2+(speed/tau_v)^2+(lateral/tau_y)^2,False
fixed_at_2.0_s,2.4,5128,False,Proposed,service,1,aware,none,0.2,0.55,2,0.7530042961136332,1.4500147853344558,0.16545417978113716,1.8016875548235516,27.95119420815285,0.44678491011660826,350,245,350,74.38560457988268,0.7,0.6150000000033629,1.8293000000042525,2.7651306003416183,(gap/tau_g)^2+(speed/tau_v)^2+(lateral/tau_y)^2,False
fixed_at_2.0_s,2.4,5129,False,Proposed,service,1,aware,none,0.2,0.55,2,0.7463301894267284,1.4386812851324084,0.16541921729942743,1.9369446024624772,27.750781103961593,0.33483219397087693,350,252,350,74.39527725804226,0.72,0.39740000000065834,1.0159999999999059,2.730348084453521,(gap/tau_g)^2+(speed/tau_v)^2+(lateral/tau_y)^2,False
fixed_at_2.0_s,2.4,5130,False,Proposed,service,1,aware,none,0.2,0.55,2,0.7630416573647376,1.4382956658371546,0.1652549580144498,1.9354423534351515,28.325305415472435,0.43426758746947725,350,271,350,74.42446938642914,0.7742857142857142,0.38989999999827774,0.8130000000008408,2.7732664926488373,(gap/tau_g)^2+(speed/tau_v)^2+(lateral/tau_y)^2,False
fixed_at_2.0_s,2.5,5101,False,Proposed,service,1,aware,none,0.2,0.55,2,0.7677192761752624,1.4558685473853406,0.16500977902846473,1.9789503214857902,30.486286019681025,0.39964821427017383,350,252,350,74.47465631146969,0.72,0.4748499999998046,1.5821000000002527,2.8099199640728614,(gap/tau_g)^2+(speed/tau_v)^2+(lateral/tau_y)^2,False
fixed_at_2.0_s,2.5,5102,False,Proposed,service,1,aware,none,0.2,0.55,2,0.7575016959625245,1.4629807634379115,0.1651600245433039,1.8213144806539177,30.329909521637845,0.42926114091873335,350,229,350,74.44760280146548,0.6542857142857142,0.43195000000295636,0.8910000000028617,2.7940466932258117,(gap/tau_g)^2+(speed/tau_v)^2+(lateral/tau_y)^2,False
fixed_at_2.0_s,2.5,5103,False,Proposed,service,1,aware,none,0.2,0.55,2,0.7630033485556547,1.4595366967713501,0.16562927635177505,1.7139011701937497,30.6732703041205,0.4783324442014065,350,260,350,74.35659954032434,0.7428571428571429,0.3985499999998865,0.8283999999960656,2.8076635276751913,(gap/tau_g)^2+(speed/tau_v)^2+(lateral/tau_y)^2,False
fixed_at_2.0_s,2.5,5104,False,Proposed,service,1,aware,none,0.2,0.55,2,0.7676826380338769,1.4536392712624033,0.1649533713752568,1.8366511029391943,30.332976675951002,0.3795686283855123,350,262,350,74.4884080829721,0.7485714285714286,0.40404999999665847,0.9279000000006477,2.8060454124924443,(gap/tau_g)^2+(speed/tau_v)^2+(lateral/tau_y)^2,False
fixed_at_2.0_s,2.5,5105,False,Proposed,service,1,aware,none,0.2,0.55,2,0.7568255974842276,1.4644537996777174,0.1648692839237855,1.7891897184839596,31.11852129555308,0.4559112714435902,350,239,350,74.50221122782132,0.6828571428571428,0.39599999999850866,2.5065000000026316,2.7920278308959876,(gap/tau_g)^2+(speed/tau_v)^2+(lateral/tau_y)^2,False
fixed_at_2.0_s,2.5,5106,False,Proposed,service,1,aware,none,0.2,0.55,2,0.7699005957008894,1.4747131482490183,0.16579516885790874,1.84028079068289,30.76120106962039,0.48119403397844585,350,273,350,74.32530298899785,0.78,0.794850000001901,1.5159999999951879,2.8505543214733113,(gap/tau_g)^2+(speed/tau_v)^2+(lateral/tau_y)^2,False
fixed_at_2.0_s,2.5,5107,False,Proposed,service,1,aware,none,0.2,0.55,2,0.7705860260406128,1.4531003202246928,0.1648924649442459,1.8785057375151215,31.063355761159556,0.4182740750385927,350,239,350,74.49364063995759,0.6828571428571428,0.3871500000016681,0.7745999999997366,2.8126837831390077,(gap/tau_g)^2+(speed/tau_v)^2+(lateral/tau_y)^2,False
fixed_at_2.0_s,2.5,5108,False,Proposed,service,1,aware,none,0.2,0.55,2,0.7648078791667844,1.4628145025273303,0.16501764714368147,1.7494350529675458,30.704395427388796,0.40591142046218265,350,243,350,74.4698642136989,0.6942857142857143,0.40169999999761785,0.6585000000001173,2.812396190001797,(gap/tau_g)^2+(speed/tau_v)^2+(lateral/tau_y)^2,False
fixed_at_2.0_s,2.5,5109,False,Proposed,service,1,aware,none,0.2,0.55,2,0.7680821874294124,1.45687944385268,0.1646839424138573,1.7651594318940653,30.73471245832188,0.42876028404047883,350,235,350,74.52458211715373,0.6714285714285714,0.4771999999988452,1.3022999999989793,2.80972745760488,(gap/tau_g)^2+(speed/tau_v)^2+(lateral/tau_y)^2,False
fixed_at_2.0_s,2.5,5110,False,Proposed,service,1,aware,none,0.2,0.55,2,0.7591122417443202,1.4642907873604902,0.16502385432218972,1.8426377706011872,30.714417367216377,0.45274900838184373,350,231,350,74.46932739905857,0.66,0.3934000000000992,0.831599999997934,2.799221549032974,(gap/tau_g)^2+(speed/tau_v)^2+(lateral/tau_y)^2,False
fixed_at_2.0_s,2.5,5111,False,Proposed,service,1,aware,none,0.2,0.55,2,0.7508553122078961,1.4700395748773123,0.1643458789957313,1.7715188920116849,30.877804303904,0.42496449842790807,350,242,350,74.5968326020307,0.6914285714285714,0.4192500000002042,0.850100000000964,2.780080694790699,(gap/tau_g)^2+(speed/tau_v)^2+(lateral/tau_y)^2,False
fixed_at_2.0_s,2.5,5112,False,Proposed,service,1,aware,none,0.2,0.55,2,0.758520947377029,1.4459603623462691,0.16479523933380696,1.8623854679937555,30.556698635426024,0.40493864695697857,350,251,350,74.50949351338012,0.7171428571428572,0.41459999999915453,0.8046999999962168,2.7685237699067944,(gap/tau_g)^2+(speed/tau_v)^2+(lateral/tau_y)^2,False
fixed_at_2.0_s,2.5,5113,False,Proposed,service,1,aware,none,0.2,0.55,2,0.7634465972889218,1.4730482015727735,0.1652717407084389,1.8707839785295373,30.87333439309009,0.3969273811482862,350,225,350,74.42275347261476,0.6428571428571429,0.4000500000032048,0.9821999999957143,2.8261247843673516,(gap/tau_g)^2+(speed/tau_v)^2+(lateral/tau_y)^2,False
fixed_at_2.0_s,2.5,5114,False,Proposed,service,1,aware,none,0.2,0.55,2,0.7486387212495257,1.4529150204856038,0.16419786959799376,1.9151147692300539,30.557350738182002,0.3980278446050727,350,233,350,74.62930217886111,0.6657142857142857,0.6678999999998325,1.639400000001956,2.7474181847360954,(gap/tau_g)^2+(speed/tau_v)^2+(lateral/tau_y)^2,False
fixed_at_2.0_s,2.5,5115,False,Proposed,service,1,aware,none,0.2,0.55,2,0.7636647708061239,1.4609195215239426,0.1647260212417913,1.7955168230013634,30.84769099954668,0.4419589903464348,350,245,350,74.52232265910997,0.7,0.3810999999984688,1.1580000000037671,2.804059249143488,(gap/tau_g)^2+(speed/tau_v)^2+(lateral/tau_y)^2,False
fixed_at_2.0_s,2.5,5116,False,Proposed,service,1,aware,none,0.2,0.55,2,0.7497305237471918,1.4369345146260408,0.16444077155134032,1.8197208185537745,30.557887469216624,0.439942677446291,350,263,350,74.57867895088296,0.7514285714285714,0.3781999999965535,1.077000000002215,2.7287603009584918,(gap/tau_g)^2+(speed/tau_v)^2+(lateral/tau_y)^2,False
fixed_at_2.0_s,2.5,5117,False,Proposed,service,1,aware,none,0.2,0.55,2,0.7659824203648632,1.465113198839706,0.16459349156861647,1.8257109884449974,30.47439460321675,0.43298515240803326,350,242,350,74.54924638641285,0.6914285714285714,0.5513999999990915,0.9275000000030786,2.8155313182371957,(gap/tau_g)^2+(speed/tau_v)^2+(lateral/tau_y)^2,False
fixed_at_2.0_s,2.5,5118,False,Proposed,service,1,aware,none,0.2,0.55,2,0.7735671693196764,1.4489940491323816,0.1651074258336132,1.8517270505826546,30.702062786596805,0.4302476514208631,350,252,350,74.45136922458788,0.72,0.37289999999856605,1.771000000005074,2.816560935891185,(gap/tau_g)^2+(speed/tau_v)^2+(lateral/tau_y)^2,False
fixed_at_2.0_s,2.5,5119,False,Proposed,service,1,aware,none,0.2,0.55,2,0.7646959535955993,1.4609036501841826,0.16547239360648208,1.817193679118878,30.247929454809984,0.45098885489547247,350,221,350,74.38554033751058,0.6314285714285715,0.37305000000031896,0.9002999999978556,2.812998675660271,(gap/tau_g)^2+(speed/tau_v)^2+(lateral/tau_y)^2,False
fixed_at_2.0_s,2.5,5120,False,Proposed,service,1,aware,none,0.2,0.55,2,0.7460432314093873,1.4619366660449378,0.1652254117075542,1.8095771926658237,30.878951803209702,0.41730751259272536,350,239,350,74.42859933628863,0.6828571428571428,0.4459499999995842,1.2419000000036817,2.762400538047323,(gap/tau_g)^2+(speed/tau_v)^2+(lateral/tau_y)^2,False
fixed_at_2.0_s,2.5,5121,False,Proposed,service,1,aware,none,0.2,0.55,2,0.7646902299422319,1.4516319770446964,0.1644745339292088,1.9766962594367052,30.678873476513637,0.3663199567254194,350,252,350,74.57837187078913,0.72,0.3741000000019312,0.7073000000019647,2.790974504212016,(gap/tau_g)^2+(speed/tau_v)^2+(lateral/tau_y)^2,False
fixed_at_2.0_s,2.5,5122,False,Proposed,service,1,aware,none,0.2,0.55,2,0.7678410716856751,1.450976272673666,0.16460428082829545,1.7507085399324276,30.7872587075516,0.45853675578757325,350,264,350,74.54861232076276,0.7542857142857143,0.6827499999992881,1.1999999999972033,2.7996553493189733,(gap/tau_g)^2+(speed/tau_v)^2+(lateral/tau_y)^2,False
fixed_at_2.0_s,2.5,5123,False,Proposed,service,1,aware,none,0.2,0.55,2,0.7725650181142814,1.457400707844829,0.1650056223010899,1.7993018566531167,30.648353990126758,0.4177368328715525,350,226,350,74.4722278891989,0.6457142857142857,0.39205000000208656,0.7078000000007023,2.8254320280434095,(gap/tau_g)^2+(speed/tau_v)^2+(lateral/tau_y)^2,False
fixed_at_2.0_s,2.5,5124,False,Proposed,service,1,aware,none,0.2,0.55,2,0.7914897839120424,1.454617207558187,0.16535407460704382,1.999856822722252,30.81179970700856,0.2772104964545953,350,257,350,74.40679079126056,0.7342857142857143,0.400599999998974,0.8118999999950915,2.876795485100895,(gap/tau_g)^2+(speed/tau_v)^2+(lateral/tau_y)^2,False
fixed_at_2.0_s,2.5,5125,False,Proposed,service,1,aware,none,0.2,0.55,2,0.7727515323040912,1.4545547965292058,0.16509531189690274,1.8599105079149487,30.80108148225714,0.40464944399857505,350,269,350,74.44987644687119,0.7685714285714286,0.491799999998932,1.8876999999974942,2.822456444307552,(gap/tau_g)^2+(speed/tau_v)^2+(lateral/tau_y)^2,False
fixed_at_2.0_s,2.5,5126,False,Proposed,service,1,aware,none,0.2,0.55,2,0.7767054212010223,1.4511840787676655,0.16513815534200058,2.043290399600818,30.610164906836765,0.4123930150267696,350,252,350,74.44856864583714,0.72,0.3659999999996444,0.6982000000022026,2.828704340224121,(gap/tau_g)^2+(speed/tau_v)^2+(lateral/tau_y)^2,False
fixed_at_2.0_s,2.5,5127,False,Proposed,service,1,aware,none,0.2,0.55,2,0.7746790164445331,1.4472725829971005,0.16472157727595746,1.8736216418985012,30.91368435615825,0.4123817189199659,350,258,350,74.52264644173093,0.7371428571428571,0.4346499999989817,1.677600000000723,2.813895836438185,(gap/tau_g)^2+(speed/tau_v)^2+(lateral/tau_y)^2,False
fixed_at_2.0_s,2.5,5128,False,Proposed,service,1,aware,none,0.2,0.55,2,0.775292038417432,1.469011139309505,0.16519284770379972,1.9270981665126585,30.750153976399154,0.32712250567226964,350,269,350,74.43918216143435,0.7685714285714286,0.46275000000051136,1.1529000000010114,2.8518167886589754,(gap/tau_g)^2+(speed/tau_v)^2+(lateral/tau_y)^2,False
fixed_at_2.0_s,2.5,5129,False,Proposed,service,1,aware,none,0.2,0.55,2,0.7599061843543848,1.4580426396697848,0.16508082602894464,1.811104214885976,30.45779733699417,0.46063987684476937,350,248,350,74.45838960575516,0.7085714285714285,0.4346499999989817,1.7941000000050167,2.792519835130578,(gap/tau_g)^2+(speed/tau_v)^2+(lateral/tau_y)^2,False
fixed_at_2.0_s,2.5,5130,False,Proposed,service,1,aware,none,0.2,0.55,2,0.783165757113239,1.4559287024306828,0.16491299473696752,1.9871047904253805,30.428048411140338,0.4187608062432725,350,269,350,74.48921274173046,0.7685714285714286,0.677950000003591,1.6436000000012996,2.8517989872525984,(gap/tau_g)^2+(speed/tau_v)^2+(lateral/tau_y)^2,False
fixed_at_2.0_s,2.6,5101,False,Proposed,service,1,aware,none,0.2,0.55,2,0.7826933878434055,1.4739516841015612,0.16472789824872994,1.9466042209953753,33.187107840841286,0.4185057926696535,350,255,350,74.52945969901194,0.7285714285714285,0.4082499999995548,0.9665000000040891,2.875900063823764,(gap/tau_g)^2+(speed/tau_v)^2+(lateral/tau_y)^2,False
fixed_at_2.0_s,2.6,5102,False,Proposed,service,1,aware,none,0.2,0.55,2,0.7732610261087481,1.4811418827069063,0.16488453051201796,1.8047924499431351,33.673463611893425,0.44512236137927286,350,227,350,74.50030900734579,0.6485714285714286,0.41290000000060445,1.275399999997262,2.8619401863046656,(gap/tau_g)^2+(speed/tau_v)^2+(lateral/tau_y)^2,False
fixed_at_2.0_s,2.6,5103,False,Proposed,service,1,aware,none,0.2,0.55,2,0.7778614112133114,1.4782182237355248,0.16531143103259316,1.7552065723016876,33.416208748499706,0.4801153416658912,350,257,350,74.41682353975041,0.7342857142857143,0.3981999999993491,2.202199999999266,2.8737356363390596,(gap/tau_g)^2+(speed/tau_v)^2+(lateral/tau_y)^2,False
fixed_at_2.0_s,2.6,5104,False,Proposed,service,1,aware,none,0.2,0.55,2,0.7810439968910514,1.4709509117719533,0.16462160017466296,1.8066919705990037,33.118557320763145,0.3855686638669573,350,265,350,74.55246607722871,0.7571428571428571,0.4084000000013077,0.6011999999984141,2.865930899133372,(gap/tau_g)^2+(speed/tau_v)^2+(lateral/tau_y)^2,False
fixed_at_2.0_s,2.6,5105,False,Proposed,service,1,aware,none,0.2,0.55,2,0.7741685057471388,1.481158737903705,0.16457757734475262,1.7998326568977945,33.73365185700444,0.4549000375312622,350,238,350,74.558923607654,0.68,0.36144999999621064,0.6074999999938768,2.8619338885687777,(gap/tau_g)^2+(speed/tau_v)^2+(lateral/tau_y)^2,False
fixed_at_2.0_s,2.6,5106,False,Proposed,service,1,aware,none,0.2,0.55,2,0.7896440331926506,1.488089617089737,0.16548873034363165,1.8986506294099295,33.039550213342004,0.4264521179939187,350,267,350,74.38582741337547,0.7628571428571429,0.3621999999978698,0.6623000000018919,2.922975843819043,(gap/tau_g)^2+(speed/tau_v)^2+(lateral/tau_y)^2,False
fixed_at_2.0_s,2.6,5107,False,Proposed,service,1,aware,none,0.2,0.55,2,0.7856419158895099,1.4725119940226759,0.16459495954351894,1.8738684494415532,33.56276050652851,0.43721029085872587,350,242,350,74.54977210654377,0.6914285714285714,0.37065000000069404,0.7056999999974778,2.8808622303849702,(gap/tau_g)^2+(speed/tau_v)^2+(lateral/tau_y)^2,False
fixed_at_2.0_s,2.6,5108,False,Proposed,service,1,aware,none,0.2,0.55,2,0.7809706566285317,1.4844078852256062,0.16478272540722308,1.7532491247111177,33.39471130564655,0.4340814978108386,350,250,350,74.51583876802083,0.7142857142857143,0.3795500000016716,0.599100000002295,2.887345033828491,(gap/tau_g)^2+(speed/tau_v)^2+(lateral/tau_y)^2,False
fixed_at_2.0_s,2.6,5109,False,Proposed,service,1,aware,none,0.2,0.55,2,0.7761611416693514,1.4809466906547688,0.16441901443958987,1.7898592373941538,33.35069174154586,0.42463428095429945,350,234,350,74.57885475219786,0.6685714285714286,0.35785000000032596,0.9613000000001648,2.8658012465323157,(gap/tau_g)^2+(speed/tau_v)^2+(lateral/tau_y)^2,False
fixed_at_2.0_s,2.6,5110,False,Proposed,service,1,aware,none,0.2,0.55,2,0.7768974647015915,1.4810827480641602,0.16476369042287167,1.7828720789125263,33.34536114152026,0.46763266265499914,350,231,350,74.52117589131551,0.66,0.41514999999847646,1.0107000000019184,2.8708763789720826,(gap/tau_g)^2+(speed/tau_v)^2+(lateral/tau_y)^2,False
fixed_at_2.0_s,2.6,5111,False,Proposed,service,1,aware,none,0.2,0.55,2,0.7687444380668124,1.4871891457845505,0.16408546378906608,1.7330090690459459,33.67955914015136,0.46131621365516284,350,236,350,74.64843464109228,0.6742857142857143,0.3947000000010803,1.836699999998359,2.852145250119328,(gap/tau_g)^2+(speed/tau_v)^2+(lateral/tau_y)^2,False
fixed_at_2.0_s,2.6,5112,False,Proposed,service,1,aware,none,0.2,0.55,2,0.7669181169686724,1.472062926070149,0.16448787905157664,1.8951646208380097,33.21962860253523,0.22830672217796755,350,245,350,74.56932182525993,0.7,0.3719999999987067,0.5668999999954849,2.82762693814077,(gap/tau_g)^2+(speed/tau_v)^2+(lateral/tau_y)^2,False
fixed_at_2.0_s,2.6,5113,False,Proposed,service,1,aware,none,0.2,0.55,2,0.7871705482128442,1.4866593856125019,0.1650058014636415,1.841721490048635,33.20417488649357,0.44945731388724486,350,243,350,74.47544644978382,0.6942857142857143,0.3622000000014225,0.6398000000018556,2.909881268844086,(gap/tau_g)^2+(speed/tau_v)^2+(lateral/tau_y)^2,False
fixed_at_2.0_s,2.6,5114,False,Proposed,service,1,aware,none,0.2,0.55,2,0.7687067732330412,1.4659028495854052,0.16391759056894029,1.8285472958828914,33.28891856754875,0.4273516775493821,350,219,350,74.68595925120873,0.6257142857142857,0.35555000000186965,0.4994999999965444,2.8185941015981486,(gap/tau_g)^2+(speed/tau_v)^2+(lateral/tau_y)^2,False
fixed_at_2.0_s,2.6,5115,False,Proposed,service,1,aware,none,0.2,0.55,2,0.7898076821486267,1.4738118039111128,0.1644576459053271,1.9056435258748434,33.42047597310182,0.4075746606898658,350,260,350,74.57407065393001,0.7428571428571429,0.4136500000022636,0.5716000000006716,2.8933540288614323,(gap/tau_g)^2+(speed/tau_v)^2+(lateral/tau_y)^2,False
fixed_at_2.0_s,2.6,5116,False,Proposed,service,1,aware,none,0.2,0.55,2,0.7652717946998085,1.4537600156260067,0.16413963163633669,1.7830903651017072,33.05286442611091,0.4531545754377838,350,267,350,74.6370539992146,0.7628571428571429,0.3947500000016646,0.7268000000024699,2.792959462934989,(gap/tau_g)^2+(speed/tau_v)^2+(lateral/tau_y)^2,False
fixed_at_2.0_s,2.6,5117,False,Proposed,service,1,aware,none,0.2,0.55,2,0.7773343843380465,1.4870720674505005,0.1642730923581709,1.7810624340485992,33.18477203922436,0.4619793642423936,350,248,350,74.60716442191617,0.7085714285714285,0.3551000000001636,1.0393000000021857,2.877118016020793,(gap/tau_g)^2+(speed/tau_v)^2+(lateral/tau_y)^2,False
fixed_at_2.0_s,2.6,5118,False,Proposed,service,1,aware,none,0.2,0.55,2,0.7819275431288668,1.468793330547981,0.16475677614623957,1.7807094905001761,33.47070684655324,0.46480995810814507,350,252,350,74.5204013187267,0.72,0.40554999999997676,0.5679000000000656,2.866262945664076,(gap/tau_g)^2+(speed/tau_v)^2+(lateral/tau_y)^2,False
fixed_at_2.0_s,2.6,5119,False,Proposed,service,1,aware,none,0.2,0.55,2,0.7816193658510856,1.4750977189317578,0.16515415693472082,1.7999235905232263,33.348624107551636,0.4694086111107081,350,222,350,74.44797553377879,0.6342857142857142,0.37309999999735055,0.5322999999961553,2.878152928999744,(gap/tau_g)^2+(speed/tau_v)^2+(lateral/tau_y)^2,False
fixed_at_2.0_s,2.6,5120,False,Proposed,service,1,aware,none,0.2,0.55,2,0.7702668072469244,1.472495647422748,0.16492346495758597,1.7876923402162388,33.380700130809956,0.41453788592574226,350,225,350,74.48864681987897,0.6428571428571429,0.3639500000005569,0.512000000000512,2.8410154111052908,(gap/tau_g)^2+(speed/tau_v)^2+(lateral/tau_y)^2,False
fixed_at_2.0_s,2.6,5121,False,Proposed,service,1,aware,none,0.2,0.55,2,0.7839738816782168,1.4661927173872351,0.1642025501323134,1.8821136976680652,33.53213856884914,0.3419569408451065,350,261,350,74.6304256103056,0.7457142857142857,0.3722999999986598,0.5250999999972805,2.863507381159956,(gap/tau_g)^2+(speed/tau_v)^2+(lateral/tau_y)^2,False
fixed_at_2.0_s,2.6,5122,False,Proposed,service,1,aware,none,0.2,0.55,2,0.7805567847588102,1.4699698714180902,0.16428259913330212,1.898737129634422,33.470340211457945,0.4049754528291025,350,267,350,74.61078735590321,0.7628571428571429,0.379450000000503,0.47520000000389473,2.860318817898782,(gap/tau_g)^2+(speed/tau_v)^2+(lateral/tau_y)^2,False
fixed_at_2.0_s,2.6,5123,False,Proposed,service,1,aware,none,0.2,0.55,2,0.7831098511583008,1.4780098789385006,0.16473451355692637,1.7181129693545778,33.21615949184302,0.4852365883037608,350,241,350,74.52312255019434,0.6885714285714286,0.376149999997466,0.7919000000029541,2.883225898161739,(gap/tau_g)^2+(speed/tau_v)^2+(lateral/tau_y)^2,False
fixed_at_2.0_s,2.6,5124,False,Proposed,service,1,aware,none,0.2,0.55,2,0.7918745458516726,1.4792502216284238,0.16499630607408633,1.8468474396708003,33.37880178152675,0.37107542615859246,350,248,350,74.47444966539966,0.7085714285714285,0.3743000000007157,0.6880000000037967,2.911796263421934,(gap/tau_g)^2+(speed/tau_v)^2+(lateral/tau_y)^2,False
fixed_at_2.0_s,2.6,5125,False,Proposed,service,1,aware,none,0.2,0.55,2,0.7869800160935128,1.4730720097680896,0.16477403397478219,1.8320318875915007,33.30743821923036,0.4548416590391099,350,265,350,74.51287752561616,0.7571428571428571,0.4196000000007416,0.9248999999940111,2.88691941212381,(gap/tau_g)^2+(speed/tau_v)^2+(lateral/tau_y)^2,False
fixed_at_2.0_s,2.6,5126,False,Proposed,service,1,aware,none,0.2,0.55,2,0.7831833143258161,1.4721243112989884,0.16484382686617996,1.8833285542784373,33.439039834500484,0.32343102099459997,350,259,350,74.50464673985054,0.74,0.404750000001286,0.9300000000038722,2.875472357566621,(gap/tau_g)^2+(speed/tau_v)^2+(lateral/tau_y)^2,False
fixed_at_2.0_s,2.6,5127,False,Proposed,service,1,aware,none,0.2,0.55,2,0.8011397477976525,1.460304627409064,0.1644528393155085,1.8231485503679115,33.59120832426002,0.42906210975011105,350,259,350,74.57455188497835,0.74,0.36880000000039104,1.2855000000016048,2.9051453458446983,(gap/tau_g)^2+(speed/tau_v)^2+(lateral/tau_y)^2,False
fixed_at_2.0_s,2.6,5128,False,Proposed,service,1,aware,none,0.2,0.55,2,0.791287522094196,1.4823391023452246,0.16490999865526018,1.8899592241901877,33.21084343276901,0.4110215279085011,350,262,350,74.49356635994114,0.7485714285714286,0.36685000000247214,0.6017999999983203,2.9140995899210114,(gap/tau_g)^2+(speed/tau_v)^2+(lateral/tau_y)^2,False
fixed_at_2.0_s,2.6,5129,False,Proposed,service,1,aware,none,0.2,0.55,2,0.7905113391233504,1.464813153387022,0.16483584267526344,1.767927888566208,33.1413831332742,0.3927589756050265,350,252,350,74.50734965411274,0.72,0.36769999999819447,0.6494000000003552,2.884952702779904,(gap/tau_g)^2+(speed/tau_v)^2+(lateral/tau_y)^2,False
fixed_at_2.0_s,2.6,5130,False,Proposed,service,1,aware,none,0.2,0.55,2,0.78353161350805,1.4799677019784454,0.16462279700110444,1.8025663397288139,33.4194450198084,0.42416676799928676,350,276,350,74.54216294381719,0.7885714285714286,0.3702499999995723,0.55629999999951,2.886435391077463,(gap/tau_g)^2+(speed/tau_v)^2+(lateral/tau_y)^2,False
